start,end,n,win_rate,mean_pips,pf,total_pips
2021-01-01,2022-01-01,18,0.111,-23.2,0.144,-418.3
2021-04-01,2022-04-01,21,0.143,-13.8,0.493,-289.6
2021-07-01,2022-07-01,20,0.350,5.3,1.235,106.0
2021-10-01,2022-10-01,18,0.278,-3.0,0.901,-53.5
2022-01-01,2023-01-01,17,0.353,-0.5,0.983,-8.8
2022-04-01,2023-04-01,16,0.438,-8.8,0.684,-140.5
2022-07-01,2023-07-01,14,0.357,-6.8,0.788,-94.5
2022-10-01,2023-10-01,12,0.417,2.8,1.108,34.1
2023-01-01,2024-01-01,15,0.533,24.9,2.394,373.1
2023-04-01,2024-04-01,13,0.538,32.6,3.022,423.9
2023-07-01,2024-07-01,13,0.462,7.4,1.431,96.1
2023-10-01,2024-10-01,16,0.500,9.5,1.426,151.3
2024-01-01,2025-01-01,13,0.538,20.3,2.010,263.8
2024-04-01,2025-04-01,16,0.563,36.7,3.218,586.9
2024-07-01,2025-07-01,21,0.524,22.0,1.937,461.7
2024-10-01,2025-10-01,24,0.458,26.5,2.533,635.7
2025-01-01,2026-01-01,22,0.364,12.9,1.645,282.8
2025-04-01,2026-04-01,19,0.368,18.8,1.906,357.1
2025-07-01,2026-07-01,18,0.444,36.1,4.053,650.5
2025-10-01,2026-10-01,15,0.533,31.2,3.308,467.5