direction,feature_a,feature_b,state,period,n,hit_rate_100,mean_pips_100,pairs,positive_pairs,base_rate_100
long,signal_range_atr,signal_body_atr,high&high,discovery,53,0.339623,22.150943,12,7,0.279412
long,signal_range_atr,signal_body_atr,high&high,validation,14,0.142857,3.200000,8,5,0.233333
long,signal_range_atr,signal_body_atr,high&high,oos,14,0.214286,25.014286,10,7,0.206897
long,signal_range_atr,signal_body_atr,high&low,discovery,15,0.200000,-9.326667,7,3,0.279412
long,signal_range_atr,signal_body_atr,low&high,discovery,15,0.133333,-32.400000,10,4,0.279412
long,signal_range_atr,signal_body_atr,low&low,discovery,53,0.283019,10.728302,12,7,0.279412
long,signal_range_atr,signal_body_atr,low&low,validation,9,0.444444,39.311111,7,4,0.233333
long,signal_range_atr,signal_body_atr,low&low,oos,9,0.111111,-42.855556,6,2,0.206897
long,signal_range_atr,signal_body_ratio,high&high,discovery,40,0.300000,18.477500,12,6,0.279412
long,signal_range_atr,signal_body_ratio,high&high,validation,10,0.000000,-13.730000,7,3,0.233333
long,signal_range_atr,signal_body_ratio,high&high,oos,9,0.333333,40.988889,8,6,0.206897
long,signal_range_atr,signal_body_ratio,high&low,discovery,28,0.321429,10.535714,10,6,0.279412
long,signal_range_atr,signal_body_ratio,high&low,validation,7,0.285714,9.800000,6,4,0.233333
long,signal_range_atr,signal_body_ratio,high&low,oos,9,0.111111,-0.211111,8,4,0.206897
long,signal_range_atr,signal_body_ratio,low&high,discovery,27,0.111111,-28.229630,11,2,0.279412
long,signal_range_atr,signal_body_ratio,low&high,validation,5,0.400000,37.300000,3,2,0.233333
long,signal_range_atr,signal_body_ratio,low&low,discovery,39,0.333333,16.930769,12,7,0.279412
long,signal_range_atr,signal_body_ratio,low&low,validation,8,0.375000,31.725000,7,4,0.233333
long,signal_range_atr,signal_body_ratio,low&low,oos,9,0.111111,-42.855556,6,2,0.206897
long,signal_range_atr,ema20_distance_atr,high&high,discovery,40,0.350000,22.967500,12,8,0.279412
long,signal_range_atr,ema20_distance_atr,high&high,validation,13,0.153846,2.453846,9,5,0.233333
long,signal_range_atr,ema20_distance_atr,high&high,oos,13,0.307692,45.938462,10,9,0.206897
long,signal_range_atr,ema20_distance_atr,high&low,discovery,28,0.250000,4.121429,9,4,0.279412
long,signal_range_atr,ema20_distance_atr,high&low,oos,5,0.000000,-46.040000,4,0,0.206897
long,signal_range_atr,ema20_distance_atr,low&high,discovery,28,0.250000,-10.953571,10,4,0.279412
long,signal_range_atr,ema20_distance_atr,low&high,oos,6,0.166667,-38.300000,6,2,0.206897
long,signal_range_atr,ema20_distance_atr,low&low,discovery,40,0.250000,9.732500,12,7,0.279412
long,signal_range_atr,ema20_distance_atr,low&low,validation,9,0.444444,42.577778,6,4,0.233333
long,signal_range_atr,ema20_distance_atr,low&low,oos,5,0.200000,-20.260000,5,1,0.206897
long,signal_range_atr,touch_to_signal_atr,high&high,discovery,38,0.342105,19.328947,12,8,0.279412
long,signal_range_atr,touch_to_signal_atr,high&high,validation,8,0.250000,28.900000,7,5,0.233333
long,signal_range_atr,touch_to_signal_atr,high&high,oos,8,0.250000,19.437500,7,5,0.206897
long,signal_range_atr,touch_to_signal_atr,high&low,discovery,30,0.266667,9.986667,11,6,0.279412
long,signal_range_atr,touch_to_signal_atr,high&low,validation,9,0.000000,-33.322222,6,1,0.233333
long,signal_range_atr,touch_to_signal_atr,high&low,oos,10,0.200000,21.150000,8,5,0.206897
long,signal_range_atr,touch_to_signal_atr,low&high,discovery,30,0.300000,5.413333,11,6,0.279412
long,signal_range_atr,touch_to_signal_atr,low&high,oos,5,0.200000,-46.460000,4,2,0.206897
long,signal_range_atr,touch_to_signal_atr,low&low,discovery,38,0.210526,-2.100000,12,5,0.279412
long,signal_range_atr,touch_to_signal_atr,low&low,validation,11,0.363636,33.745455,8,5,0.233333
long,signal_range_atr,touch_to_signal_atr,low&low,oos,6,0.166667,-16.466667,5,1,0.206897
long,signal_range_atr,pre6_move_atr,high&high,discovery,43,0.325581,18.048837,11,7,0.279412
long,signal_range_atr,pre6_move_atr,high&high,validation,13,0.153846,8.800000,8,5,0.233333
long,signal_range_atr,pre6_move_atr,high&high,oos,14,0.285714,34.921429,11,9,0.206897
long,signal_range_atr,pre6_move_atr,high&low,discovery,25,0.280000,10.320000,10,4,0.279412
long,signal_range_atr,pre6_move_atr,low&high,discovery,25,0.160000,-20.400000,11,3,0.279412
long,signal_range_atr,pre6_move_atr,low&high,validation,7,0.428571,40.600000,6,4,0.233333
long,signal_range_atr,pre6_move_atr,low&high,oos,6,0.166667,-48.066667,4,2,0.206897
long,signal_range_atr,pre6_move_atr,low&low,discovery,43,0.302326,13.781395,12,7,0.279412
long,signal_range_atr,pre6_move_atr,low&low,validation,6,0.333333,26.016667,6,3,0.233333
long,signal_range_atr,pre6_move_atr,low&low,oos,5,0.200000,-8.540000,4,1,0.206897
long,signal_range_atr,bars_touch_to_signal,high&high,discovery,33,0.333333,24.151515,12,9,0.279412
long,signal_range_atr,bars_touch_to_signal,high&high,validation,6,0.166667,36.866667,6,5,0.233333
long,signal_range_atr,bars_touch_to_signal,high&high,oos,12,0.250000,22.841667,9,6,0.206897
long,signal_range_atr,bars_touch_to_signal,high&low,discovery,40,0.275000,4.350000,12,6,0.279412
long,signal_range_atr,bars_touch_to_signal,high&low,validation,12,0.083333,-21.083333,8,2,0.233333
long,signal_range_atr,bars_touch_to_signal,high&low,oos,6,0.166667,15.483333,4,2,0.206897
long,signal_range_atr,bars_touch_to_signal,low&high,discovery,38,0.236842,-2.765789,12,5,0.279412
long,signal_range_atr,bars_touch_to_signal,low&high,validation,7,0.428571,34.271429,5,3,0.233333
long,signal_range_atr,bars_touch_to_signal,low&high,oos,5,0.000000,-70.960000,3,1,0.206897
long,signal_range_atr,bars_touch_to_signal,low&low,discovery,32,0.250000,3.015625,12,7,0.279412
long,signal_range_atr,bars_touch_to_signal,low&low,validation,7,0.428571,42.914286,5,3,0.233333
long,signal_range_atr,bars_touch_to_signal,low&low,oos,7,0.285714,-0.785714,6,2,0.206897
long,signal_body_atr,signal_body_ratio,high&high,discovery,55,0.254545,4.601818,12,6,0.279412
long,signal_body_atr,signal_body_ratio,high&high,validation,14,0.071429,-3.628571,8,4,0.233333
long,signal_body_atr,signal_body_ratio,high&high,oos,11,0.363636,38.500000,8,6,0.206897
long,signal_body_atr,signal_body_ratio,high&low,discovery,13,0.461538,33.453846,7,5,0.279412
long,signal_body_atr,signal_body_ratio,high&low,oos,5,0.000000,-3.740000,4,2,0.206897
long,signal_body_atr,signal_body_ratio,low&high,discovery,12,0.083333,-23.016667,8,2,0.279412
long,signal_body_atr,signal_body_ratio,low&low,discovery,54,0.296296,9.637037,12,6,0.279412
long,signal_body_atr,signal_body_ratio,low&low,validation,11,0.272727,12.754545,9,4,0.233333
long,signal_body_atr,signal_body_ratio,low&low,oos,13,0.153846,-28.376923,7,3,0.206897
long,signal_body_atr,ema20_distance_atr,high&high,discovery,44,0.295455,10.481818,12,7,0.279412
long,signal_body_atr,ema20_distance_atr,high&high,validation,13,0.153846,2.446154,8,5,0.233333
long,signal_body_atr,ema20_distance_atr,high&high,oos,11,0.272727,41.109091,9,8,0.206897
long,signal_body_atr,ema20_distance_atr,high&low,discovery,24,0.291667,9.450000,11,6,0.279412
long,signal_body_atr,ema20_distance_atr,high&low,validation,5,0.200000,19.900000,4,3,0.233333
long,signal_body_atr,ema20_distance_atr,high&low,oos,5,0.200000,-9.480000,4,1,0.206897
long,signal_body_atr,ema20_distance_atr,low&high,discovery,24,0.333333,6.283333,9,4,0.279412
long,signal_body_atr,ema20_distance_atr,low&high,oos,8,0.250000,-10.600000,7,3,0.206897
long,signal_body_atr,ema20_distance_atr,low&low,discovery,44,0.227273,6.315909,12,8,0.279412
long,signal_body_atr,ema20_distance_atr,low&low,validation,8,0.375000,22.887500,7,4,0.233333
long,signal_body_atr,ema20_distance_atr,low&low,oos,5,0.000000,-56.820000,3,0,0.206897
long,signal_body_atr,touch_to_signal_atr,high&high,discovery,34,0.323529,12.320588,11,7,0.279412
long,signal_body_atr,touch_to_signal_atr,high&high,validation,8,0.250000,28.887500,6,5,0.233333
long,signal_body_atr,touch_to_signal_atr,high&high,oos,5,0.200000,23.760000,4,3,0.206897
long,signal_body_atr,touch_to_signal_atr,high&low,discovery,34,0.264706,7.914706,12,5,0.279412
long,signal_body_atr,touch_to_signal_atr,high&low,validation,10,0.100000,-9.980000,7,2,0.233333
long,signal_body_atr,touch_to_signal_atr,high&low,oos,11,0.272727,26.000000,9,7,0.206897
long,signal_body_atr,touch_to_signal_atr,low&high,discovery,34,0.323529,14.058824,11,6,0.279412
long,signal_body_atr,touch_to_signal_atr,low&high,oos,8,0.250000,-24.450000,6,4,0.206897
long,signal_body_atr,touch_to_signal_atr,low&low,discovery,34,0.205882,-1.450000,12,6,0.279412
long,signal_body_atr,touch_to_signal_atr,low&low,validation,10,0.300000,17.110000,8,4,0.233333
long,signal_body_atr,touch_to_signal_atr,low&low,oos,5,0.000000,-34.660000,4,0,0.206897
long,signal_body_atr,pre6_move_atr,high&high,discovery,44,0.295455,16.922727,12,9,0.279412
long,signal_body_atr,pre6_move_atr,high&high,validation,14,0.214286,14.607143,8,6,0.233333
long,signal_body_atr,pre6_move_atr,high&high,oos,11,0.272727,41.109091,9,8,0.206897
long,signal_body_atr,pre6_move_atr,high&low,discovery,24,0.291667,-2.358333,12,4,0.279412
long,signal_body_atr,pre6_move_atr,high&low,oos,5,0.200000,-9.480000,4,1,0.206897
long,signal_body_atr,pre6_move_atr,low&high,discovery,24,0.208333,-19.937500,11,4,0.279412
long,signal_body_atr,pre6_move_atr,low&high,validation,6,0.333333,32.350000,5,3,0.233333
long,signal_body_atr,pre6_move_atr,low&high,oos,9,0.222222,-27.966667,6,4,0.206897
long,signal_body_atr,pre6_move_atr,low&low,discovery,44,0.295455,20.618182,12,8,0.279412
long,signal_body_atr,pre6_move_atr,low&low,validation,6,0.333333,7.700000,6,3,0.233333
long,signal_body_atr,bars_touch_to_signal,high&high,discovery,31,0.290323,16.341935,10,7,0.279412
long,signal_body_atr,bars_touch_to_signal,high&high,validation,9,0.222222,30.088889,6,5,0.233333
long,signal_body_atr,bars_touch_to_signal,high&high,oos,9,0.222222,26.377778,7,5,0.206897
long,signal_body_atr,bars_touch_to_signal,high&low,discovery,41,0.292683,3.819512,12,5,0.279412
long,signal_body_atr,bars_touch_to_signal,high&low,validation,10,0.200000,-3.950000,8,3,0.233333
long,signal_body_atr,bars_touch_to_signal,high&low,oos,7,0.285714,23.914286,6,4,0.206897
long,signal_body_atr,bars_touch_to_signal,low&high,discovery,40,0.275000,4.632500,12,5,0.279412
long,signal_body_atr,bars_touch_to_signal,low&high,oos,8,0.125000,-39.762500,5,3,0.206897
long,signal_body_atr,bars_touch_to_signal,low&low,discovery,31,0.225806,3.674194,12,7,0.279412
long,signal_body_atr,bars_touch_to_signal,low&low,validation,9,0.222222,9.655556,7,3,0.233333
long,signal_body_atr,bars_touch_to_signal,low&low,oos,6,0.166667,-13.333333,6,1,0.206897
long,signal_body_ratio,ema20_distance_atr,high&high,discovery,39,0.230769,-2.312821,12,5,0.279412
long,signal_body_ratio,ema20_distance_atr,high&high,validation,11,0.000000,-15.290909,7,3,0.233333
long,signal_body_ratio,ema20_distance_atr,high&high,oos,8,0.375000,48.850000,7,6,0.206897
long,signal_body_ratio,ema20_distance_atr,high&low,discovery,28,0.214286,2.396429,12,7,0.279412
long,signal_body_ratio,ema20_distance_atr,low&high,discovery,27,0.407407,19.174074,11,6,0.279412
long,signal_body_ratio,ema20_distance_atr,low&high,validation,6,0.500000,42.866667,6,4,0.233333
long,signal_body_ratio,ema20_distance_atr,low&high,oos,11,0.181818,-2.127273,8,3,0.206897
long,signal_body_ratio,ema20_distance_atr,low&low,discovery,40,0.275000,10.940000,12,6,0.279412
long,signal_body_ratio,ema20_distance_atr,low&low,validation,9,0.222222,7.244444,7,4,0.233333
long,signal_body_ratio,ema20_distance_atr,low&low,oos,7,0.000000,-52.028571,4,0,0.206897
long,signal_body_ratio,touch_to_signal_atr,high&high,discovery,31,0.290323,2.777419,11,6,0.279412
long,signal_body_ratio,touch_to_signal_atr,high&high,validation,5,0.000000,3.600000,4,2,0.233333
long,signal_body_ratio,touch_to_signal_atr,high&low,discovery,36,0.166667,-3.033333,12,4,0.279412
long,signal_body_ratio,touch_to_signal_atr,high&low,validation,10,0.200000,3.120000,6,2,0.233333
long,signal_body_ratio,touch_to_signal_atr,high&low,oos,8,0.375000,36.712500,7,6,0.206897
long,signal_body_ratio,touch_to_signal_atr,low&high,discovery,35,0.342857,17.894286,10,6,0.279412
long,signal_body_ratio,touch_to_signal_atr,low&high,validation,5,0.600000,56.460000,5,4,0.233333
long,signal_body_ratio,touch_to_signal_atr,low&high,oos,10,0.200000,-20.660000,7,4,0.206897
long,signal_body_ratio,touch_to_signal_atr,low&low,discovery,32,0.312500,10.281250,12,7,0.279412
long,signal_body_ratio,touch_to_signal_atr,low&low,validation,10,0.200000,4.010000,7,3,0.233333
long,signal_body_ratio,touch_to_signal_atr,low&low,oos,8,0.000000,-22.625000,6,1,0.206897
long,signal_body_ratio,pre6_move_atr,high&high,discovery,39,0.282051,14.405128,12,8,0.279412
long,signal_body_ratio,pre6_move_atr,high&high,validation,11,0.090909,-0.781818,7,4,0.233333
long,signal_body_ratio,pre6_move_atr,high&high,oos,8,0.375000,48.850000,7,6,0.206897
long,signal_body_ratio,pre6_move_atr,high&low,discovery,28,0.142857,-20.889286,10,2,0.279412
long,signal_body_ratio,pre6_move_atr,low&high,discovery,29,0.241379,-10.196552,10,5,0.279412
long,signal_body_ratio,pre6_move_atr,low&high,validation,9,0.444444,45.244444,8,6,0.233333
long,signal_body_ratio,pre6_move_atr,low&high,oos,12,0.166667,-15.858333,7,4,0.206897
long,signal_body_ratio,pre6_move_atr,low&low,discovery,38,0.394737,32.921053,12,8,0.279412
long,signal_body_ratio,pre6_move_atr,low&low,validation,6,0.166667,-14.133333,5,2,0.233333
long,signal_body_ratio,pre6_move_atr,low&low,oos,6,0.000000,-32.883333,4,0,0.206897
long,signal_body_ratio,bars_touch_to_signal,high&high,discovery,30,0.233333,3.176667,10,6,0.279412
long,signal_body_ratio,bars_touch_to_signal,high&high,validation,7,0.142857,22.528571,5,3,0.233333
long,signal_body_ratio,bars_touch_to_signal,high&high,oos,5,0.400000,44.960000,4,3,0.206897
long,signal_body_ratio,bars_touch_to_signal,high&low,discovery,40,0.200000,-6.080000,12,4,0.279412
long,signal_body_ratio,bars_touch_to_signal,high&low,validation,9,0.222222,-0.944444,6,2,0.233333
long,signal_body_ratio,bars_touch_to_signal,high&low,oos,6,0.333333,33.116667,6,4,0.206897
long,signal_body_ratio,bars_touch_to_signal,low&high,discovery,39,0.307692,10.566667,11,5,0.279412
long,signal_body_ratio,bars_touch_to_signal,low&high,validation,6,0.500000,50.566667,5,4,0.233333
long,signal_body_ratio,bars_touch_to_signal,low&high,oos,12,0.083333,-25.458333,8,4,0.206897
long,signal_body_ratio,bars_touch_to_signal,low&low,discovery,32,0.343750,16.053125,12,6,0.279412
long,signal_body_ratio,bars_touch_to_signal,low&low,validation,10,0.200000,5.590000,6,2,0.233333
long,signal_body_ratio,bars_touch_to_signal,low&low,oos,7,0.142857,-15.900000,7,1,0.206897
long,ema20_distance_atr,touch_to_signal_atr,high&high,discovery,49,0.326531,10.455102,12,7,0.279412
long,ema20_distance_atr,touch_to_signal_atr,high&high,validation,8,0.250000,23.400000,6,4,0.233333
long,ema20_distance_atr,touch_to_signal_atr,high&high,oos,11,0.272727,9.890909,9,6,0.206897
long,ema20_distance_atr,touch_to_signal_atr,high&low,discovery,19,0.263158,5.247368,10,6,0.279412
long,ema20_distance_atr,touch_to_signal_atr,high&low,validation,9,0.111111,-10.911111,7,3,0.233333
long,ema20_distance_atr,touch_to_signal_atr,high&low,oos,8,0.250000,32.325000,8,6,0.206897
long,ema20_distance_atr,touch_to_signal_atr,low&high,discovery,19,0.315789,20.242105,10,6,0.279412
long,ema20_distance_atr,touch_to_signal_atr,low&low,discovery,49,0.224490,2.451020,12,4,0.279412
long,ema20_distance_atr,touch_to_signal_atr,low&low,validation,11,0.272727,15.409091,8,5,0.233333
long,ema20_distance_atr,touch_to_signal_atr,low&low,oos,8,0.125000,-18.237500,6,1,0.206897
long,ema20_distance_atr,pre6_move_atr,high&high,discovery,52,0.288462,10.698077,12,9,0.279412
long,ema20_distance_atr,pre6_move_atr,high&high,validation,15,0.200000,8.100000,9,6,0.233333
long,ema20_distance_atr,pre6_move_atr,high&high,oos,17,0.294118,26.011765,11,8,0.206897
long,ema20_distance_atr,pre6_move_atr,high&low,discovery,16,0.375000,3.481250,9,5,0.279412
long,ema20_distance_atr,pre6_move_atr,low&high,discovery,16,0.187500,-18.137500,10,4,0.279412
long,ema20_distance_atr,pre6_move_atr,low&high,validation,5,0.400000,55.420000,4,4,0.233333
long,ema20_distance_atr,pre6_move_atr,low&low,discovery,52,0.269231,15.286538,12,7,0.279412
long,ema20_distance_atr,pre6_move_atr,low&low,validation,8,0.250000,0.687500,7,3,0.233333
long,ema20_distance_atr,pre6_move_atr,low&low,oos,7,0.142857,-12.828571,5,1,0.206897
long,ema20_distance_atr,bars_touch_to_signal,high&high,discovery,40,0.325000,12.567500,12,8,0.279412
long,ema20_distance_atr,bars_touch_to_signal,high&high,validation,6,0.333333,40.050000,5,4,0.233333
long,ema20_distance_atr,bars_touch_to_signal,high&high,oos,13,0.230769,13.553846,9,6,0.206897
long,ema20_distance_atr,bars_touch_to_signal,high&low,discovery,34,0.264706,0.926471,12,6,0.279412
long,ema20_distance_atr,bars_touch_to_signal,high&low,validation,11,0.090909,-13.754545,8,3,0.233333
long,ema20_distance_atr,bars_touch_to_signal,high&low,oos,7,0.285714,23.142857,7,4,0.206897
long,ema20_distance_atr,bars_touch_to_signal,low&high,discovery,31,0.225806,6.103226,12,8,0.279412
long,ema20_distance_atr,bars_touch_to_signal,low&high,validation,7,0.285714,31.542857,4,3,0.233333
long,ema20_distance_atr,bars_touch_to_signal,low&low,discovery,38,0.263158,6.289474,12,6,0.279412
long,ema20_distance_atr,bars_touch_to_signal,low&low,validation,8,0.375000,24.837500,6,4,0.233333
long,ema20_distance_atr,bars_touch_to_signal,low&low,oos,6,0.166667,-12.433333,6,1,0.206897
long,touch_to_signal_atr,pre6_move_atr,high&high,discovery,47,0.297872,9.897872,12,9,0.279412
long,touch_to_signal_atr,pre6_move_atr,high&high,validation,9,0.333333,35.777778,7,6,0.233333
long,touch_to_signal_atr,pre6_move_atr,high&high,oos,13,0.230769,-5.907692,9,6,0.206897
long,touch_to_signal_atr,pre6_move_atr,high&low,discovery,21,0.380952,20.557143,10,6,0.279412
long,touch_to_signal_atr,pre6_move_atr,low&high,discovery,21,0.190476,-9.480952,11,5,0.279412
long,touch_to_signal_atr,pre6_move_atr,low&high,validation,11,0.181818,6.963636,7,4,0.233333
long,touch_to_signal_atr,pre6_move_atr,low&high,oos,7,0.285714,39.614286,7,6,0.206897
long,touch_to_signal_atr,pre6_move_atr,low&low,discovery,47,0.255319,8.912766,12,5,0.279412
long,touch_to_signal_atr,pre6_move_atr,low&low,validation,9,0.222222,-0.588889,8,3,0.233333
long,touch_to_signal_atr,pre6_move_atr,low&low,oos,9,0.111111,-18.288889,6,1,0.206897
long,touch_to_signal_atr,bars_touch_to_signal,high&high,discovery,52,0.326923,15.607692,12,8,0.279412
long,touch_to_signal_atr,bars_touch_to_signal,high&high,validation,7,0.285714,36.200000,6,5,0.233333
long,touch_to_signal_atr,bars_touch_to_signal,high&high,oos,11,0.181818,-20.736364,7,4,0.206897
long,touch_to_signal_atr,bars_touch_to_signal,high&low,discovery,22,0.272727,0.340909,10,5,0.279412
long,touch_to_signal_atr,bars_touch_to_signal,low&high,discovery,19,0.157895,-6.300000,11,6,0.279412
long,touch_to_signal_atr,bars_touch_to_signal,low&high,validation,6,0.333333,34.616667,5,4,0.233333
long,touch_to_signal_atr,bars_touch_to_signal,low&high,oos,6,0.166667,24.566667,6,4,0.206897
long,touch_to_signal_atr,bars_touch_to_signal,low&low,discovery,50,0.260000,5.260000,12,6,0.279412
long,touch_to_signal_atr,bars_touch_to_signal,low&low,validation,16,0.187500,0.031250,9,4,0.233333
long,touch_to_signal_atr,bars_touch_to_signal,low&low,oos,10,0.200000,-3.470000,8,2,0.206897
long,pre6_move_atr,bars_touch_to_signal,high&high,discovery,43,0.279070,6.062791,12,9,0.279412
long,pre6_move_atr,bars_touch_to_signal,high&high,validation,10,0.400000,53.910000,7,7,0.233333
long,pre6_move_atr,bars_touch_to_signal,high&high,oos,15,0.200000,-0.626667,9,6,0.206897
long,pre6_move_atr,bars_touch_to_signal,high&low,discovery,31,0.225806,-3.535484,11,5,0.279412
long,pre6_move_atr,bars_touch_to_signal,high&low,validation,12,0.166667,-0.300000,8,4,0.233333
long,pre6_move_atr,bars_touch_to_signal,high&low,oos,6,0.333333,30.116667,6,4,0.206897
long,pre6_move_atr,bars_touch_to_signal,low&high,discovery,28,0.285714,15.400000,11,6,0.279412
long,pre6_move_atr,bars_touch_to_signal,low&low,discovery,41,0.292683,9.270732,12,6,0.279412
long,pre6_move_atr,bars_touch_to_signal,low&low,validation,7,0.285714,7.285714,6,3,0.233333
long,pre6_move_atr,bars_touch_to_signal,low&low,oos,7,0.142857,-13.328571,6,1,0.206897
short,signal_range_atr,signal_body_atr,high&high,discovery,59,0.338983,12.164407,12,8,0.294118
short,signal_range_atr,signal_body_atr,high&high,validation,6,0.166667,-55.833333,6,3,0.272727
short,signal_range_atr,signal_body_atr,high&high,oos,8,0.375000,40.737500,7,5,0.260870
short,signal_range_atr,signal_body_atr,high&low,discovery,8,0.250000,14.012500,7,4,0.294118
short,signal_range_atr,signal_body_atr,low&high,discovery,8,0.625000,52.450000,7,5,0.294118
short,signal_range_atr,signal_body_atr,low&low,discovery,59,0.220339,-0.177966,12,6,0.294118
short,signal_range_atr,signal_body_atr,low&low,validation,22,0.272727,3.613636,11,7,0.272727
short,signal_range_atr,signal_body_atr,low&low,oos,15,0.200000,-17.893333,10,5,0.260870
short,signal_range_atr,signal_body_ratio,high&high,discovery,44,0.454545,20.372727,12,9,0.294118
short,signal_range_atr,signal_body_ratio,high&high,oos,5,0.200000,37.420000,4,3,0.260870
short,signal_range_atr,signal_body_ratio,high&low,discovery,23,0.086957,-2.895652,11,5,0.294118
short,signal_range_atr,signal_body_ratio,high&low,validation,6,0.333333,2.966667,4,1,0.272727
short,signal_range_atr,signal_body_ratio,low&high,discovery,23,0.260870,1.821739,12,6,0.294118
short,signal_range_atr,signal_body_ratio,low&high,validation,7,0.285714,14.657143,6,2,0.272727
short,signal_range_atr,signal_body_ratio,low&high,oos,9,0.333333,9.900000,7,5,0.260870
short,signal_range_atr,signal_body_ratio,low&low,discovery,44,0.272727,8.345455,12,6,0.294118
short,signal_range_atr,signal_body_ratio,low&low,validation,17,0.294118,2.641176,10,5,0.272727
short,signal_range_atr,signal_body_ratio,low&low,oos,6,0.000000,-59.583333,5,1,0.260870
short,signal_range_atr,ema20_distance_atr,high&high,discovery,45,0.355556,16.182222,12,9,0.294118
short,signal_range_atr,ema20_distance_atr,high&high,validation,7,0.285714,-42.328571,6,3,0.272727
short,signal_range_atr,ema20_distance_atr,high&high,oos,5,0.400000,14.080000,5,2,0.260870
short,signal_range_atr,ema20_distance_atr,high&low,discovery,22,0.272727,4.618182,11,7,0.294118
short,signal_range_atr,ema20_distance_atr,low&high,discovery,22,0.227273,15.600000,9,5,0.294118
short,signal_range_atr,ema20_distance_atr,low&high,validation,5,0.200000,-28.300000,4,1,0.272727
short,signal_range_atr,ema20_distance_atr,low&high,oos,6,0.166667,-17.833333,5,2,0.260870
short,signal_range_atr,ema20_distance_atr,low&low,discovery,45,0.288889,1.464444,12,7,0.294118
short,signal_range_atr,ema20_distance_atr,low&low,validation,19,0.315789,15.210526,11,8,0.272727
short,signal_range_atr,ema20_distance_atr,low&low,oos,9,0.222222,-17.933333,8,3,0.260870
short,signal_range_atr,touch_to_signal_atr,high&high,discovery,44,0.386364,17.293182,11,7,0.294118
short,signal_range_atr,touch_to_signal_atr,high&high,validation,6,0.166667,-66.050000,6,3,0.272727
short,signal_range_atr,touch_to_signal_atr,high&low,discovery,23,0.217391,2.995652,11,6,0.294118
short,signal_range_atr,touch_to_signal_atr,low&high,discovery,23,0.260870,8.356522,8,4,0.294118
short,signal_range_atr,touch_to_signal_atr,low&high,validation,5,0.200000,-17.580000,5,2,0.272727
short,signal_range_atr,touch_to_signal_atr,low&high,oos,8,0.125000,-35.575000,6,2,0.260870
short,signal_range_atr,touch_to_signal_atr,low&low,discovery,44,0.272727,4.929545,12,5,0.294118
short,signal_range_atr,touch_to_signal_atr,low&low,validation,19,0.315789,12.389474,11,7,0.272727
short,signal_range_atr,touch_to_signal_atr,low&low,oos,7,0.285714,2.314286,5,3,0.260870
short,signal_range_atr,pre6_move_atr,high&high,discovery,40,0.350000,15.330000,12,8,0.294118
short,signal_range_atr,pre6_move_atr,high&high,validation,7,0.285714,-42.328571,6,3,0.272727
short,signal_range_atr,pre6_move_atr,high&high,oos,6,0.500000,50.783333,6,4,0.260870
short,signal_range_atr,pre6_move_atr,high&low,discovery,27,0.296296,8.022222,11,7,0.294118
short,signal_range_atr,pre6_move_atr,low&high,discovery,27,0.222222,15.222222,11,9,0.294118
short,signal_range_atr,pre6_move_atr,low&high,validation,5,0.400000,-1.800000,5,2,0.272727
short,signal_range_atr,pre6_move_atr,low&high,oos,7,0.285714,-1.000000,5,3,0.260870
short,signal_range_atr,pre6_move_atr,low&low,discovery,40,0.300000,-0.047500,12,5,0.294118
short,signal_range_atr,pre6_move_atr,low&low,validation,19,0.263158,8.236842,10,7,0.272727
short,signal_range_atr,pre6_move_atr,low&low,oos,8,0.125000,-32.675000,7,2,0.260870
short,signal_range_atr,bars_touch_to_signal,high&high,discovery,34,0.411765,20.611765,12,8,0.294118
short,signal_range_atr,bars_touch_to_signal,high&high,oos,5,0.200000,28.260000,4,3,0.260870
short,signal_range_atr,bars_touch_to_signal,high&low,discovery,38,0.236842,-1.073684,11,3,0.294118
short,signal_range_atr,bars_touch_to_signal,high&low,validation,7,0.285714,23.371429,5,3,0.272727
short,signal_range_atr,bars_touch_to_signal,low&high,discovery,43,0.186047,-1.939535,11,7,0.294118
short,signal_range_atr,bars_touch_to_signal,low&high,validation,12,0.333333,15.066667,9,6,0.272727
short,signal_range_atr,bars_touch_to_signal,low&high,oos,9,0.111111,-48.611111,7,2,0.260870
short,signal_range_atr,bars_touch_to_signal,low&low,discovery,32,0.343750,12.509375,12,7,0.294118
short,signal_range_atr,bars_touch_to_signal,low&low,validation,14,0.285714,3.785714,7,4,0.272727
short,signal_range_atr,bars_touch_to_signal,low&low,oos,6,0.333333,28.183333,5,4,0.260870
short,signal_body_atr,signal_body_ratio,high&high,discovery,52,0.480769,25.307692,12,10,0.294118
short,signal_body_atr,signal_body_ratio,high&high,validation,5,0.200000,-59.660000,5,3,0.272727
short,signal_body_atr,signal_body_ratio,high&high,oos,5,0.200000,37.420000,4,3,0.260870
short,signal_body_atr,signal_body_ratio,high&low,discovery,15,0.000000,-11.913333,8,2,0.294118
short,signal_body_atr,signal_body_ratio,low&high,discovery,15,0.066667,-25.180000,11,4,0.294118
short,signal_body_atr,signal_body_ratio,low&high,validation,5,0.200000,6.920000,5,2,0.272727
short,signal_body_atr,signal_body_ratio,low&high,oos,9,0.333333,9.900000,7,5,0.260870
short,signal_body_atr,signal_body_ratio,low&low,discovery,52,0.269231,9.217308,12,6,0.294118
short,signal_body_atr,signal_body_ratio,low&low,validation,20,0.300000,1.570000,11,6,0.272727
short,signal_body_atr,signal_body_ratio,low&low,oos,6,0.000000,-59.583333,5,1,0.260870
short,signal_body_atr,ema20_distance_atr,high&high,discovery,48,0.375000,18.510417,12,10,0.294118
short,signal_body_atr,ema20_distance_atr,high&high,validation,5,0.200000,-63.040000,5,3,0.272727
short,signal_body_atr,ema20_distance_atr,high&high,oos,5,0.400000,14.080000,5,2,0.260870
short,signal_body_atr,ema20_distance_atr,high&low,discovery,19,0.368421,13.094737,8,6,0.294118
short,signal_body_atr,ema20_distance_atr,low&high,discovery,19,0.157895,9.626316,10,7,0.294118
short,signal_body_atr,ema20_distance_atr,low&high,validation,7,0.285714,-17.514286,5,1,0.272727
short,signal_body_atr,ema20_distance_atr,low&high,oos,6,0.166667,-17.833333,5,2,0.260870
short,signal_body_atr,ema20_distance_atr,low&low,discovery,48,0.250000,-1.693750,12,7,0.294118
short,signal_body_atr,ema20_distance_atr,low&low,validation,18,0.277778,10.477778,11,8,0.272727
short,signal_body_atr,ema20_distance_atr,low&low,oos,9,0.222222,-17.933333,8,3,0.260870
short,signal_body_atr,touch_to_signal_atr,high&high,discovery,44,0.409091,19.427273,11,8,0.294118
short,signal_body_atr,touch_to_signal_atr,high&high,validation,6,0.166667,-57.866667,5,3,0.272727
short,signal_body_atr,touch_to_signal_atr,high&low,discovery,23,0.304348,12.282609,12,6,0.294118
short,signal_body_atr,touch_to_signal_atr,low&high,discovery,23,0.217391,4.273913,8,4,0.294118
short,signal_body_atr,touch_to_signal_atr,low&high,validation,5,0.200000,-27.400000,5,2,0.272727
short,signal_body_atr,touch_to_signal_atr,low&high,oos,8,0.125000,-35.575000,6,2,0.260870
short,signal_body_atr,touch_to_signal_atr,low&low,discovery,44,0.227273,0.075000,11,5,0.294118
short,signal_body_atr,touch_to_signal_atr,low&low,validation,20,0.300000,10.150000,11,7,0.272727
short,signal_body_atr,touch_to_signal_atr,low&low,oos,7,0.285714,2.314286,5,3,0.260870
short,signal_body_atr,pre6_move_atr,high&high,discovery,41,0.390244,22.268293,12,9,0.294118
short,signal_body_atr,pre6_move_atr,high&high,validation,5,0.200000,-63.040000,5,3,0.272727
short,signal_body_atr,pre6_move_atr,high&high,oos,6,0.500000,50.783333,6,4,0.260870
short,signal_body_atr,pre6_move_atr,high&low,discovery,26,0.346154,8.626923,11,5,0.294118
short,signal_body_atr,pre6_move_atr,low&high,discovery,26,0.153846,4.276923,11,6,0.294118
short,signal_body_atr,pre6_move_atr,low&high,validation,7,0.428571,1.414286,6,2,0.272727
short,signal_body_atr,pre6_move_atr,low&high,oos,7,0.285714,-1.000000,5,3,0.260870
short,signal_body_atr,pre6_move_atr,low&low,discovery,41,0.268293,-0.234146,12,7,0.294118
short,signal_body_atr,pre6_move_atr,low&low,validation,18,0.222222,3.116667,10,7,0.272727
short,signal_body_atr,pre6_move_atr,low&low,oos,8,0.125000,-32.675000,7,2,0.260870
short,signal_body_atr,bars_touch_to_signal,high&high,discovery,34,0.441176,25.255882,12,8,0.294118
short,signal_body_atr,bars_touch_to_signal,high&high,oos,5,0.200000,28.260000,4,3,0.260870
short,signal_body_atr,bars_touch_to_signal,high&low,discovery,38,0.289474,2.863158,11,4,0.294118
short,signal_body_atr,bars_touch_to_signal,high&low,validation,6,0.333333,32.666667,6,4,0.272727
short,signal_body_atr,bars_touch_to_signal,low&high,discovery,43,0.162791,-5.611628,11,5,0.294118
short,signal_body_atr,bars_touch_to_signal,low&high,validation,13,0.384615,17.823077,9,6,0.272727
short,signal_body_atr,bars_touch_to_signal,low&high,oos,9,0.111111,-48.611111,7,2,0.260870
short,signal_body_atr,bars_touch_to_signal,low&low,discovery,32,0.281250,7.834375,12,7,0.294118
short,signal_body_atr,bars_touch_to_signal,low&low,validation,15,0.266667,1.373333,7,4,0.272727
short,signal_body_atr,bars_touch_to_signal,low&low,oos,6,0.333333,28.183333,5,4,0.260870
short,signal_body_ratio,ema20_distance_atr,high&high,discovery,45,0.400000,18.351111,12,10,0.294118
short,signal_body_ratio,ema20_distance_atr,high&high,oos,6,0.333333,21.066667,5,3,0.260870
short,signal_body_ratio,ema20_distance_atr,high&low,discovery,22,0.363636,5.113636,9,5,0.294118
short,signal_body_ratio,ema20_distance_atr,high&low,validation,6,0.333333,22.466667,5,2,0.272727
short,signal_body_ratio,ema20_distance_atr,high&low,oos,8,0.250000,18.725000,5,4,0.260870
short,signal_body_ratio,ema20_distance_atr,low&high,discovery,22,0.136364,11.163636,10,6,0.294118
short,signal_body_ratio,ema20_distance_atr,low&high,validation,8,0.375000,-4.912500,5,2,0.272727
short,signal_body_ratio,ema20_distance_atr,low&high,oos,5,0.200000,-32.600000,4,2,0.260870
short,signal_body_ratio,ema20_distance_atr,low&low,discovery,45,0.244444,1.222222,12,6,0.294118
short,signal_body_ratio,ema20_distance_atr,low&low,validation,15,0.266667,6.800000,10,6,0.272727
short,signal_body_ratio,touch_to_signal_atr,high&high,discovery,45,0.400000,17.604444,11,9,0.294118
short,signal_body_ratio,touch_to_signal_atr,high&high,oos,6,0.333333,7.116667,4,3,0.260870
short,signal_body_ratio,touch_to_signal_atr,high&low,discovery,22,0.363636,6.640909,11,6,0.294118
short,signal_body_ratio,touch_to_signal_atr,high&low,validation,6,0.333333,22.433333,5,2,0.272727
short,signal_body_ratio,touch_to_signal_atr,high&low,oos,8,0.250000,29.187500,4,4,0.260870
short,signal_body_ratio,touch_to_signal_atr,low&high,discovery,22,0.227273,7.313636,8,3,0.294118
short,signal_body_ratio,touch_to_signal_atr,low&high,validation,7,0.285714,-12.271429,6,2,0.272727
short,signal_body_ratio,touch_to_signal_atr,low&high,oos,6,0.166667,-33.983333,5,2,0.260870
short,signal_body_ratio,touch_to_signal_atr,low&low,discovery,45,0.200000,3.104444,11,4,0.294118
short,signal_body_ratio,touch_to_signal_atr,low&low,validation,16,0.312500,9.287500,10,5,0.272727
short,signal_body_ratio,pre6_move_atr,high&high,discovery,41,0.390244,24.760976,12,10,0.294118
short,signal_body_ratio,pre6_move_atr,high&high,oos,7,0.428571,51.528571,5,5,0.260870
short,signal_body_ratio,pre6_move_atr,high&low,discovery,26,0.384615,-2.957692,10,4,0.294118
short,signal_body_ratio,pre6_move_atr,high&low,validation,6,0.333333,22.466667,5,2,0.272727
short,signal_body_ratio,pre6_move_atr,high&low,oos,7,0.142857,-12.071429,4,3,0.260870
short,signal_body_ratio,pre6_move_atr,low&high,discovery,26,0.153846,0.346154,9,6,0.294118
short,signal_body_ratio,pre6_move_atr,low&high,validation,8,0.500000,11.650000,6,3,0.272727
short,signal_body_ratio,pre6_move_atr,low&high,oos,6,0.333333,-10.500000,5,3,0.260870
short,signal_body_ratio,pre6_move_atr,low&low,discovery,41,0.243902,7.112195,12,7,0.294118
short,signal_body_ratio,pre6_move_atr,low&low,validation,15,0.200000,-2.033333,9,5,0.272727
short,signal_body_ratio,bars_touch_to_signal,high&high,discovery,37,0.405405,16.954054,11,7,0.294118
short,signal_body_ratio,bars_touch_to_signal,high&high,validation,5,0.200000,-67.120000,5,2,0.272727
short,signal_body_ratio,bars_touch_to_signal,high&high,oos,7,0.142857,-2.842857,4,3,0.260870
short,signal_body_ratio,bars_touch_to_signal,high&low,discovery,37,0.324324,-1.689189,11,6,0.294118
short,signal_body_ratio,bars_touch_to_signal,high&low,validation,6,0.333333,28.650000,5,3,0.272727
short,signal_body_ratio,bars_touch_to_signal,high&low,oos,7,0.428571,42.300000,6,5,0.260870
short,signal_body_ratio,bars_touch_to_signal,low&high,discovery,41,0.170732,-1.302439,12,5,0.294118
short,signal_body_ratio,bars_touch_to_signal,low&high,validation,10,0.400000,10.430000,8,4,0.272727
short,signal_body_ratio,bars_touch_to_signal,low&high,oos,7,0.142857,-39.471429,5,1,0.260870
short,signal_body_ratio,bars_touch_to_signal,low&low,discovery,34,0.235294,11.497059,12,6,0.294118
short,signal_body_ratio,bars_touch_to_signal,low&low,validation,15,0.266667,2.980000,6,2,0.272727
short,ema20_distance_atr,touch_to_signal_atr,high&high,discovery,51,0.333333,16.550980,11,9,0.294118
short,ema20_distance_atr,touch_to_signal_atr,high&high,validation,9,0.222222,-52.566667,8,3,0.272727
short,ema20_distance_atr,touch_to_signal_atr,high&high,oos,9,0.222222,-9.288889,5,3,0.260870
short,ema20_distance_atr,touch_to_signal_atr,high&low,discovery,16,0.250000,14.206250,9,5,0.294118
short,ema20_distance_atr,touch_to_signal_atr,low&high,discovery,16,0.375000,6.812500,9,5,0.294118
short,ema20_distance_atr,touch_to_signal_atr,low&low,discovery,51,0.254902,1.147059,11,5,0.294118
short,ema20_distance_atr,touch_to_signal_atr,low&low,validation,19,0.315789,13.047368,11,7,0.272727
short,ema20_distance_atr,touch_to_signal_atr,low&low,oos,9,0.222222,19.077778,5,3,0.260870
short,ema20_distance_atr,pre6_move_atr,high&high,discovery,54,0.314815,18.057407,12,10,0.294118
short,ema20_distance_atr,pre6_move_atr,high&high,validation,11,0.272727,-36.845455,9,4,0.272727
short,ema20_distance_atr,pre6_move_atr,high&high,oos,10,0.300000,1.640000,6,4,0.260870
short,ema20_distance_atr,pre6_move_atr,high&low,discovery,13,0.307692,7.407692,8,4,0.294118
short,ema20_distance_atr,pre6_move_atr,low&high,discovery,13,0.230769,3.776923,7,4,0.294118
short,ema20_distance_atr,pre6_move_atr,low&low,discovery,54,0.296296,2.192593,12,7,0.294118
short,ema20_distance_atr,pre6_move_atr,low&low,validation,20,0.250000,6.840000,10,7,0.272727
short,ema20_distance_atr,pre6_move_atr,low&low,oos,9,0.111111,-20.800000,7,3,0.260870
short,ema20_distance_atr,bars_touch_to_signal,high&high,discovery,37,0.378378,22.429730,11,8,0.294118
short,ema20_distance_atr,bars_touch_to_signal,high&high,validation,6,0.333333,-81.483333,5,1,0.272727
short,ema20_distance_atr,bars_touch_to_signal,high&high,oos,7,0.142857,-36.500000,5,2,0.260870
short,ema20_distance_atr,bars_touch_to_signal,high&low,discovery,33,0.242424,5.357576,10,5,0.294118
short,ema20_distance_atr,bars_touch_to_signal,high&low,validation,8,0.250000,17.175000,6,3,0.272727
short,ema20_distance_atr,bars_touch_to_signal,low&high,discovery,40,0.200000,-5.312500,12,5,0.294118
short,ema20_distance_atr,bars_touch_to_signal,low&high,validation,9,0.333333,28.622222,7,5,0.272727
short,ema20_distance_atr,bars_touch_to_signal,low&high,oos,7,0.142857,-5.814286,6,3,0.260870
short,ema20_distance_atr,bars_touch_to_signal,low&low,discovery,37,0.324324,4.937838,12,7,0.294118
short,ema20_distance_atr,bars_touch_to_signal,low&low,validation,13,0.307692,6.092308,7,4,0.272727
short,ema20_distance_atr,bars_touch_to_signal,low&low,oos,5,0.400000,26.960000,4,2,0.260870
short,touch_to_signal_atr,pre6_move_atr,high&high,discovery,51,0.313725,12.629412,11,7,0.294118
short,touch_to_signal_atr,pre6_move_atr,high&high,validation,9,0.222222,-52.566667,8,3,0.272727
short,touch_to_signal_atr,pre6_move_atr,high&high,oos,10,0.300000,1.640000,5,3,0.260870
short,touch_to_signal_atr,pre6_move_atr,high&low,discovery,16,0.437500,19.312500,9,6,0.294118
short,touch_to_signal_atr,pre6_move_atr,low&high,discovery,16,0.250000,23.756250,8,5,0.294118
short,touch_to_signal_atr,pre6_move_atr,low&low,discovery,51,0.254902,-1.849020,12,7,0.294118
short,touch_to_signal_atr,pre6_move_atr,low&low,validation,19,0.263158,6.073684,10,6,0.272727
short,touch_to_signal_atr,pre6_move_atr,low&low,oos,8,0.125000,-7.825000,5,3,0.260870
short,touch_to_signal_atr,bars_touch_to_signal,high&high,discovery,43,0.348837,19.086047,11,9,0.294118
short,touch_to_signal_atr,bars_touch_to_signal,high&high,validation,7,0.142857,-85.714286,7,2,0.272727
short,touch_to_signal_atr,bars_touch_to_signal,high&high,oos,9,0.222222,-31.122222,6,2,0.260870
short,touch_to_signal_atr,bars_touch_to_signal,high&low,discovery,28,0.321429,1.053571,10,7,0.294118
short,touch_to_signal_atr,bars_touch_to_signal,high&low,validation,5,0.200000,20.420000,5,3,0.272727
short,touch_to_signal_atr,bars_touch_to_signal,low&high,discovery,34,0.205882,-5.979412,11,4,0.294118
short,touch_to_signal_atr,bars_touch_to_signal,low&high,validation,8,0.500000,46.087500,7,5,0.272727
short,touch_to_signal_atr,bars_touch_to_signal,low&high,oos,5,0.000000,-3.220000,3,2,0.260870
short,touch_to_signal_atr,bars_touch_to_signal,low&low,discovery,42,0.261905,7.857143,12,6,0.294118
short,touch_to_signal_atr,bars_touch_to_signal,low&low,validation,16,0.312500,7.156250,7,3,0.272727
short,touch_to_signal_atr,bars_touch_to_signal,low&low,oos,6,0.500000,39.133333,4,3,0.260870
short,pre6_move_atr,bars_touch_to_signal,high&high,discovery,46,0.326087,18.067391,11,9,0.294118
short,pre6_move_atr,bars_touch_to_signal,high&high,validation,7,0.428571,-55.557143,5,1,0.272727
short,pre6_move_atr,bars_touch_to_signal,high&high,oos,8,0.250000,-2.650000,5,3,0.260870
short,pre6_move_atr,bars_touch_to_signal,high&low,discovery,22,0.227273,5.118182,10,4,0.294118
short,pre6_move_atr,bars_touch_to_signal,high&low,validation,7,0.285714,24.271429,6,3,0.272727
short,pre6_move_atr,bars_touch_to_signal,high&low,oos,5,0.600000,63.780000,4,4,0.260870
short,pre6_move_atr,bars_touch_to_signal,low&high,discovery,31,0.225806,-6.893548,11,5,0.294118
short,pre6_move_atr,bars_touch_to_signal,low&high,validation,8,0.250000,19.700000,6,4,0.272727
short,pre6_move_atr,bars_touch_to_signal,low&high,oos,6,0.000000,-45.833333,5,1,0.260870
short,pre6_move_atr,bars_touch_to_signal,low&low,discovery,48,0.312500,5.143750,12,5,0.294118
short,pre6_move_atr,bars_touch_to_signal,low&low,validation,14,0.285714,3.335714,7,4,0.272727
all,signal_range_atr,signal_body_atr,high&high,discovery,118,0.355932,20.189831,12,10,0.286765
all,signal_range_atr,signal_body_atr,high&high,validation,25,0.160000,-14.456000,11,5,0.253968
all,signal_range_atr,signal_body_atr,high&high,oos,20,0.300000,29.050000,10,7,0.230769
all,signal_range_atr,signal_body_atr,high&low,discovery,17,0.176471,-12.552941,7,3,0.286765
all,signal_range_atr,signal_body_atr,high&low,oos,5,0.000000,-25.800000,4,2,0.230769
all,signal_range_atr,signal_body_atr,low&high,discovery,17,0.058824,-26.064706,10,3,0.286765
all,signal_range_atr,signal_body_atr,low&high,validation,6,0.500000,35.033333,6,3,0.253968
all,signal_range_atr,signal_body_atr,low&high,oos,8,0.375000,26.362500,6,5,0.230769
all,signal_range_atr,signal_body_atr,low&low,discovery,118,0.271186,5.336441,12,8,0.286765
all,signal_range_atr,signal_body_atr,low&low,validation,30,0.266667,8.476667,12,5,0.253968
all,signal_range_atr,signal_body_atr,low&low,oos,19,0.157895,-29.973684,9,3,0.230769
all,signal_range_atr,signal_body_ratio,high&high,discovery,89,0.370787,18.343820,12,9,0.286765
all,signal_range_atr,signal_body_ratio,high&high,validation,16,0.062500,-33.362500,8,4,0.253968
all,signal_range_atr,signal_body_ratio,high&high,oos,17,0.294118,30.847059,9,8,0.230769
all,signal_range_atr,signal_body_ratio,high&low,discovery,46,0.260870,11.660870,12,8,0.286765
all,signal_range_atr,signal_body_ratio,high&low,validation,11,0.363636,21.809091,8,4,0.253968
all,signal_range_atr,signal_body_ratio,high&low,oos,8,0.125000,-9.050000,5,2,0.230769
all,signal_range_atr,signal_body_ratio,low&high,discovery,44,0.181818,-23.031818,12,4,0.286765
all,signal_range_atr,signal_body_ratio,low&high,validation,14,0.285714,10.371429,10,6,0.253968
all,signal_range_atr,signal_body_ratio,low&high,oos,10,0.400000,13.090000,8,5,0.230769
all,signal_range_atr,signal_body_ratio,low&low,discovery,89,0.269663,11.410112,12,9,0.286765
all,signal_range_atr,signal_body_ratio,low&low,validation,22,0.318182,14.513636,11,6,0.253968
all,signal_range_atr,signal_body_ratio,low&low,oos,17,0.117647,-28.794118,9,3,0.230769
all,signal_range_atr,ema20_distance_atr,high&high,discovery,84,0.369048,20.575000,12,9,0.286765
all,signal_range_atr,ema20_distance_atr,high&high,validation,20,0.200000,-13.305000,11,5,0.253968
all,signal_range_atr,ema20_distance_atr,high&high,oos,15,0.333333,34.706667,10,8,0.230769
all,signal_range_atr,ema20_distance_atr,high&low,discovery,51,0.274510,8.641176,12,8,0.286765
all,signal_range_atr,ema20_distance_atr,high&low,validation,7,0.142857,-3.971429,5,2,0.253968
all,signal_range_atr,ema20_distance_atr,high&low,oos,10,0.100000,-6.860000,6,2,0.230769
all,signal_range_atr,ema20_distance_atr,low&high,discovery,51,0.215686,-0.880392,11,5,0.286765
all,signal_range_atr,ema20_distance_atr,low&high,validation,9,0.222222,-9.188889,6,1,0.253968
all,signal_range_atr,ema20_distance_atr,low&high,oos,15,0.200000,-12.653333,10,5,0.230769
all,signal_range_atr,ema20_distance_atr,low&low,discovery,84,0.261905,2.755952,12,8,0.286765
all,signal_range_atr,ema20_distance_atr,low&low,validation,27,0.333333,20.266667,11,8,0.253968
all,signal_range_atr,ema20_distance_atr,low&low,oos,12,0.250000,-14.066667,8,3,0.230769
all,signal_range_atr,touch_to_signal_atr,high&high,discovery,71,0.352113,18.843662,12,8,0.286765
all,signal_range_atr,touch_to_signal_atr,high&high,validation,16,0.125000,-20.543750,10,5,0.253968
all,signal_range_atr,touch_to_signal_atr,high&high,oos,12,0.333333,21.291667,7,5,0.230769
all,signal_range_atr,touch_to_signal_atr,high&low,discovery,64,0.312500,12.985937,12,8,0.286765
all,signal_range_atr,touch_to_signal_atr,high&low,validation,11,0.272727,3.163636,5,2,0.253968
all,signal_range_atr,touch_to_signal_atr,high&low,oos,13,0.153846,15.115385,8,5,0.230769
all,signal_range_atr,touch_to_signal_atr,low&high,discovery,64,0.265625,5.309375,12,6,0.286765
all,signal_range_atr,touch_to_signal_atr,low&high,validation,8,0.250000,-7.562500,5,1,0.253968
all,signal_range_atr,touch_to_signal_atr,low&high,oos,14,0.214286,-28.671429,9,5,0.230769
all,signal_range_atr,touch_to_signal_atr,low&low,discovery,71,0.225352,-2.157746,12,7,0.286765
all,signal_range_atr,touch_to_signal_atr,low&low,validation,28,0.321429,18.750000,11,7,0.253968
all,signal_range_atr,touch_to_signal_atr,low&low,oos,13,0.230769,3.292308,7,4,0.230769
all,signal_range_atr,pre6_move_atr,high&high,discovery,79,0.341772,17.770886,12,8,0.286765
all,signal_range_atr,pre6_move_atr,high&high,validation,18,0.222222,-10.444444,10,5,0.253968
all,signal_range_atr,pre6_move_atr,high&high,oos,17,0.352941,38.035294,10,8,0.230769
all,signal_range_atr,pre6_move_atr,high&low,discovery,56,0.321429,13.662500,12,7,0.286765
all,signal_range_atr,pre6_move_atr,high&low,validation,9,0.111111,-11.766667,5,1,0.253968
all,signal_range_atr,pre6_move_atr,high&low,oos,8,0.000000,-24.325000,4,0,0.230769
all,signal_range_atr,pre6_move_atr,low&high,discovery,56,0.196429,-3.544643,12,4,0.286765
all,signal_range_atr,pre6_move_atr,low&high,validation,13,0.307692,13.946154,8,3,0.253968
all,signal_range_atr,pre6_move_atr,low&high,oos,16,0.250000,-9.275000,9,6,0.230769
all,signal_range_atr,pre6_move_atr,low&low,discovery,79,0.278481,4.874684,12,6,0.286765
all,signal_range_atr,pre6_move_atr,low&low,validation,23,0.304348,12.313043,11,7,0.253968
all,signal_range_atr,pre6_move_atr,low&low,oos,11,0.181818,-19.109091,7,2,0.230769
all,signal_range_atr,bars_touch_to_signal,high&high,discovery,64,0.375000,29.123437,12,9,0.286765
all,signal_range_atr,bars_touch_to_signal,high&high,validation,12,0.083333,-33.883333,9,5,0.253968
all,signal_range_atr,bars_touch_to_signal,high&high,oos,16,0.187500,9.900000,10,6,0.230769
all,signal_range_atr,bars_touch_to_signal,high&low,discovery,85,0.317647,8.082353,12,6,0.286765
all,signal_range_atr,bars_touch_to_signal,high&low,validation,17,0.235294,2.188235,8,4,0.253968
all,signal_range_atr,bars_touch_to_signal,high&low,oos,9,0.333333,32.622222,6,4,0.230769
all,signal_range_atr,bars_touch_to_signal,low&high,discovery,79,0.215190,-4.902532,12,6,0.286765
all,signal_range_atr,bars_touch_to_signal,low&high,validation,15,0.266667,6.293333,10,5,0.253968
all,signal_range_atr,bars_touch_to_signal,low&high,oos,16,0.125000,-37.725000,9,3,0.230769
all,signal_range_atr,bars_touch_to_signal,low&low,discovery,64,0.250000,6.381250,12,9,0.286765
all,signal_range_atr,bars_touch_to_signal,low&low,validation,22,0.318182,14.872727,10,5,0.253968
all,signal_range_atr,bars_touch_to_signal,low&low,oos,13,0.384615,23.046154,9,6,0.230769
all,signal_body_atr,signal_body_ratio,high&high,discovery,106,0.320755,11.221698,12,8,0.286765
all,signal_body_atr,signal_body_ratio,high&high,validation,22,0.181818,-14.709091,9,4,0.253968
all,signal_body_atr,signal_body_ratio,high&high,oos,24,0.333333,32.404167,10,10,0.230769
all,signal_body_atr,signal_body_ratio,high&low,discovery,29,0.310345,25.855172,12,11,0.286765
all,signal_body_atr,signal_body_ratio,high&low,validation,9,0.333333,19.155556,7,4,0.253968
all,signal_body_atr,signal_body_ratio,low&high,discovery,27,0.259259,-21.122222,10,5,0.286765
all,signal_body_atr,signal_body_ratio,low&high,validation,8,0.125000,-8.125000,7,3,0.253968
all,signal_body_atr,signal_body_ratio,low&low,discovery,106,0.254717,7.566981,12,9,0.286765
all,signal_body_atr,signal_body_ratio,low&low,validation,24,0.333333,16.116667,11,6,0.253968
all,signal_body_atr,signal_body_ratio,low&low,oos,21,0.095238,-27.433333,10,4,0.230769
all,signal_body_atr,ema20_distance_atr,high&high,discovery,88,0.340909,18.456818,12,9,0.286765
all,signal_body_atr,ema20_distance_atr,high&high,validation,20,0.150000,-19.835000,11,4,0.253968
all,signal_body_atr,ema20_distance_atr,high&high,oos,16,0.375000,34.750000,10,8,0.230769
all,signal_body_atr,ema20_distance_atr,high&low,discovery,47,0.276596,6.704255,11,8,0.286765
all,signal_body_atr,ema20_distance_atr,high&low,validation,11,0.363636,22.318182,7,4,0.253968
all,signal_body_atr,ema20_distance_atr,high&low,oos,12,0.250000,19.658333,7,3,0.230769
all,signal_body_atr,ema20_distance_atr,low&high,discovery,47,0.255319,1.259574,11,5,0.286765
all,signal_body_atr,ema20_distance_atr,low&high,validation,9,0.333333,5.322222,5,3,0.253968
all,signal_body_atr,ema20_distance_atr,low&high,oos,14,0.142857,-16.085714,9,4,0.230769
all,signal_body_atr,ema20_distance_atr,low&low,discovery,88,0.261364,4.057955,12,8,0.286765
all,signal_body_atr,ema20_distance_atr,low&low,validation,23,0.260870,11.908696,11,7,0.253968
all,signal_body_atr,ema20_distance_atr,low&low,oos,10,0.100000,-47.330000,6,1,0.230769
all,signal_body_atr,touch_to_signal_atr,high&high,discovery,72,0.347222,19.173611,12,9,0.286765
all,signal_body_atr,touch_to_signal_atr,high&high,validation,17,0.117647,-21.152941,10,5,0.253968
all,signal_body_atr,touch_to_signal_atr,high&high,oos,11,0.454545,40.727273,6,5,0.230769
all,signal_body_atr,touch_to_signal_atr,high&low,discovery,63,0.285714,8.869841,12,7,0.286765
all,signal_body_atr,touch_to_signal_atr,high&low,validation,14,0.357143,14.885714,7,4,0.253968
all,signal_body_atr,touch_to_signal_atr,high&low,oos,17,0.235294,20.229412,9,6,0.230769
all,signal_body_atr,touch_to_signal_atr,low&high,discovery,63,0.269841,4.717460,12,7,0.286765
all,signal_body_atr,touch_to_signal_atr,low&high,validation,7,0.285714,-4.228571,5,2,0.253968
all,signal_body_atr,touch_to_signal_atr,low&high,oos,15,0.133333,-39.593333,9,4,0.230769
all,signal_body_atr,touch_to_signal_atr,low&low,discovery,72,0.250000,1.654167,12,6,0.286765
all,signal_body_atr,touch_to_signal_atr,low&low,validation,25,0.280000,14.056000,11,5,0.253968
all,signal_body_atr,touch_to_signal_atr,low&low,oos,9,0.111111,-11.622222,6,2,0.230769
all,signal_body_atr,pre6_move_atr,high&high,discovery,83,0.325301,19.453012,12,8,0.286765
all,signal_body_atr,pre6_move_atr,high&high,validation,19,0.157895,-18.478947,10,4,0.253968
all,signal_body_atr,pre6_move_atr,high&high,oos,18,0.444444,49.461111,10,10,0.230769
all,signal_body_atr,pre6_move_atr,high&low,discovery,52,0.307692,6.244231,11,6,0.286765
all,signal_body_atr,pre6_move_atr,high&low,validation,12,0.333333,16.658333,8,4,0.253968
all,signal_body_atr,pre6_move_atr,high&low,oos,10,0.100000,-9.840000,6,2,0.230769
all,signal_body_atr,pre6_move_atr,low&high,discovery,52,0.211538,-7.869231,11,6,0.286765
all,signal_body_atr,pre6_move_atr,low&high,validation,12,0.416667,28.700000,7,5,0.253968
all,signal_body_atr,pre6_move_atr,low&high,oos,15,0.133333,-26.140000,8,5,0.230769
all,signal_body_atr,pre6_move_atr,low&low,discovery,83,0.289157,9.945783,12,6,0.286765
all,signal_body_atr,pre6_move_atr,low&low,validation,20,0.200000,-1.130000,11,6,0.253968
all,signal_body_atr,pre6_move_atr,low&low,oos,9,0.111111,-34.044444,6,1,0.230769
all,signal_body_atr,bars_touch_to_signal,high&high,discovery,63,0.349206,23.987302,12,9,0.286765
all,signal_body_atr,bars_touch_to_signal,high&high,validation,15,0.200000,-15.833333,9,5,0.253968
all,signal_body_atr,bars_touch_to_signal,high&high,oos,14,0.214286,12.228571,9,5,0.230769
all,signal_body_atr,bars_touch_to_signal,high&low,discovery,88,0.306818,8.495455,12,7,0.286765
all,signal_body_atr,bars_touch_to_signal,high&low,validation,18,0.222222,0.600000,8,4,0.253968
all,signal_body_atr,bars_touch_to_signal,high&low,oos,15,0.400000,38.353333,9,8,0.230769
all,signal_body_atr,bars_touch_to_signal,low&high,discovery,80,0.237500,-0.432500,12,7,0.286765
all,signal_body_atr,bars_touch_to_signal,low&high,validation,12,0.166667,-6.225000,10,5,0.253968
all,signal_body_atr,bars_touch_to_signal,low&high,oos,18,0.111111,-34.244444,9,4,0.230769
all,signal_body_atr,bars_touch_to_signal,low&low,discovery,61,0.262295,5.701639,12,7,0.286765
all,signal_body_atr,bars_touch_to_signal,low&low,validation,21,0.333333,16.838095,10,5,0.253968
all,signal_body_atr,bars_touch_to_signal,low&low,oos,7,0.285714,2.557143,6,2,0.230769
all,signal_body_ratio,ema20_distance_atr,high&high,discovery,82,0.304878,5.125610,12,8,0.286765
all,signal_body_ratio,ema20_distance_atr,high&high,validation,14,0.000000,-44.242857,8,2,0.253968
all,signal_body_ratio,ema20_distance_atr,high&high,oos,15,0.333333,26.120000,10,7,0.230769
all,signal_body_ratio,ema20_distance_atr,high&low,discovery,51,0.313725,3.900000,12,7,0.286765
all,signal_body_ratio,ema20_distance_atr,high&low,validation,16,0.312500,14.425000,10,6,0.253968
all,signal_body_ratio,ema20_distance_atr,high&low,oos,12,0.333333,21.958333,7,4,0.230769
all,signal_body_ratio,ema20_distance_atr,low&high,discovery,51,0.313725,21.149020,12,9,0.286765
all,signal_body_ratio,ema20_distance_atr,low&high,validation,15,0.400000,18.040000,8,5,0.253968
all,signal_body_ratio,ema20_distance_atr,low&high,oos,15,0.200000,-4.066667,9,3,0.230769
all,signal_body_ratio,ema20_distance_atr,low&low,discovery,84,0.238095,5.634524,12,8,0.286765
all,signal_body_ratio,ema20_distance_atr,low&low,validation,18,0.277778,16.033333,9,6,0.253968
all,signal_body_ratio,ema20_distance_atr,low&low,oos,10,0.000000,-50.090000,5,0,0.230769
all,signal_body_ratio,touch_to_signal_atr,high&high,discovery,67,0.298507,0.601493,12,7,0.286765
all,signal_body_ratio,touch_to_signal_atr,high&high,validation,11,0.000000,-45.036364,8,3,0.253968
all,signal_body_ratio,touch_to_signal_atr,high&high,oos,11,0.363636,13.372727,7,5,0.230769
all,signal_body_ratio,touch_to_signal_atr,high&low,discovery,66,0.318182,8.771212,12,7,0.286765
all,signal_body_ratio,touch_to_signal_atr,high&low,validation,19,0.263158,5.621053,10,5,0.253968
all,signal_body_ratio,touch_to_signal_atr,high&low,oos,16,0.312500,31.762500,9,7,0.230769
all,signal_body_ratio,touch_to_signal_atr,low&high,discovery,66,0.318182,22.013636,12,9,0.286765
all,signal_body_ratio,touch_to_signal_atr,low&high,validation,13,0.307692,8.169231,8,4,0.253968
all,signal_body_ratio,touch_to_signal_atr,low&high,oos,15,0.200000,-19.533333,9,4,0.230769
all,signal_body_ratio,touch_to_signal_atr,low&low,discovery,69,0.217391,1.434783,12,9,0.286765
all,signal_body_ratio,touch_to_signal_atr,low&low,validation,20,0.350000,22.650000,9,6,0.253968
all,signal_body_ratio,touch_to_signal_atr,low&low,oos,10,0.000000,-26.890000,8,1,0.230769
all,signal_body_ratio,pre6_move_atr,high&high,discovery,78,0.294872,8.401282,12,7,0.286765
all,signal_body_ratio,pre6_move_atr,high&high,validation,12,0.000000,-48.908333,7,3,0.253968
all,signal_body_ratio,pre6_move_atr,high&high,oos,17,0.411765,42.711765,10,9,0.230769
all,signal_body_ratio,pre6_move_atr,high&low,discovery,55,0.327273,-0.656364,12,7,0.286765
all,signal_body_ratio,pre6_move_atr,high&low,validation,18,0.277778,11.016667,10,6,0.253968
all,signal_body_ratio,pre6_move_atr,high&low,oos,10,0.200000,-7.080000,6,3,0.230769
all,signal_body_ratio,pre6_move_atr,low&high,discovery,57,0.263158,9.650877,12,9,0.286765
all,signal_body_ratio,pre6_move_atr,low&high,validation,19,0.421053,30.536842,9,6,0.253968
all,signal_body_ratio,pre6_move_atr,low&high,oos,16,0.187500,-14.243750,8,4,0.230769
all,signal_body_ratio,pre6_move_atr,low&low,discovery,78,0.269231,12.843590,12,9,0.286765
all,signal_body_ratio,pre6_move_atr,low&low,validation,14,0.214286,-1.500000,9,5,0.253968
all,signal_body_ratio,pre6_move_atr,low&low,oos,9,0.000000,-37.111111,7,0,0.230769
all,signal_body_ratio,bars_touch_to_signal,high&high,discovery,62,0.290323,2.901613,11,5,0.286765
all,signal_body_ratio,bars_touch_to_signal,high&high,validation,12,0.166667,-25.416667,9,4,0.253968
all,signal_body_ratio,bars_touch_to_signal,high&high,oos,14,0.142857,-9.264286,9,4,0.230769
all,signal_body_ratio,bars_touch_to_signal,high&low,discovery,87,0.321839,6.702299,12,8,0.286765
all,signal_body_ratio,bars_touch_to_signal,high&low,validation,20,0.150000,-7.955000,9,4,0.253968
all,signal_body_ratio,bars_touch_to_signal,high&low,oos,14,0.500000,52.828571,9,8,0.230769
all,signal_body_ratio,bars_touch_to_signal,low&high,discovery,79,0.278481,14.078481,12,9,0.286765
all,signal_body_ratio,bars_touch_to_signal,low&high,validation,15,0.200000,-0.480000,9,4,0.253968
all,signal_body_ratio,bars_touch_to_signal,low&high,oos,18,0.166667,-17.527778,9,4,0.230769
all,signal_body_ratio,bars_touch_to_signal,low&low,discovery,64,0.234375,6.839062,12,8,0.286765
all,signal_body_ratio,bars_touch_to_signal,low&low,validation,19,0.421053,27.552632,9,5,0.253968
all,signal_body_ratio,bars_touch_to_signal,low&low,oos,8,0.125000,-18.300000,8,1,0.230769
all,ema20_distance_atr,touch_to_signal_atr,high&high,discovery,98,0.306122,12.439796,12,9,0.286765
all,ema20_distance_atr,touch_to_signal_atr,high&high,validation,21,0.142857,-24.914286,11,5,0.253968
all,ema20_distance_atr,touch_to_signal_atr,high&high,oos,21,0.285714,5.961905,10,6,0.230769
all,ema20_distance_atr,touch_to_signal_atr,high&low,discovery,37,0.324324,12.548649,12,8,0.286765
all,ema20_distance_atr,touch_to_signal_atr,high&low,validation,8,0.375000,21.800000,5,2,0.253968
all,ema20_distance_atr,touch_to_signal_atr,high&low,oos,9,0.222222,22.844444,8,6,0.230769
all,ema20_distance_atr,touch_to_signal_atr,low&high,discovery,37,0.324324,12.394595,12,7,0.286765
all,ema20_distance_atr,touch_to_signal_atr,low&high,oos,5,0.200000,-54.220000,4,1,0.230769
all,ema20_distance_atr,touch_to_signal_atr,low&low,discovery,98,0.244898,2.179592,12,5,0.286765
all,ema20_distance_atr,touch_to_signal_atr,low&low,validation,31,0.290323,12.432258,11,7,0.253968
all,ema20_distance_atr,touch_to_signal_atr,low&low,oos,17,0.176471,1.982353,8,2,0.230769
all,ema20_distance_atr,pre6_move_atr,high&high,discovery,107,0.299065,13.525234,12,9,0.286765
all,ema20_distance_atr,pre6_move_atr,high&high,validation,26,0.230769,-10.915385,10,5,0.253968
all,ema20_distance_atr,pre6_move_atr,high&high,oos,27,0.296296,16.985185,11,8,0.230769
all,ema20_distance_atr,pre6_move_atr,high&low,discovery,28,0.357143,8.435714,11,7,0.286765
all,ema20_distance_atr,pre6_move_atr,low&high,discovery,28,0.214286,-8.635714,11,3,0.286765
all,ema20_distance_atr,pre6_move_atr,low&high,validation,5,0.400000,55.420000,4,4,0.253968
all,ema20_distance_atr,pre6_move_atr,low&high,oos,6,0.333333,6.600000,5,3,0.230769
all,ema20_distance_atr,pre6_move_atr,low&low,discovery,107,0.280374,8.542056,12,8,0.286765
all,ema20_distance_atr,pre6_move_atr,low&low,validation,29,0.275862,8.355172,11,7,0.253968
all,ema20_distance_atr,pre6_move_atr,low&low,oos,16,0.125000,-17.312500,9,2,0.230769
all,ema20_distance_atr,bars_touch_to_signal,high&high,discovery,79,0.341772,16.889873,12,9,0.286765
all,ema20_distance_atr,bars_touch_to_signal,high&high,validation,14,0.142857,-37.835714,10,5,0.253968
all,ema20_distance_atr,bars_touch_to_signal,high&high,oos,22,0.227273,3.272727,10,5,0.230769
all,ema20_distance_atr,bars_touch_to_signal,high&low,discovery,72,0.291667,9.684722,12,7,0.286765
all,ema20_distance_atr,bars_touch_to_signal,high&low,validation,18,0.222222,3.472222,7,3,0.253968
all,ema20_distance_atr,bars_touch_to_signal,high&low,oos,9,0.444444,39.866667,7,5,0.230769
all,ema20_distance_atr,bars_touch_to_signal,low&high,discovery,64,0.218750,2.223437,12,4,0.286765
all,ema20_distance_atr,bars_touch_to_signal,low&high,validation,13,0.230769,16.730769,7,5,0.253968
all,ema20_distance_atr,bars_touch_to_signal,low&high,oos,10,0.000000,-51.720000,8,1,0.230769
all,ema20_distance_atr,bars_touch_to_signal,low&low,discovery,77,0.285714,5.170130,12,6,0.286765
all,ema20_distance_atr,bars_touch_to_signal,low&low,validation,21,0.333333,14.376190,10,5,0.253968
all,ema20_distance_atr,bars_touch_to_signal,low&low,oos,13,0.307692,18.030769,8,4,0.230769
all,touch_to_signal_atr,pre6_move_atr,high&high,discovery,102,0.294118,10.522549,12,9,0.286765
all,touch_to_signal_atr,pre6_move_atr,high&high,validation,21,0.190476,-17.980952,10,5,0.253968
all,touch_to_signal_atr,pre6_move_atr,high&high,oos,24,0.291667,1.650000,10,7,0.230769
all,touch_to_signal_atr,pre6_move_atr,high&low,discovery,33,0.363636,18.315152,11,6,0.286765
all,touch_to_signal_atr,pre6_move_atr,low&high,discovery,33,0.242424,4.003030,11,6,0.286765
all,touch_to_signal_atr,pre6_move_atr,low&high,validation,10,0.400000,37.090000,6,4,0.253968
all,touch_to_signal_atr,pre6_move_atr,low&high,oos,9,0.333333,50.955556,9,8,0.230769
all,touch_to_signal_atr,pre6_move_atr,low&low,discovery,102,0.274510,5.350980,12,7,0.286765
all,touch_to_signal_atr,pre6_move_atr,low&low,validation,29,0.275862,6.513793,11,6,0.253968
all,touch_to_signal_atr,pre6_move_atr,low&low,oos,17,0.117647,-12.900000,8,1,0.230769
all,touch_to_signal_atr,bars_touch_to_signal,high&high,discovery,104,0.317308,14.478846,12,8,0.286765
all,touch_to_signal_atr,bars_touch_to_signal,high&high,validation,16,0.125000,-30.981250,10,5,0.253968
all,touch_to_signal_atr,bars_touch_to_signal,high&high,oos,22,0.227273,-16.581818,10,4,0.230769
all,touch_to_signal_atr,bars_touch_to_signal,high&low,discovery,46,0.282609,5.993478,12,8,0.286765
all,touch_to_signal_atr,bars_touch_to_signal,high&low,validation,11,0.181818,-1.081818,6,3,0.253968
all,touch_to_signal_atr,bars_touch_to_signal,high&low,oos,5,0.600000,63.780000,4,4,0.230769
all,touch_to_signal_atr,bars_touch_to_signal,low&high,discovery,39,0.205128,-0.748718,12,7,0.286765
all,touch_to_signal_atr,bars_touch_to_signal,low&high,validation,11,0.272727,16.681818,7,5,0.253968
all,touch_to_signal_atr,bars_touch_to_signal,low&high,oos,10,0.000000,-8.040000,8,4,0.230769
all,touch_to_signal_atr,bars_touch_to_signal,low&low,discovery,103,0.291262,7.958252,12,9,0.286765
all,touch_to_signal_atr,bars_touch_to_signal,low&low,validation,28,0.321429,13.439286,10,4,0.253968
all,touch_to_signal_atr,bars_touch_to_signal,low&low,oos,17,0.294118,16.135294,9,5,0.230769
all,pre6_move_atr,bars_touch_to_signal,high&high,discovery,97,0.298969,11.050515,12,8,0.286765
all,pre6_move_atr,bars_touch_to_signal,high&high,validation,17,0.176471,-19.464706,10,6,0.253968
all,pre6_move_atr,bars_touch_to_signal,high&high,oos,24,0.208333,0.862500,10,6,0.230769
all,pre6_move_atr,bars_touch_to_signal,high&low,discovery,57,0.263158,7.245614,12,7,0.286765
all,pre6_move_atr,bars_touch_to_signal,high&low,validation,17,0.294118,12.105882,8,4,0.253968
all,pre6_move_atr,bars_touch_to_signal,high&low,oos,10,0.600000,57.750000,8,7,0.230769
all,pre6_move_atr,bars_touch_to_signal,low&high,discovery,46,0.260870,8.797826,11,6,0.286765
all,pre6_move_atr,bars_touch_to_signal,low&high,validation,10,0.200000,1.870000,7,4,0.253968
all,pre6_move_atr,bars_touch_to_signal,low&high,oos,8,0.000000,-58.237500,7,0,0.230769
all,pre6_move_atr,bars_touch_to_signal,low&low,discovery,92,0.304348,7.417391,12,7,0.286765
all,pre6_move_atr,bars_touch_to_signal,low&low,validation,22,0.272727,7.209091,10,5,0.253968
all,pre6_move_atr,bars_touch_to_signal,low&low,oos,12,0.166667,1.308333,7,3,0.230769
