direction,feature,threshold_source,threshold_q,threshold,side,period,n,hit_rate,mean_pips,median_pips,pairs,positive_pairs,base_rate,lift
long,signal_range_atr,discovery,q25,0.736987,low,discovery,34,0.323529,5.620588,-12.900000,12,7,0.279412,0.044118
long,signal_range_atr,discovery,q25,0.736987,low,validation,3,0.333333,53.533333,30.900000,2,2,0.233333,0.100000
long,signal_range_atr,discovery,q25,0.736987,low,oos,4,0.000000,-95.550000,-38.350000,4,0,0.206897,-0.206897
long,signal_range_atr,discovery,q25,0.736987,high,discovery,102,0.264706,9.074510,-2.250000,12,7,0.279412,-0.014706
long,signal_range_atr,discovery,q25,0.736987,high,validation,27,0.222222,7.814815,-10.800000,11,7,0.233333,-0.011111
long,signal_range_atr,discovery,q25,0.736987,high,oos,25,0.240000,16.724000,14.700000,12,7,0.206897,0.033103
long,signal_range_atr,discovery,q50,0.999023,low,discovery,68,0.250000,1.214706,-15.300000,12,6,0.279412,-0.029412
long,signal_range_atr,discovery,q50,0.999023,low,validation,13,0.384615,33.869231,29.700000,9,5,0.233333,0.151282
long,signal_range_atr,discovery,q50,0.999023,low,oos,11,0.181818,-30.100000,-29.200000,7,3,0.206897,-0.025078
long,signal_range_atr,discovery,q50,0.999023,high,discovery,68,0.308824,15.207353,6.950000,12,7,0.279412,0.029412
long,signal_range_atr,discovery,q50,0.999023,high,validation,17,0.117647,-4.041176,-21.700000,9,5,0.233333,-0.115686
long,signal_range_atr,discovery,q50,0.999023,high,oos,18,0.222222,20.388889,15.750000,12,7,0.206897,0.015326
long,signal_range_atr,discovery,q75,1.358971,low,discovery,102,0.254902,5.564706,-9.650000,12,5,0.279412,-0.024510
long,signal_range_atr,discovery,q75,1.358971,low,validation,17,0.352941,25.105882,29.700000,11,5,0.233333,0.119608
long,signal_range_atr,discovery,q75,1.358971,low,oos,22,0.181818,-9.231818,-21.550000,10,5,0.206897,-0.025078
long,signal_range_atr,discovery,q75,1.358971,high,discovery,34,0.352941,16.150000,1.350000,11,9,0.279412,0.073529
long,signal_range_atr,discovery,q75,1.358971,high,validation,13,0.076923,-4.246154,-21.700000,7,4,0.233333,-0.156410
long,signal_range_atr,discovery,q75,1.358971,high,oos,7,0.285714,34.142857,16.800000,6,4,0.206897,0.078818
long,signal_body_atr,discovery,q25,0.282576,low,discovery,34,0.294118,8.535294,-11.950000,12,6,0.279412,0.014706
long,signal_body_atr,discovery,q25,0.282576,low,validation,5,0.200000,-0.380000,29.700000,4,2,0.233333,-0.033333
long,signal_body_atr,discovery,q25,0.282576,low,oos,8,0.250000,-16.612500,12.200000,7,3,0.206897,0.043103
long,signal_body_atr,discovery,q25,0.282576,high,discovery,102,0.274510,8.102941,0.050000,12,7,0.279412,-0.004902
long,signal_body_atr,discovery,q25,0.282576,high,validation,25,0.240000,14.940000,-9.700000,11,7,0.233333,0.006667
long,signal_body_atr,discovery,q25,0.282576,high,oos,21,0.190476,8.038095,-19.900000,11,5,0.206897,-0.016420
long,signal_body_atr,discovery,q50,0.529560,low,discovery,68,0.264706,6.304412,-13.450000,12,6,0.279412,-0.014706
long,signal_body_atr,discovery,q50,0.529560,low,validation,12,0.333333,20.025000,30.300000,9,4,0.233333,0.100000
long,signal_body_atr,discovery,q50,0.529560,low,oos,13,0.153846,-28.376923,-22.500000,7,3,0.206897,-0.053050
long,signal_body_atr,discovery,q50,0.529560,high,discovery,68,0.294118,10.117647,9.300000,12,8,0.279412,0.014706
long,signal_body_atr,discovery,q50,0.529560,high,validation,18,0.166667,7.294444,-10.250000,9,6,0.233333,-0.066667
long,signal_body_atr,discovery,q50,0.529560,high,oos,16,0.250000,25.300000,15.750000,10,7,0.206897,0.043103
long,signal_body_atr,discovery,q75,0.905622,low,discovery,102,0.254902,2.300980,-13.450000,12,6,0.279412,-0.024510
long,signal_body_atr,discovery,q75,0.905622,low,validation,18,0.333333,24.438889,28.400000,11,5,0.233333,0.100000
long,signal_body_atr,discovery,q75,0.905622,low,oos,21,0.142857,-15.157143,-22.500000,10,4,0.206897,-0.064039
long,signal_body_atr,discovery,q75,0.905622,high,discovery,34,0.352941,25.941176,29.550000,11,8,0.279412,0.073529
long,signal_body_atr,discovery,q75,0.905622,high,validation,12,0.083333,-5.691667,-22.000000,7,4,0.233333,-0.150000
long,signal_body_atr,discovery,q75,0.905622,high,oos,8,0.375000,44.275000,40.400000,7,5,0.206897,0.168103
long,signal_body_ratio,discovery,q25,0.384331,low,discovery,34,0.294118,2.723529,-14.400000,12,7,0.279412,0.014706
long,signal_body_ratio,discovery,q25,0.384331,low,validation,7,0.142857,-20.171429,-31.000000,6,2,0.233333,-0.090476
long,signal_body_ratio,discovery,q25,0.384331,low,oos,10,0.200000,-26.110000,-20.250000,7,3,0.206897,-0.006897
long,signal_body_ratio,discovery,q25,0.384331,high,discovery,100,0.270000,8.396000,0.050000,12,8,0.279412,-0.009412
long,signal_body_ratio,discovery,q25,0.384331,high,validation,23,0.260870,22.295652,13.100000,10,7,0.233333,0.027536
long,signal_body_ratio,discovery,q25,0.384331,high,oos,19,0.210526,15.631579,14.300000,11,5,0.206897,0.003630
long,signal_body_ratio,discovery,q50,0.554493,low,discovery,67,0.328358,14.258209,0.700000,12,7,0.279412,0.048946
long,signal_body_ratio,discovery,q50,0.554493,low,validation,15,0.333333,21.493333,29.700000,10,5,0.233333,0.100000
long,signal_body_ratio,discovery,q50,0.554493,low,oos,18,0.111111,-21.533333,-23.900000,9,3,0.206897,-0.095785
long,signal_body_ratio,discovery,q50,0.554493,high,discovery,67,0.223881,-0.344776,-18.000000,12,5,0.279412,-0.055531
long,signal_body_ratio,discovery,q50,0.554493,high,validation,15,0.133333,3.280000,-10.800000,8,4,0.233333,-0.100000
long,signal_body_ratio,discovery,q50,0.554493,high,oos,11,0.363636,38.500000,29.500000,8,6,0.206897,0.156740
long,signal_body_ratio,discovery,q75,0.760379,low,discovery,100,0.290000,10.693000,-7.250000,12,8,0.279412,0.010588
long,signal_body_ratio,discovery,q75,0.760379,low,validation,22,0.272727,21.650000,28.400000,11,7,0.233333,0.039394
long,signal_body_ratio,discovery,q75,0.760379,low,oos,25,0.200000,-6.468000,-21.500000,12,5,0.206897,-0.006897
long,signal_body_ratio,discovery,q75,0.760379,high,discovery,34,0.235294,-4.032353,-15.050000,11,6,0.279412,-0.044118
long,signal_body_ratio,discovery,q75,0.760379,high,validation,8,0.125000,-13.087500,-25.150000,5,2,0.233333,-0.108333
long,signal_body_ratio,discovery,q75,0.760379,high,oos,4,0.250000,49.400000,40.400000,4,4,0.206897,0.043103
long,ema20_distance_atr,discovery,q25,1.032466,low,discovery,34,0.205882,5.682353,-18.500000,12,6,0.279412,-0.073529
long,ema20_distance_atr,discovery,q25,1.032466,low,validation,9,0.444444,26.277778,29.700000,7,3,0.233333,0.211111
long,ema20_distance_atr,discovery,q25,1.032466,low,oos,6,0.166667,-11.316667,-26.900000,4,1,0.206897,-0.040230
long,ema20_distance_atr,discovery,q25,1.032466,high,discovery,102,0.303922,9.053922,2.500000,12,6,0.279412,0.024510
long,ema20_distance_atr,discovery,q25,1.032466,high,validation,21,0.142857,6.433333,-10.800000,10,6,0.233333,-0.090476
long,ema20_distance_atr,discovery,q25,1.032466,high,oos,23,0.217391,4.513043,14.700000,12,7,0.206897,0.010495
long,ema20_distance_atr,discovery,q50,1.378524,low,discovery,68,0.250000,7.422059,-15.000000,12,9,0.279412,-0.029412
long,ema20_distance_atr,discovery,q50,1.378524,low,validation,13,0.307692,21.738462,27.100000,8,5,0.233333,0.074359
long,ema20_distance_atr,discovery,q50,1.378524,low,oos,10,0.100000,-33.150000,-38.350000,7,1,0.206897,-0.106897
long,ema20_distance_atr,discovery,q50,1.378524,high,discovery,68,0.308824,9.000000,9.600000,12,6,0.279412,0.029412
long,ema20_distance_atr,discovery,q50,1.378524,high,validation,17,0.176471,5.235294,-21.700000,10,6,0.233333,-0.056863
long,ema20_distance_atr,discovery,q50,1.378524,high,oos,19,0.263158,19.336842,29.500000,11,7,0.206897,0.056261
long,ema20_distance_atr,discovery,q75,1.871451,low,discovery,102,0.254902,1.106863,-19.250000,12,5,0.279412,-0.024510
long,ema20_distance_atr,discovery,q75,1.871451,low,validation,21,0.285714,22.209524,27.100000,9,6,0.233333,0.052381
long,ema20_distance_atr,discovery,q75,1.871451,low,oos,19,0.157895,-13.842105,-21.900000,11,5,0.206897,-0.049002
long,ema20_distance_atr,discovery,q75,1.871451,high,discovery,34,0.352941,29.523529,40.750000,11,9,0.279412,0.073529
long,ema20_distance_atr,discovery,q75,1.871451,high,validation,9,0.111111,-10.533333,-28.000000,6,2,0.233333,-0.122222
long,ema20_distance_atr,discovery,q75,1.871451,high,oos,10,0.300000,29.890000,22.100000,8,6,0.206897,0.093103
long,touch_to_signal_atr,discovery,q25,1.086311,low,discovery,34,0.205882,5.823529,-19.250000,12,7,0.279412,-0.073529
long,touch_to_signal_atr,discovery,q25,1.086311,low,validation,5,0.600000,62.480000,100.000000,4,3,0.233333,0.366667
long,touch_to_signal_atr,discovery,q25,1.086311,low,oos,11,0.090909,-12.763636,-21.900000,8,2,0.206897,-0.115987
long,touch_to_signal_atr,discovery,q25,1.086311,high,discovery,102,0.303922,9.006863,2.500000,12,7,0.279412,0.024510
long,touch_to_signal_atr,discovery,q25,1.086311,high,validation,25,0.160000,2.368000,-10.800000,11,7,0.233333,-0.073333
long,touch_to_signal_atr,discovery,q25,1.086311,high,oos,18,0.277778,9.794444,37.250000,11,8,0.206897,0.070881
long,touch_to_signal_atr,discovery,q50,1.968812,low,discovery,68,0.235294,3.232353,-19.250000,12,6,0.279412,-0.044118
long,touch_to_signal_atr,discovery,q50,1.968812,low,validation,20,0.200000,3.565000,-10.250000,10,5,0.233333,-0.033333
long,touch_to_signal_atr,discovery,q50,1.968812,low,oos,16,0.187500,7.043750,-20.250000,11,6,0.206897,-0.019397
long,touch_to_signal_atr,discovery,q50,1.968812,high,discovery,68,0.323529,13.189706,21.200000,12,8,0.279412,0.044118
long,touch_to_signal_atr,discovery,q50,1.968812,high,validation,10,0.300000,30.030000,8.700000,8,6,0.233333,0.066667
long,touch_to_signal_atr,discovery,q50,1.968812,high,oos,13,0.230769,-5.907692,14.300000,9,6,0.206897,0.023873
long,touch_to_signal_atr,discovery,q75,2.905239,low,discovery,102,0.215686,-1.006863,-20.000000,12,5,0.279412,-0.063725
long,touch_to_signal_atr,discovery,q75,2.905239,low,validation,25,0.240000,8.900000,-9.700000,11,6,0.233333,0.006667
long,touch_to_signal_atr,discovery,q75,2.905239,low,oos,21,0.238095,14.704762,14.300000,12,7,0.206897,0.031199
long,touch_to_signal_atr,discovery,q75,2.905239,high,discovery,34,0.470588,35.864706,75.100000,12,8,0.279412,0.191176
long,touch_to_signal_atr,discovery,q75,2.905239,high,validation,5,0.200000,29.820000,13.100000,5,3,0.233333,-0.033333
long,touch_to_signal_atr,discovery,q75,2.905239,high,oos,8,0.125000,-34.112500,-23.400000,6,3,0.206897,-0.081897
long,pre6_move_atr,discovery,q25,0.291176,low,discovery,34,0.411765,28.776471,-6.000000,12,7,0.279412,0.132353
long,pre6_move_atr,discovery,q25,0.291176,low,validation,5,0.400000,6.420000,-17.300000,4,2,0.233333,0.166667
long,pre6_move_atr,discovery,q25,0.291176,low,oos,2,0.000000,-33.650000,-33.650000,2,0,0.206897,-0.206897
long,pre6_move_atr,discovery,q25,0.291176,high,discovery,102,0.235294,1.355882,-5.100000,12,6,0.279412,-0.044118
long,pre6_move_atr,discovery,q25,0.291176,high,validation,25,0.200000,13.580000,4.300000,11,7,0.233333,-0.033333
long,pre6_move_atr,discovery,q25,0.291176,high,oos,27,0.222222,3.822222,14.300000,11,6,0.206897,0.015326
long,pre6_move_atr,discovery,q50,1.012937,low,discovery,68,0.294118,12.508824,-12.600000,12,6,0.279412,0.014706
long,pre6_move_atr,discovery,q50,1.012937,low,validation,10,0.200000,-2.700000,-14.050000,8,3,0.233333,-0.033333
long,pre6_move_atr,discovery,q50,1.012937,low,oos,9,0.111111,-18.288889,-22.500000,6,1,0.206897,-0.095785
long,pre6_move_atr,discovery,q50,1.012937,high,discovery,68,0.264706,3.913235,1.200000,12,8,0.279412,-0.014706
long,pre6_move_atr,discovery,q50,1.012937,high,validation,20,0.250000,19.930000,20.100000,10,7,0.233333,0.016667
long,pre6_move_atr,discovery,q50,1.012937,high,oos,20,0.250000,10.025000,23.150000,11,8,0.206897,0.043103
long,pre6_move_atr,discovery,q75,1.920260,low,discovery,102,0.284314,3.700000,-16.950000,12,6,0.279412,0.004902
long,pre6_move_atr,discovery,q75,1.920260,low,validation,23,0.260870,17.943478,13.100000,9,6,0.233333,0.027536
long,pre6_move_atr,discovery,q75,1.920260,low,oos,17,0.176471,-4.388235,-21.900000,10,3,0.206897,-0.030426
long,pre6_move_atr,discovery,q75,1.920260,high,discovery,34,0.264706,21.744118,28.750000,12,10,0.279412,-0.014706
long,pre6_move_atr,discovery,q75,1.920260,high,validation,7,0.142857,-5.871429,-28.000000,5,2,0.233333,-0.090476
long,pre6_move_atr,discovery,q75,1.920260,high,oos,12,0.250000,9.208333,23.150000,8,5,0.206897,0.043103
long,bars_touch_to_signal,discovery,q25,3.000000,low,discovery,35,0.314286,8.294286,-20.500000,12,6,0.279412,0.034874
long,bars_touch_to_signal,discovery,q25,3.000000,low,validation,7,0.142857,-3.028571,-17.300000,7,2,0.233333,-0.090476
long,bars_touch_to_signal,discovery,q25,3.000000,low,oos,8,0.250000,5.250000,-20.250000,6,2,0.206897,0.043103
long,bars_touch_to_signal,discovery,q25,3.000000,high,discovery,112,0.267857,6.739286,-2.200000,12,7,0.279412,-0.011555
long,bars_touch_to_signal,discovery,q25,3.000000,high,validation,23,0.260870,17.078261,13.100000,11,7,0.233333,0.027536
long,bars_touch_to_signal,discovery,q25,3.000000,high,oos,24,0.166667,-4.200000,-20.250000,10,5,0.206897,-0.040230
long,bars_touch_to_signal,discovery,q50,8.000000,low,discovery,72,0.263889,3.756944,-20.000000,12,4,0.279412,-0.015523
long,bars_touch_to_signal,discovery,q50,8.000000,low,validation,19,0.210526,2.494737,-17.300000,10,4,0.233333,-0.022807
long,bars_touch_to_signal,discovery,q50,8.000000,low,oos,13,0.230769,6.723077,-20.600000,10,4,0.206897,0.023873
long,bars_touch_to_signal,discovery,q50,8.000000,high,discovery,71,0.281690,9.745070,15.300000,12,7,0.279412,0.002278
long,bars_touch_to_signal,discovery,q50,8.000000,high,validation,13,0.307692,35.469231,27.100000,8,6,0.233333,0.074359
long,bars_touch_to_signal,discovery,q50,8.000000,high,oos,17,0.176471,-4.747059,14.300000,10,6,0.206897,-0.030426
long,bars_touch_to_signal,discovery,q75,16.250000,low,discovery,102,0.225490,0.132353,-20.000000,12,5,0.279412,-0.053922
long,bars_touch_to_signal,discovery,q75,16.250000,low,validation,24,0.250000,8.141667,-10.250000,11,6,0.233333,0.016667
long,bars_touch_to_signal,discovery,q75,16.250000,low,oos,20,0.200000,9.890000,-20.250000,12,5,0.206897,-0.006897
long,bars_touch_to_signal,discovery,q75,16.250000,high,discovery,34,0.441176,32.447059,75.100000,12,9,0.279412,0.161765
long,bars_touch_to_signal,discovery,q75,16.250000,high,validation,6,0.166667,29.366667,20.100000,5,3,0.233333,-0.066667
long,bars_touch_to_signal,discovery,q75,16.250000,high,oos,9,0.222222,-17.988889,16.800000,7,4,0.206897,0.015326
short,signal_range_atr,discovery,q25,0.950572,low,discovery,34,0.176471,-13.558824,-32.450000,12,5,0.294118,-0.117647
short,signal_range_atr,discovery,q25,0.950572,low,validation,8,0.250000,-0.837500,1.900000,6,4,0.272727,-0.022727
short,signal_range_atr,discovery,q25,0.950572,low,oos,7,0.142857,-55.942857,-72.400000,5,2,0.260870,-0.118012
short,signal_range_atr,discovery,q25,0.950572,high,discovery,100,0.340000,16.999000,13.250000,12,8,0.294118,0.045882
short,signal_range_atr,discovery,q25,0.950572,high,validation,25,0.280000,-7.772000,-18.800000,11,4,0.272727,0.007273
short,signal_range_atr,discovery,q25,0.950572,high,oos,16,0.312500,28.068750,39.700000,8,7,0.260870,0.051630
short,signal_range_atr,discovery,q50,1.426151,low,discovery,67,0.268657,6.105970,-28.200000,12,6,0.294118,-0.025461
short,signal_range_atr,discovery,q50,1.426151,low,validation,24,0.291667,6.145833,-15.400000,11,7,0.272727,0.018939
short,signal_range_atr,discovery,q50,1.426151,low,oos,15,0.200000,-17.893333,-39.500000,10,5,0.260870,-0.060870
short,signal_range_atr,discovery,q50,1.426151,high,discovery,67,0.328358,12.385075,7.100000,12,8,0.294118,0.034241
short,signal_range_atr,discovery,q50,1.426151,high,validation,9,0.222222,-38.722222,-19.800000,7,3,0.272727,-0.050505
short,signal_range_atr,discovery,q50,1.426151,high,oos,8,0.375000,40.737500,77.750000,7,5,0.260870,0.114130
short,signal_range_atr,discovery,q75,2.124237,low,discovery,100,0.280000,7.240000,-14.400000,12,8,0.294118,-0.014118
short,signal_range_atr,discovery,q75,2.124237,low,validation,28,0.250000,-14.885714,-19.300000,12,5,0.272727,-0.022727
short,signal_range_atr,discovery,q75,2.124237,low,oos,21,0.238095,-1.290476,-26.700000,10,5,0.260870,-0.022774
short,signal_range_atr,discovery,q75,2.124237,high,discovery,34,0.352941,15.144118,24.150000,12,6,0.294118,0.058824
short,signal_range_atr,discovery,q75,2.124237,high,validation,5,0.400000,43.160000,32.900000,4,3,0.272727,0.127273
short,signal_range_atr,discovery,q75,2.124237,high,oos,2,0.500000,42.300000,42.300000,2,1,0.260870,0.239130
short,signal_body_atr,discovery,q25,0.540131,low,discovery,34,0.205882,-0.844118,-30.000000,11,6,0.294118,-0.088235
short,signal_body_atr,discovery,q25,0.540131,low,validation,9,0.222222,-12.900000,-13.700000,7,3,0.272727,-0.050505
short,signal_body_atr,discovery,q25,0.540131,low,oos,5,0.000000,-82.180000,-85.700000,4,1,0.260870,-0.260870
short,signal_body_atr,discovery,q25,0.540131,high,discovery,100,0.330000,12.676000,10.050000,12,8,0.294118,0.035882
short,signal_body_atr,discovery,q25,0.540131,high,validation,24,0.291667,-3.537500,-19.300000,11,5,0.272727,0.018939
short,signal_body_atr,discovery,q25,0.540131,high,oos,18,0.333333,26.022222,19.100000,8,7,0.260870,0.072464
short,signal_body_atr,discovery,q50,1.019044,low,discovery,67,0.223881,1.516418,-26.000000,12,7,0.294118,-0.070237
short,signal_body_atr,discovery,q50,1.019044,low,validation,25,0.280000,2.640000,-17.100000,12,7,0.272727,0.007273
short,signal_body_atr,discovery,q50,1.019044,low,oos,15,0.200000,-17.893333,-39.500000,10,5,0.260870,-0.060870
short,signal_body_atr,discovery,q50,1.019044,high,discovery,67,0.373134,16.974627,28.300000,12,8,0.294118,0.079017
short,signal_body_atr,discovery,q50,1.019044,high,validation,8,0.250000,-33.375000,6.000000,7,4,0.272727,-0.022727
short,signal_body_atr,discovery,q50,1.019044,high,oos,8,0.375000,40.737500,77.750000,7,5,0.260870,0.114130
short,signal_body_atr,discovery,q75,1.662959,low,discovery,100,0.250000,5.318000,-17.300000,12,8,0.294118,-0.044118
short,signal_body_atr,discovery,q75,1.662959,low,validation,30,0.300000,-7.226667,-17.950000,12,6,0.272727,0.027273
short,signal_body_atr,discovery,q75,1.662959,low,oos,21,0.238095,-1.290476,-26.700000,10,5,0.260870,-0.022774
short,signal_body_atr,discovery,q75,1.662959,high,discovery,34,0.441176,20.797059,37.600000,12,6,0.294118,0.147059
short,signal_body_atr,discovery,q75,1.662959,high,validation,3,0.000000,5.266667,31.800000,3,2,0.272727,-0.272727
short,signal_body_atr,discovery,q75,1.662959,high,oos,2,0.500000,42.300000,42.300000,2,1,0.260870,0.239130
short,signal_body_ratio,discovery,q25,0.619036,low,discovery,34,0.205882,7.773529,-17.300000,11,7,0.294118,-0.088235
short,signal_body_ratio,discovery,q25,0.619036,low,validation,13,0.384615,8.892308,-10.600000,9,5,0.272727,0.111888
short,signal_body_ratio,discovery,q25,0.619036,low,oos,3,0.000000,-62.833333,-72.400000,3,1,0.260870,-0.260870
short,signal_body_ratio,discovery,q25,0.619036,high,discovery,102,0.323529,8.823529,-5.850000,12,8,0.294118,0.029412
short,signal_body_ratio,discovery,q25,0.619036,high,validation,20,0.200000,-15.830000,-19.300000,10,5,0.272727,-0.072727
short,signal_body_ratio,discovery,q25,0.619036,high,oos,20,0.300000,12.300000,-5.750000,9,7,0.260870,0.039130
short,signal_body_ratio,discovery,q50,0.768681,low,discovery,68,0.205882,3.963235,-17.300000,12,5,0.294118,-0.088235
short,signal_body_ratio,discovery,q50,0.768681,low,validation,23,0.304348,2.726087,-17.100000,11,5,0.272727,0.031621
short,signal_body_ratio,discovery,q50,0.768681,low,oos,9,0.222222,-24.300000,-42.400000,7,2,0.260870,-0.038647
short,signal_body_ratio,discovery,q50,0.768681,high,discovery,68,0.382353,13.158824,26.500000,12,9,0.294118,0.088235
short,signal_body_ratio,discovery,q50,0.768681,high,validation,10,0.200000,-26.370000,3.050000,9,4,0.272727,-0.072727
short,signal_body_ratio,discovery,q50,0.768681,high,oos,14,0.285714,19.728571,19.100000,8,7,0.260870,0.024845
short,signal_body_ratio,discovery,q75,0.862750,low,discovery,102,0.264706,8.595098,-10.500000,12,7,0.294118,-0.029412
short,signal_body_ratio,discovery,q75,0.862750,low,validation,31,0.290323,-6.477419,-17.100000,12,5,0.272727,0.017595
short,signal_body_ratio,discovery,q75,0.862750,low,oos,18,0.222222,-11.794444,-40.200000,10,4,0.260870,-0.038647
short,signal_body_ratio,discovery,q75,0.862750,high,discovery,34,0.382353,8.458824,1.600000,12,8,0.294118,0.088235
short,signal_body_ratio,discovery,q75,0.862750,high,validation,2,0.000000,-0.100000,-0.100000,2,1,0.272727,-0.272727
short,signal_body_ratio,discovery,q75,0.862750,high,oos,5,0.400000,53.960000,81.300000,4,3,0.260870,0.139130
short,ema20_distance_atr,discovery,q25,1.000131,low,discovery,34,0.323529,11.997059,-18.550000,12,7,0.294118,0.029412
short,ema20_distance_atr,discovery,q25,1.000131,low,validation,13,0.230769,7.492308,-17.100000,9,4,0.272727,-0.041958
short,ema20_distance_atr,discovery,q25,1.000131,low,oos,4,0.000000,-61.525000,-56.650000,4,1,0.260870,-0.260870
short,ema20_distance_atr,discovery,q25,1.000131,high,discovery,100,0.290000,8.310000,0.500000,12,7,0.294118,-0.004118
short,ema20_distance_atr,discovery,q25,1.000131,high,validation,20,0.300000,-14.920000,-16.750000,9,3,0.272727,0.027273
short,ema20_distance_atr,discovery,q25,1.000131,high,oos,19,0.315789,15.978947,34.300000,9,7,0.260870,0.054920
short,ema20_distance_atr,discovery,q50,1.386000,low,discovery,67,0.283582,2.500000,-26.000000,12,6,0.294118,-0.010536
short,ema20_distance_atr,discovery,q50,1.386000,low,validation,21,0.285714,11.276190,-17.100000,11,8,0.272727,0.012987
short,ema20_distance_atr,discovery,q50,1.386000,low,oos,12,0.250000,7.841667,-11.400000,8,4,0.260870,-0.010870
short,ema20_distance_atr,discovery,q50,1.386000,high,discovery,67,0.313433,15.991045,28.300000,12,10,0.294118,0.019315
short,ema20_distance_atr,discovery,q50,1.386000,high,validation,12,0.250000,-36.483333,-22.950000,9,4,0.272727,-0.022727
short,ema20_distance_atr,discovery,q50,1.386000,high,oos,11,0.272727,-3.327273,-15.400000,7,4,0.260870,0.011858
short,ema20_distance_atr,discovery,q75,1.829719,low,discovery,100,0.280000,3.578000,-18.550000,12,6,0.294118,-0.014118
short,ema20_distance_atr,discovery,q75,1.829719,low,validation,27,0.222222,-2.577778,-18.800000,12,6,0.272727,-0.050505
short,ema20_distance_atr,discovery,q75,1.829719,low,oos,20,0.250000,1.705000,-11.400000,10,6,0.260870,-0.010870
short,ema20_distance_atr,discovery,q75,1.829719,high,discovery,34,0.352941,25.914706,37.050000,12,10,0.294118,0.058824
short,ema20_distance_atr,discovery,q75,1.829719,high,validation,6,0.500000,-21.900000,65.900000,5,3,0.272727,0.227273
short,ema20_distance_atr,discovery,q75,1.829719,high,oos,3,0.333333,7.800000,-15.400000,3,1,0.260870,0.072464
short,touch_to_signal_atr,discovery,q25,1.051740,low,discovery,34,0.294118,11.091176,-17.300000,12,7,0.294118,0.000000
short,touch_to_signal_atr,discovery,q25,1.051740,low,validation,14,0.285714,3.428571,-17.950000,8,3,0.272727,0.012987
short,touch_to_signal_atr,discovery,q25,1.051740,low,oos,6,0.333333,31.016667,42.600000,5,3,0.260870,0.072464
short,touch_to_signal_atr,discovery,q25,1.051740,high,discovery,100,0.300000,8.618000,0.500000,12,8,0.294118,0.005882
short,touch_to_signal_atr,discovery,q25,1.051740,high,validation,19,0.263158,-13.105263,-13.700000,10,5,0.272727,-0.009569
short,touch_to_signal_atr,discovery,q25,1.051740,high,oos,17,0.235294,-7.564706,-39.500000,10,5,0.260870,-0.025575
short,touch_to_signal_atr,discovery,q50,1.548866,low,discovery,67,0.253731,4.265672,-26.000000,12,6,0.294118,-0.040386
short,touch_to_signal_atr,discovery,q50,1.548866,low,validation,22,0.318182,12.872727,-17.950000,11,6,0.272727,0.045455
short,touch_to_signal_atr,discovery,q50,1.548866,low,oos,11,0.272727,19.881818,3.900000,5,4,0.260870,0.011858
short,touch_to_signal_atr,discovery,q50,1.548866,high,discovery,67,0.343284,14.225373,25.400000,11,8,0.294118,0.049166
short,touch_to_signal_atr,discovery,q50,1.548866,high,validation,11,0.181818,-44.018182,-13.700000,8,3,0.272727,-0.090909
short,touch_to_signal_atr,discovery,q50,1.548866,high,oos,12,0.250000,-13.433333,-27.450000,6,3,0.260870,-0.010870
short,touch_to_signal_atr,discovery,q75,2.267008,low,discovery,100,0.290000,9.917000,-11.300000,12,8,0.294118,-0.004118
short,touch_to_signal_atr,discovery,q75,2.267008,low,validation,28,0.285714,9.821429,-17.950000,12,6,0.272727,0.012987
short,touch_to_signal_atr,discovery,q75,2.267008,low,oos,16,0.250000,16.968750,19.100000,8,6,0.260870,-0.010870
short,touch_to_signal_atr,discovery,q75,2.267008,high,discovery,34,0.323529,7.270588,-0.250000,11,7,0.294118,0.029412
short,touch_to_signal_atr,discovery,q75,2.267008,high,validation,5,0.200000,-95.200000,-13.700000,5,2,0.272727,-0.072727
short,touch_to_signal_atr,discovery,q75,2.267008,high,oos,7,0.285714,-30.571429,-39.500000,6,2,0.260870,0.024845
short,pre6_move_atr,discovery,q25,0.388388,low,discovery,34,0.352941,12.655882,-10.800000,11,6,0.294118,0.058824
short,pre6_move_atr,discovery,q25,0.388388,low,validation,16,0.250000,12.031250,-18.450000,8,6,0.272727,-0.022727
short,pre6_move_atr,discovery,q25,0.388388,low,oos,3,0.333333,25.733333,3.900000,3,2,0.260870,0.072464
short,pre6_move_atr,discovery,q25,0.388388,high,discovery,100,0.280000,8.086000,-0.250000,12,7,0.294118,-0.014118
short,pre6_move_atr,discovery,q25,0.388388,high,validation,17,0.294118,-23.147059,-13.700000,9,3,0.272727,0.021390
short,pre6_move_atr,discovery,q25,0.388388,high,oos,20,0.250000,-0.985000,-27.450000,10,6,0.260870,-0.010870
short,pre6_move_atr,discovery,q50,1.043179,low,discovery,67,0.298507,3.204478,-24.100000,12,7,0.294118,0.004390
short,pre6_move_atr,discovery,q50,1.043179,low,validation,21,0.238095,4.966667,-18.800000,10,7,0.272727,-0.034632
short,pre6_move_atr,discovery,q50,1.043179,low,oos,10,0.100000,-24.020000,-41.650000,7,3,0.260870,-0.160870
short,pre6_move_atr,discovery,q50,1.043179,high,discovery,67,0.298507,15.286567,29.000000,12,8,0.294118,0.004390
short,pre6_move_atr,discovery,q50,1.043179,high,validation,12,0.333333,-25.441667,9.050000,9,4,0.272727,0.060606
short,pre6_move_atr,discovery,q50,1.043179,high,oos,13,0.384615,22.900000,45.100000,8,6,0.260870,0.123746
short,pre6_move_atr,discovery,q75,2.010728,low,discovery,100,0.300000,3.503000,-25.550000,12,6,0.294118,0.005882
short,pre6_move_atr,discovery,q75,2.010728,low,validation,27,0.222222,2.270370,-18.800000,12,6,0.272727,-0.050505
short,pre6_move_atr,discovery,q75,2.010728,low,oos,17,0.235294,4.394118,-26.700000,9,5,0.260870,-0.025575
short,pre6_move_atr,discovery,q75,2.010728,high,discovery,34,0.294118,26.135294,38.250000,11,8,0.294118,0.000000
short,pre6_move_atr,discovery,q75,2.010728,high,validation,6,0.500000,-43.716667,65.900000,4,3,0.272727,0.227273
short,pre6_move_atr,discovery,q75,2.010728,high,oos,6,0.333333,-2.866667,14.850000,4,3,0.260870,0.072464
short,bars_touch_to_signal,discovery,q25,2.000000,low,discovery,47,0.340426,17.834043,7.100000,11,8,0.294118,0.046308
short,bars_touch_to_signal,discovery,q25,2.000000,low,validation,13,0.153846,-15.530769,-26.700000,6,1,0.272727,-0.118881
short,bars_touch_to_signal,discovery,q25,2.000000,low,oos,7,0.571429,60.400000,100.000000,5,5,0.260870,0.310559
short,bars_touch_to_signal,discovery,q25,2.000000,high,discovery,109,0.275229,6.209174,-11.000000,12,7,0.294118,-0.018888
short,bars_touch_to_signal,discovery,q25,2.000000,high,validation,28,0.321429,0.989286,3.600000,12,8,0.272727,0.048701
short,bars_touch_to_signal,discovery,q25,2.000000,high,oos,19,0.157895,-12.968421,-39.500000,9,3,0.260870,-0.102975
short,bars_touch_to_signal,discovery,q50,4.000000,low,discovery,71,0.281690,4.625352,-19.700000,12,5,0.294118,-0.012428
short,bars_touch_to_signal,discovery,q50,4.000000,low,validation,21,0.285714,10.314286,-13.700000,9,4,0.272727,0.012987
short,bars_touch_to_signal,discovery,q50,4.000000,low,oos,9,0.444444,39.300000,34.300000,6,5,0.260870,0.183575
short,bars_touch_to_signal,discovery,q50,4.000000,high,discovery,78,0.282051,7.357692,-9.100000,12,7,0.294118,-0.012066
short,bars_touch_to_signal,discovery,q50,4.000000,high,validation,15,0.333333,-15.420000,-13.700000,10,5,0.272727,0.060606
short,bars_touch_to_signal,discovery,q50,4.000000,high,oos,14,0.142857,-21.157143,-43.550000,8,3,0.260870,-0.118012
short,bars_touch_to_signal,discovery,q75,9.000000,low,discovery,107,0.289720,7.146729,-17.200000,12,9,0.294118,-0.004398
short,bars_touch_to_signal,discovery,q75,9.000000,low,validation,26,0.307692,12.776923,-15.400000,11,5,0.272727,0.034965
short,bars_touch_to_signal,discovery,q75,9.000000,low,oos,14,0.357143,23.114286,19.100000,8,7,0.260870,0.096273
short,bars_touch_to_signal,discovery,q75,9.000000,high,discovery,36,0.305556,11.461111,-1.200000,12,6,0.294118,0.011438
short,bars_touch_to_signal,discovery,q75,9.000000,high,validation,8,0.125000,-69.862500,-28.850000,8,3,0.272727,-0.147727
short,bars_touch_to_signal,discovery,q75,9.000000,high,oos,10,0.100000,-31.230000,-43.550000,8,3,0.260870,-0.160870
all,signal_range_atr,discovery,q25,0.805805,low,discovery,68,0.264706,-3.036765,-19.250000,12,6,0.286765,-0.022059
all,signal_range_atr,discovery,q25,0.805805,low,validation,12,0.416667,37.216667,30.300000,10,6,0.253968,0.162698
all,signal_range_atr,discovery,q25,0.805805,low,oos,10,0.100000,-73.430000,-63.300000,7,1,0.230769,-0.130769
all,signal_range_atr,discovery,q25,0.805805,high,discovery,202,0.297030,12.683663,4.700000,12,10,0.286765,0.010265
all,signal_range_atr,discovery,q25,0.805805,high,validation,51,0.215686,-5.411765,-18.800000,12,4,0.253968,-0.038282
all,signal_range_atr,discovery,q25,0.805805,high,oos,42,0.261905,19.707143,15.750000,12,8,0.230769,0.031136
all,signal_range_atr,discovery,q50,1.171998,low,discovery,135,0.244444,1.382222,-17.200000,12,7,0.286765,-0.042320
all,signal_range_atr,discovery,q50,1.171998,low,validation,36,0.305556,12.902778,5.600000,12,6,0.253968,0.051587
all,signal_range_atr,discovery,q50,1.171998,low,oos,27,0.222222,-13.281481,-22.500000,10,6,0.230769,-0.008547
all,signal_range_atr,discovery,q50,1.171998,high,discovery,135,0.333333,16.066667,10.900000,12,8,0.286765,0.046569
all,signal_range_atr,discovery,q50,1.171998,high,validation,27,0.185185,-10.885185,-21.700000,11,5,0.253968,-0.068783
all,signal_range_atr,discovery,q50,1.171998,high,oos,25,0.240000,18.080000,14.700000,11,8,0.230769,0.009231
all,signal_range_atr,discovery,q75,1.805091,low,discovery,202,0.262376,4.914851,-15.300000,12,7,0.286765,-0.024388
all,signal_range_atr,discovery,q75,1.805091,low,validation,47,0.276596,0.938298,-10.600000,12,7,0.253968,0.022627
all,signal_range_atr,discovery,q75,1.805091,low,oos,43,0.209302,-5.832558,-21.900000,12,5,0.230769,-0.021467
all,signal_range_atr,discovery,q75,1.805091,high,discovery,68,0.367647,20.041176,26.500000,12,8,0.286765,0.080882
all,signal_range_atr,discovery,q75,1.805091,high,validation,16,0.187500,7.906250,-15.300000,7,2,0.253968,-0.066468
all,signal_range_atr,discovery,q75,1.805091,high,oos,9,0.333333,38.244444,51.300000,5,3,0.230769,0.102564
all,signal_body_atr,discovery,q25,0.409871,low,discovery,68,0.264706,7.439706,-11.350000,12,7,0.286765,-0.022059
all,signal_body_atr,discovery,q25,0.409871,low,validation,14,0.357143,7.614286,25.300000,11,5,0.253968,0.103175
all,signal_body_atr,discovery,q25,0.409871,low,oos,15,0.133333,-49.306667,-54.200000,8,2,0.230769,-0.097436
all,signal_body_atr,discovery,q25,0.409871,high,discovery,202,0.297030,9.156931,-2.250000,12,10,0.286765,0.010265
all,signal_body_atr,discovery,q25,0.409871,high,validation,49,0.224490,1.306122,-13.700000,12,6,0.253968,-0.029478
all,signal_body_atr,discovery,q25,0.409871,high,oos,37,0.270270,22.513514,14.700000,12,10,0.230769,0.039501
all,signal_body_atr,discovery,q50,0.697147,low,discovery,135,0.259259,3.083704,-14.100000,12,8,0.286765,-0.027505
all,signal_body_atr,discovery,q50,0.697147,low,validation,32,0.281250,10.056250,5.600000,12,6,0.253968,0.027282
all,signal_body_atr,discovery,q50,0.697147,low,oos,24,0.125000,-29.104167,-27.250000,10,4,0.230769,-0.105769
all,signal_body_atr,discovery,q50,0.697147,high,discovery,135,0.318519,14.365185,9.200000,12,10,0.286765,0.031754
all,signal_body_atr,discovery,q50,0.697147,high,validation,31,0.225806,-4.877419,-21.700000,11,6,0.253968,-0.028162
all,signal_body_atr,discovery,q50,0.697147,high,oos,28,0.321429,28.282143,23.150000,11,10,0.230769,0.090659
all,signal_body_atr,discovery,q75,1.366272,low,discovery,202,0.267327,6.593564,-11.550000,12,9,0.286765,-0.019438
all,signal_body_atr,discovery,q75,1.366272,low,validation,50,0.300000,4.262000,-10.150000,12,7,0.253968,0.046032
all,signal_body_atr,discovery,q75,1.366272,low,oos,44,0.227273,-3.427273,-21.250000,12,5,0.230769,-0.003497
all,signal_body_atr,discovery,q75,1.366272,high,discovery,68,0.352941,15.054412,24.350000,12,8,0.286765,0.066176
all,signal_body_atr,discovery,q75,1.366272,high,validation,13,0.076923,-3.269231,-19.800000,6,1,0.253968,-0.177045
all,signal_body_atr,discovery,q75,1.366272,high,oos,8,0.250000,30.525000,34.050000,5,3,0.230769,0.019231
all,signal_body_ratio,discovery,q25,0.474316,low,discovery,68,0.294118,6.383824,-14.400000,12,6,0.286765,0.007353
all,signal_body_ratio,discovery,q25,0.474316,low,validation,18,0.222222,-2.461111,-12.150000,10,5,0.253968,-0.031746
all,signal_body_ratio,discovery,q25,0.474316,low,oos,17,0.117647,-31.641176,-22.500000,10,4,0.230769,-0.113122
all,signal_body_ratio,discovery,q25,0.474316,high,discovery,202,0.282178,8.229703,-4.500000,12,10,0.286765,-0.004586
all,signal_body_ratio,discovery,q25,0.474316,high,validation,45,0.266667,4.775556,-10.800000,12,6,0.253968,0.012698
all,signal_body_ratio,discovery,q25,0.474316,high,oos,35,0.285714,18.037143,14.700000,12,8,0.230769,0.054945
all,signal_body_ratio,discovery,q50,0.660486,low,discovery,135,0.266667,11.495556,-8.200000,12,11,0.286765,-0.020098
all,signal_body_ratio,discovery,q50,0.660486,low,validation,33,0.333333,16.945455,20.900000,11,6,0.253968,0.079365
all,signal_body_ratio,discovery,q50,0.660486,low,oos,25,0.120000,-22.476000,-22.500000,11,3,0.230769,-0.110769
all,signal_body_ratio,discovery,q50,0.660486,high,discovery,135,0.303704,4.034074,-11.000000,12,9,0.286765,0.016939
all,signal_body_ratio,discovery,q50,0.660486,high,validation,30,0.166667,-12.953333,-20.750000,11,5,0.253968,-0.087302
all,signal_body_ratio,discovery,q50,0.660486,high,oos,27,0.333333,24.270370,29.500000,11,9,0.230769,0.102564
all,signal_body_ratio,discovery,q75,0.834508,low,discovery,202,0.262376,9.006931,-7.400000,12,10,0.286765,-0.024388
all,signal_body_ratio,discovery,q75,0.834508,low,validation,56,0.285714,5.089286,-10.150000,12,6,0.253968,0.031746
all,signal_body_ratio,discovery,q75,0.834508,low,oos,41,0.195122,-11.997561,-22.500000,12,4,0.230769,-0.035647
all,signal_body_ratio,discovery,q75,0.834508,high,discovery,68,0.352941,4.075000,-18.050000,12,6,0.286765,0.066176
all,signal_body_ratio,discovery,q75,0.834508,high,validation,7,0.000000,-16.342857,-28.000000,4,2,0.253968,-0.253968
all,signal_body_ratio,discovery,q75,0.834508,high,oos,11,0.363636,53.209091,74.200000,8,7,0.230769,0.132867
all,ema20_distance_atr,discovery,q25,1.005521,low,discovery,68,0.264706,8.563235,-18.500000,12,9,0.286765,-0.022059
all,ema20_distance_atr,discovery,q25,1.005521,low,validation,21,0.333333,14.485714,-10.600000,10,6,0.253968,0.079365
all,ema20_distance_atr,discovery,q25,1.005521,low,oos,10,0.100000,-31.400000,-36.100000,6,1,0.230769,-0.130769
all,ema20_distance_atr,discovery,q25,1.005521,high,discovery,202,0.297030,8.778713,2.500000,12,10,0.286765,0.010265
all,ema20_distance_atr,discovery,q25,1.005521,high,validation,42,0.214286,-3.180952,-12.250000,11,6,0.253968,-0.039683
all,ema20_distance_atr,discovery,q25,1.005521,high,oos,42,0.261905,9.700000,15.750000,12,8,0.230769,0.031136
all,ema20_distance_atr,discovery,q50,1.378524,low,discovery,135,0.266667,4.979259,-19.000000,12,8,0.286765,-0.020098
all,ema20_distance_atr,discovery,q50,1.378524,low,validation,34,0.294118,15.276471,1.700000,11,8,0.253968,0.040149
all,ema20_distance_atr,discovery,q50,1.378524,low,oos,22,0.181818,-10.790909,-29.000000,9,3,0.230769,-0.048951
all,ema20_distance_atr,discovery,q50,1.378524,high,discovery,135,0.311111,12.469630,24.000000,12,9,0.286765,0.024346
all,ema20_distance_atr,discovery,q50,1.378524,high,validation,29,0.206897,-12.027586,-21.700000,11,5,0.253968,-0.047072
all,ema20_distance_atr,discovery,q50,1.378524,high,oos,30,0.266667,11.026667,23.150000,11,7,0.230769,0.035897
all,ema20_distance_atr,discovery,q75,1.845656,low,discovery,202,0.267327,2.330198,-19.250000,12,8,0.286765,-0.019438
all,ema20_distance_atr,discovery,q75,1.845656,low,validation,47,0.234043,6.314894,-10.600000,12,7,0.253968,-0.019926
all,ema20_distance_atr,discovery,q75,1.845656,low,oos,38,0.184211,-8.655263,-22.200000,11,4,0.230769,-0.046559
all,ema20_distance_atr,discovery,q75,1.845656,high,discovery,68,0.352941,27.719118,37.050000,12,9,0.286765,0.066176
all,ema20_distance_atr,discovery,q75,1.845656,high,validation,16,0.312500,-7.887500,-16.550000,9,4,0.253968,0.058532
all,ema20_distance_atr,discovery,q75,1.845656,high,oos,14,0.357143,30.164286,22.100000,9,6,0.230769,0.126374
all,touch_to_signal_atr,discovery,q25,1.063670,low,discovery,68,0.250000,10.848529,-17.700000,12,8,0.286765,-0.036765
all,touch_to_signal_atr,discovery,q25,1.063670,low,validation,18,0.333333,14.466667,-13.850000,9,4,0.253968,0.079365
all,touch_to_signal_atr,discovery,q25,1.063670,low,oos,17,0.176471,2.688235,-20.600000,9,4,0.230769,-0.054299
all,touch_to_signal_atr,discovery,q25,1.063670,high,discovery,202,0.301980,8.009406,1.200000,12,9,0.286765,0.015215
all,touch_to_signal_atr,discovery,q25,1.063670,high,validation,45,0.222222,-1.995556,-10.800000,12,8,0.253968,-0.031746
all,touch_to_signal_atr,discovery,q25,1.063670,high,oos,35,0.257143,1.362857,14.300000,12,7,0.230769,0.026374
all,touch_to_signal_atr,discovery,q50,1.695142,low,discovery,135,0.266667,5.021481,-19.700000,12,6,0.286765,-0.020098
all,touch_to_signal_atr,discovery,q50,1.695142,low,validation,39,0.307692,14.353846,-10.600000,11,6,0.253968,0.053724
all,touch_to_signal_atr,discovery,q50,1.695142,low,oos,26,0.192308,9.203846,-20.250000,12,7,0.230769,-0.038462
all,touch_to_signal_atr,discovery,q50,1.695142,high,discovery,135,0.311111,12.427407,18.400000,12,9,0.286765,0.024346
all,touch_to_signal_atr,discovery,q50,1.695142,high,validation,24,0.166667,-16.216667,-12.250000,11,5,0.253968,-0.087302
all,touch_to_signal_atr,discovery,q50,1.695142,high,oos,26,0.269231,-5.611538,-0.550000,10,6,0.230769,0.038462
all,touch_to_signal_atr,discovery,q75,2.526493,low,discovery,202,0.252475,4.481188,-17.700000,12,9,0.286765,-0.034289
all,touch_to_signal_atr,discovery,q75,2.526493,low,validation,54,0.259259,8.959259,-12.250000,12,6,0.253968,0.005291
all,touch_to_signal_atr,discovery,q75,2.526493,low,oos,38,0.236842,13.660526,9.100000,12,7,0.230769,0.006073
all,touch_to_signal_atr,discovery,q75,2.526493,high,discovery,68,0.397059,21.329412,35.100000,12,9,0.286765,0.110294
all,touch_to_signal_atr,discovery,q75,2.526493,high,validation,9,0.222222,-34.800000,13.100000,7,3,0.253968,-0.031746
all,touch_to_signal_atr,discovery,q75,2.526493,high,oos,14,0.214286,-30.407143,-23.400000,10,5,0.230769,-0.016484
all,pre6_move_atr,discovery,q25,0.352681,low,discovery,68,0.352941,17.000000,-10.550000,12,9,0.286765,0.066176
all,pre6_move_atr,discovery,q25,0.352681,low,validation,20,0.300000,12.515000,-17.200000,9,7,0.253968,0.046032
all,pre6_move_atr,discovery,q25,0.352681,low,oos,5,0.200000,1.980000,-21.900000,4,2,0.230769,-0.030769
all,pre6_move_atr,discovery,q25,0.352681,high,discovery,202,0.267327,5.938614,-2.250000,12,10,0.286765,-0.019438
all,pre6_move_atr,discovery,q25,0.352681,high,validation,43,0.232558,-1.853488,-10.600000,11,6,0.253968,-0.021410
all,pre6_move_atr,discovery,q25,0.352681,high,oos,47,0.234043,1.776596,-15.400000,12,7,0.230769,0.003273
all,pre6_move_atr,discovery,q50,1.028603,low,discovery,135,0.296296,8.520000,-17.200000,12,9,0.286765,0.009532
all,pre6_move_atr,discovery,q50,1.028603,low,validation,32,0.250000,5.540625,-17.200000,11,6,0.253968,-0.003968
all,pre6_move_atr,discovery,q50,1.028603,low,oos,19,0.105263,-21.305263,-31.300000,9,1,0.230769,-0.125506
all,pre6_move_atr,discovery,q50,1.028603,high,discovery,135,0.281481,8.928889,15.900000,12,9,0.286765,-0.005283
all,pre6_move_atr,discovery,q50,1.028603,high,validation,31,0.258065,-0.216129,13.100000,10,5,0.253968,0.004096
all,pre6_move_atr,discovery,q50,1.028603,high,oos,33,0.303030,15.096970,34.300000,11,9,0.230769,0.072261
all,pre6_move_atr,discovery,q75,1.943983,low,discovery,202,0.292079,3.652475,-19.600000,12,9,0.286765,0.005315
all,pre6_move_atr,discovery,q75,1.943983,low,validation,50,0.240000,9.480000,-10.700000,12,7,0.253968,-0.013968
all,pre6_move_atr,discovery,q75,1.943983,low,oos,34,0.205882,0.002941,-22.200000,12,5,0.230769,-0.024887
all,pre6_move_atr,discovery,q75,1.943983,high,discovery,68,0.279412,23.791176,35.900000,12,9,0.286765,-0.007353
all,pre6_move_atr,discovery,q75,1.943983,high,validation,13,0.307692,-23.338462,-22.300000,7,3,0.253968,0.053724
all,pre6_move_atr,discovery,q75,1.943983,high,oos,18,0.277778,5.183333,23.150000,8,4,0.230769,0.047009
all,bars_touch_to_signal,discovery,q25,2.000000,low,discovery,71,0.338028,16.902817,-10.000000,12,7,0.286765,0.051263
all,bars_touch_to_signal,discovery,q25,2.000000,low,validation,20,0.150000,-11.155000,-23.250000,8,2,0.253968,-0.103968
all,bars_touch_to_signal,discovery,q25,2.000000,low,oos,12,0.500000,46.625000,67.150000,8,6,0.230769,0.269231
all,bars_touch_to_signal,discovery,q25,2.000000,high,discovery,228,0.276316,6.925439,-6.450000,12,9,0.286765,-0.010449
all,bars_touch_to_signal,discovery,q25,2.000000,high,validation,54,0.277778,5.831481,-2.700000,12,8,0.253968,0.023810
all,bars_touch_to_signal,discovery,q25,2.000000,high,oos,43,0.162791,-8.074419,-21.500000,11,5,0.230769,-0.067979
all,bars_touch_to_signal,discovery,q50,6.000000,low,discovery,151,0.284768,6.760265,-17.200000,12,9,0.286765,-0.001996
all,bars_touch_to_signal,discovery,q50,6.000000,low,validation,39,0.282051,9.343590,-17.100000,11,5,0.253968,0.028083
all,bars_touch_to_signal,discovery,q50,6.000000,low,oos,22,0.363636,26.963636,9.300000,11,9,0.230769,0.132867
all,bars_touch_to_signal,discovery,q50,6.000000,high,discovery,143,0.286713,10.325874,3.300000,12,8,0.286765,-0.000051
all,bars_touch_to_signal,discovery,q50,6.000000,high,validation,27,0.185185,-11.562963,-9.700000,12,7,0.253968,-0.068783
all,bars_touch_to_signal,discovery,q50,6.000000,high,oos,32,0.156250,-13.912500,-23.900000,11,4,0.230769,-0.074519
all,bars_touch_to_signal,discovery,q75,12.000000,low,discovery,210,0.266667,4.578095,-17.300000,12,7,0.286765,-0.020098
all,bars_touch_to_signal,discovery,q75,12.000000,low,validation,50,0.240000,-3.690000,-17.200000,12,4,0.253968,-0.013968
all,bars_touch_to_signal,discovery,q75,12.000000,low,oos,34,0.264706,12.297059,-5.750000,11,8,0.230769,0.033937
all,bars_touch_to_signal,discovery,q75,12.000000,high,discovery,70,0.342857,19.114286,29.900000,12,8,0.286765,0.056092
all,bars_touch_to_signal,discovery,q75,12.000000,high,validation,13,0.307692,27.315385,27.100000,8,6,0.253968,0.053724
all,bars_touch_to_signal,discovery,q75,12.000000,high,oos,18,0.166667,-18.038889,-23.400000,9,5,0.230769,-0.064103
