pair,latest_completed_h4,state,direction,signal_candle,entry_candidate_h4,close,ema20,ema200,gc,dc,sma_stack_bull,di_strong_bull,strong_close_bear,source
usdjpy,2026-09-30T08:00:00+00:00,SEARCH_TOUCH,short,2026-05-26T12:00:00+00:00,2026-05-26T16:00:00+00:00,157.028,157.3483929064568,157.44282881036975,False,False,False,False,False,dukascopy_h4_csv
eurjpy,2026-09-30T08:00:00+00:00,WAIT,,2026-09-11T16:00:00+00:00,2026-09-11T20:00:00+00:00,178.23,178.7785698823138,181.0798677986635,False,False,False,False,False,dukascopy_h4_csv
gbpjpy,2026-09-30T08:00:00+00:00,WAIT,,2026-07-06T04:00:00+00:00,2026-07-06T08:00:00+00:00,208.64,208.46855212748463,211.12628241304645,False,False,False,False,False,dukascopy_h4_csv
audjpy,2026-09-30T08:00:00+00:00,WAIT,,2026-07-20T08:00:00+00:00,2026-07-20T12:00:00+00:00,109.423,110.17813694449691,111.6985080051156,False,False,False,False,False,dukascopy_h4_csv
eurusd,2026-09-30T08:00:00+00:00,WAIT,,2026-09-21T12:00:00+00:00,2026-09-21T16:00:00+00:00,1.135,1.1361950829115917,1.1501427996207525,False,False,False,False,False,dukascopy_h4_csv
gbpusd,2026-09-30T08:00:00+00:00,WAIT,,2026-09-16T08:00:00+00:00,2026-09-16T12:00:00+00:00,1.32868,1.3248838462868227,1.340986829489822,False,False,False,True,False,dukascopy_h4_csv
audusd,2026-09-30T08:00:00+00:00,WAIT,,2026-09-22T04:00:00+00:00,2026-09-22T08:00:00+00:00,0.6968,0.7001725575314374,0.7094707459348545,False,False,False,False,False,dukascopy_h4_csv
nzdusd,2026-09-30T08:00:00+00:00,WAIT,,2026-09-08T00:00:00+00:00,2026-09-08T04:00:00+00:00,0.56455,0.5655867576423312,0.5777064823014002,False,False,False,False,True,dukascopy_h4_csv
usdcad,2026-09-30T08:00:00+00:00,SEARCH_TOUCH,long,2026-05-20T00:00:00+00:00,2026-05-20T04:00:00+00:00,1.41843,1.4167804885718258,1.3987401476496273,False,False,True,True,False,dukascopy_h4_csv
usdchf,2026-09-30T08:00:00+00:00,WAIT,,2026-06-05T12:00:00+00:00,2026-06-05T16:00:00+00:00,0.83457,0.831885175760823,0.8179663268790919,False,False,True,True,False,dukascopy_h4_csv
audnzd,2026-09-30T08:00:00+00:00,WAIT,,2026-09-01T00:00:00+00:00,2026-09-01T04:00:00+00:00,1.23417,1.2378309854404645,1.2281753966774644,False,False,False,False,False,dukascopy_h4_csv
eurgbp,2026-09-30T08:00:00+00:00,SEARCH_TOUCH,short,2026-09-23T12:00:00+00:00,2026-09-23T16:00:00+00:00,0.85417,0.8575285492915006,0.8576322582931415,False,True,False,False,True,dukascopy_h4_csv
