period,direction,bucket,target_pips,trades,hit_rate,mean_pips,median_pips,total_pips
discovery,long,all,50,136,0.544118,5.047059,50.000000,686.400000
discovery,long,all,100,136,0.279412,8.211029,-5.100000,1116.700000
discovery,long,all,150,136,0.176471,12.309559,-9.650000,1674.100000
discovery,long,all,200,136,0.095588,12.152206,-11.300000,1652.700000
discovery,long,range_atr_le_0_75,50,35,0.514286,1.362857,50.000000,47.700000
discovery,long,range_atr_le_0_75,100,35,0.314286,3.274286,-14.700000,114.600000
discovery,long,range_atr_le_0_75,150,35,0.171429,6.328571,-15.900000,221.500000
discovery,long,range_atr_le_0_75,200,35,0.057143,3.174286,-15.900000,111.100000
discovery,long,range_atr_0_75_1_25,50,60,0.516667,6.053333,50.000000,363.200000
discovery,long,range_atr_0_75_1_25,100,60,0.216667,6.611667,-9.850000,396.700000
discovery,long,range_atr_0_75_1_25,150,60,0.133333,8.095000,-12.150000,485.700000
discovery,long,range_atr_0_75_1_25,200,60,0.083333,7.111667,-13.450000,426.700000
discovery,long,range_atr_gt_1_25,50,41,0.609756,6.719512,50.000000,275.500000
discovery,long,range_atr_gt_1_25,100,41,0.341463,14.765854,22.500000,605.400000
discovery,long,range_atr_gt_1_25,150,41,0.243902,23.582927,22.500000,966.900000
discovery,long,range_atr_gt_1_25,200,41,0.146341,27.192683,22.500000,1114.900000
discovery,long,ema20_dist_atr_le_0_50,50,7,0.285714,-2.642857,-14.100000,-18.500000
discovery,long,ema20_dist_atr_le_0_50,100,7,0.142857,6.557143,-14.100000,45.900000
discovery,long,ema20_dist_atr_le_0_50,150,7,0.142857,13.700000,-14.100000,95.900000
discovery,long,ema20_dist_atr_le_0_50,200,7,0.000000,-3.585714,-14.100000,-25.100000
discovery,long,ema20_dist_atr_gt_0_50,50,129,0.558140,5.464341,50.000000,704.900000
discovery,long,ema20_dist_atr_gt_0_50,100,129,0.286822,8.300775,-3.800000,1070.800000
discovery,long,ema20_dist_atr_gt_0_50,150,129,0.178295,12.234109,-6.300000,1578.200000
discovery,long,ema20_dist_atr_gt_0_50,200,129,0.100775,13.006202,-8.200000,1677.800000
discovery,long,touch_to_signal_atr_le_1,50,28,0.321429,-3.571429,-19.250000,-100.000000
discovery,long,touch_to_signal_atr_le_1,100,28,0.214286,4.675000,-20.000000,130.900000
discovery,long,touch_to_signal_atr_le_1,150,28,0.107143,9.428571,-20.000000,264.000000
discovery,long,touch_to_signal_atr_le_1,200,28,0.071429,11.582143,-20.000000,324.300000
discovery,long,touch_to_signal_atr_gt_1,50,108,0.601852,7.281481,50.000000,786.400000
discovery,long,touch_to_signal_atr_gt_1,100,108,0.296296,9.127778,2.500000,985.800000
discovery,long,touch_to_signal_atr_gt_1,150,108,0.194444,13.056481,0.050000,1410.100000
discovery,long,touch_to_signal_atr_gt_1,200,108,0.101852,12.300000,-2.200000,1328.400000
discovery,long,pre6_move_atr_le_2,50,104,0.490385,-0.930769,27.350000,-96.800000
discovery,long,pre6_move_atr_le_2,100,104,0.278846,3.517308,-16.950000,365.800000
discovery,long,pre6_move_atr_le_2,150,104,0.173077,6.728846,-19.250000,699.800000
discovery,long,pre6_move_atr_le_2,200,104,0.076923,4.458654,-20.000000,463.700000
discovery,long,pre6_move_atr_gt_2,50,32,0.718750,24.475000,50.000000,783.200000
discovery,long,pre6_move_atr_gt_2,100,32,0.281250,23.465625,28.750000,750.900000
discovery,long,pre6_move_atr_gt_2,150,32,0.187500,30.446875,28.750000,974.300000
discovery,long,pre6_move_atr_gt_2,200,32,0.156250,37.156250,28.750000,1189.000000
discovery,short,all,50,136,0.529412,3.216912,50.000000,437.500000
discovery,short,all,100,136,0.294118,8.561029,-10.500000,1164.300000
discovery,short,all,150,136,0.161765,5.519118,-21.900000,750.600000
discovery,short,all,200,136,0.110294,6.570588,-24.600000,893.600000
discovery,short,range_atr_le_0_75,50,17,0.411765,-6.994118,-31.200000,-118.900000
discovery,short,range_atr_le_0_75,100,17,0.176471,-15.964706,-38.200000,-271.400000
discovery,short,range_atr_le_0_75,150,17,0.058824,-26.858824,-44.400000,-456.600000
discovery,short,range_atr_le_0_75,200,17,0.058824,-23.917647,-44.400000,-406.600000
discovery,short,range_atr_0_75_1_25,50,40,0.550000,7.407500,50.000000,296.300000
discovery,short,range_atr_0_75_1_25,100,40,0.275000,10.987500,-1.200000,439.500000
discovery,short,range_atr_0_75_1_25,150,40,0.150000,11.387500,-14.400000,455.500000
discovery,short,range_atr_0_75_1_25,200,40,0.075000,6.060000,-22.700000,242.400000
discovery,short,range_atr_gt_1_25,50,77,0.558442,4.346753,50.000000,334.700000
discovery,short,range_atr_gt_1_25,100,77,0.337662,13.906494,7.100000,1070.800000
discovery,short,range_atr_gt_1_25,150,77,0.194805,10.731169,-10.000000,826.300000
discovery,short,range_atr_gt_1_25,200,77,0.142857,14.706494,-10.000000,1132.400000
discovery,short,ema20_dist_atr_le_0_50,50,5,0.600000,18.500000,50.000000,92.500000
discovery,short,ema20_dist_atr_le_0_50,100,5,0.600000,48.500000,100.000000,242.500000
discovery,short,ema20_dist_atr_le_0_50,150,5,0.400000,24.520000,-17.200000,122.600000
discovery,short,ema20_dist_atr_le_0_50,200,5,0.200000,-22.440000,-40.300000,-112.200000
discovery,short,ema20_dist_atr_gt_0_50,50,129,0.534884,3.252713,50.000000,419.600000
discovery,short,ema20_dist_atr_gt_0_50,100,129,0.286822,7.724031,-10.000000,996.400000
discovery,short,ema20_dist_atr_gt_0_50,150,129,0.155039,5.446512,-19.700000,702.600000
discovery,short,ema20_dist_atr_gt_0_50,200,129,0.108527,8.375194,-19.700000,1080.400000
discovery,short,touch_to_signal_atr_le_1,50,31,0.419355,-0.951613,-17.200000,-29.500000
discovery,short,touch_to_signal_atr_le_1,100,31,0.322581,15.461290,-17.200000,479.300000
discovery,short,touch_to_signal_atr_le_1,150,31,0.064516,-3.519355,-26.000000,-109.100000
discovery,short,touch_to_signal_atr_le_1,200,31,0.000000,-14.532258,-31.200000,-450.500000
discovery,short,touch_to_signal_atr_gt_1,50,103,0.572816,5.258252,50.000000,541.600000
discovery,short,touch_to_signal_atr_gt_1,100,103,0.291262,7.374757,-5.100000,759.600000
discovery,short,touch_to_signal_atr_gt_1,150,103,0.194175,9.070874,-11.600000,934.300000
discovery,short,touch_to_signal_atr_gt_1,200,103,0.145631,13.773786,-11.600000,1418.700000
discovery,short,pre6_move_atr_le_2,50,100,0.490000,0.189000,20.900000,18.900000
discovery,short,pre6_move_atr_le_2,100,100,0.300000,3.503000,-25.550000,350.300000
discovery,short,pre6_move_atr_le_2,150,100,0.140000,-4.167000,-28.900000,-416.700000
discovery,short,pre6_move_atr_le_2,200,100,0.090000,-4.129000,-30.100000,-412.900000
discovery,short,pre6_move_atr_gt_2,50,34,0.676471,14.505882,50.000000,493.200000
discovery,short,pre6_move_atr_gt_2,100,34,0.294118,26.135294,38.250000,888.600000
discovery,short,pre6_move_atr_gt_2,150,34,0.235294,36.526471,37.050000,1241.900000
discovery,short,pre6_move_atr_gt_2,200,34,0.176471,40.620588,37.050000,1381.100000
validation,long,all,50,30,0.400000,4.500000,17.000000,135.000000
validation,long,all,100,30,0.233333,12.386667,-2.700000,371.600000
validation,long,all,150,30,0.200000,22.836667,-2.700000,685.100000
validation,long,all,200,30,0.166667,31.290000,-2.700000,938.700000
validation,long,range_atr_le_0_75,50,4,0.500000,40.150000,40.450000,160.600000
validation,long,range_atr_le_0_75,100,4,0.500000,65.150000,65.450000,260.600000
validation,long,range_atr_le_0_75,150,4,0.500000,90.150000,90.450000,360.600000
validation,long,range_atr_le_0_75,200,4,0.250000,103.550000,92.250000,414.200000
validation,long,range_atr_0_75_1_25,50,13,0.461538,6.592308,36.900000,85.700000
validation,long,range_atr_0_75_1_25,100,13,0.307692,12.784615,-9.700000,166.200000
validation,long,range_atr_0_75_1_25,150,13,0.307692,28.169231,-9.700000,366.200000
validation,long,range_atr_0_75_1_25,200,13,0.307692,43.553846,-9.700000,566.200000
validation,long,range_atr_gt_1_25,50,13,0.307692,-8.561538,-21.700000,-111.300000
validation,long,range_atr_gt_1_25,100,13,0.076923,-4.246154,-21.700000,-55.200000
validation,long,range_atr_gt_1_25,150,13,0.000000,-3.207692,-21.700000,-41.700000
validation,long,range_atr_gt_1_25,200,13,0.000000,-3.207692,-21.700000,-41.700000
validation,long,ema20_dist_atr_le_0_50,50,1,1.000000,50.000000,50.000000,50.000000
validation,long,ema20_dist_atr_le_0_50,100,1,1.000000,100.000000,100.000000,100.000000
validation,long,ema20_dist_atr_le_0_50,150,1,1.000000,150.000000,150.000000,150.000000
validation,long,ema20_dist_atr_le_0_50,200,1,1.000000,200.000000,200.000000,200.000000
validation,long,ema20_dist_atr_gt_0_50,50,29,0.379310,2.931034,4.300000,85.000000
validation,long,ema20_dist_atr_gt_0_50,100,29,0.206897,9.365517,-9.700000,271.600000
validation,long,ema20_dist_atr_gt_0_50,150,29,0.172414,18.451724,-9.700000,535.100000
validation,long,ema20_dist_atr_gt_0_50,200,29,0.137931,25.472414,-9.700000,738.700000
validation,long,touch_to_signal_atr_le_1,50,4,0.500000,28.100000,39.850000,112.400000
validation,long,touch_to_signal_atr_le_1,100,4,0.500000,53.100000,64.850000,212.400000
validation,long,touch_to_signal_atr_le_1,150,4,0.500000,78.100000,89.850000,312.400000
validation,long,touch_to_signal_atr_le_1,200,4,0.500000,103.100000,114.850000,412.400000
validation,long,touch_to_signal_atr_gt_1,50,26,0.384615,0.869231,-2.700000,22.600000
validation,long,touch_to_signal_atr_gt_1,100,26,0.192308,6.123077,-10.250000,159.200000
validation,long,touch_to_signal_atr_gt_1,150,26,0.153846,14.334615,-10.250000,372.700000
validation,long,touch_to_signal_atr_gt_1,200,26,0.115385,20.242308,-10.250000,526.300000
validation,long,pre6_move_atr_le_2,50,23,0.434783,11.508696,30.900000,264.700000
validation,long,pre6_move_atr_le_2,100,23,0.260870,17.943478,13.100000,412.700000
validation,long,pre6_move_atr_le_2,150,23,0.217391,29.400000,13.100000,676.200000
validation,long,pre6_move_atr_le_2,200,23,0.217391,40.269565,13.100000,926.200000
validation,long,pre6_move_atr_gt_2,50,7,0.285714,-18.528571,-28.000000,-129.700000
validation,long,pre6_move_atr_gt_2,100,7,0.142857,-5.871429,-28.000000,-41.100000
validation,long,pre6_move_atr_gt_2,150,7,0.142857,1.271429,-28.000000,8.900000
validation,long,pre6_move_atr_gt_2,200,7,0.000000,1.785714,-28.000000,12.500000
validation,short,all,50,33,0.424242,-15.251515,-13.700000,-503.300000
validation,short,all,100,33,0.272727,-6.090909,-17.100000,-201.000000
validation,short,all,150,33,0.151515,-19.524242,-26.700000,-644.300000
validation,short,all,200,33,0.060606,-18.651515,-26.700000,-615.500000
validation,short,range_atr_le_0_75,50,3,0.666667,27.633333,50.000000,82.900000
validation,short,range_atr_le_0_75,100,3,0.333333,7.433333,-17.100000,22.300000
validation,short,range_atr_le_0_75,150,3,0.000000,-36.966667,-33.200000,-110.900000
validation,short,range_atr_le_0_75,200,3,0.000000,-36.966667,-33.200000,-110.900000
validation,short,range_atr_0_75_1_25,50,19,0.315789,-14.368421,-18.800000,-273.000000
validation,short,range_atr_0_75_1_25,100,19,0.210526,-3.936842,-18.800000,-74.800000
validation,short,range_atr_0_75_1_25,150,19,0.157895,-5.994737,-25.700000,-113.900000
validation,short,range_atr_0_75_1_25,200,19,0.052632,-8.126316,-25.700000,-154.400000
validation,short,range_atr_gt_1_25,50,11,0.545455,-28.472727,50.000000,-313.200000
validation,short,range_atr_gt_1_25,100,11,0.363636,-13.500000,31.800000,-148.500000
validation,short,range_atr_gt_1_25,150,11,0.181818,-38.136364,-32.400000,-419.500000
validation,short,range_atr_gt_1_25,200,11,0.090909,-31.836364,-32.400000,-350.200000
validation,short,ema20_dist_atr_le_0_50,50,2,1.000000,50.000000,50.000000,100.000000
validation,short,ema20_dist_atr_le_0_50,100,2,0.500000,76.550000,76.550000,153.100000
validation,short,ema20_dist_atr_le_0_50,150,2,0.500000,101.550000,101.550000,203.100000
validation,short,ema20_dist_atr_le_0_50,200,2,0.000000,106.800000,106.800000,213.600000
validation,short,ema20_dist_atr_gt_0_50,50,31,0.387097,-19.461290,-17.100000,-603.300000
validation,short,ema20_dist_atr_gt_0_50,100,31,0.258065,-11.422581,-18.800000,-354.100000
validation,short,ema20_dist_atr_gt_0_50,150,31,0.129032,-27.335484,-32.000000,-847.400000
validation,short,ema20_dist_atr_gt_0_50,200,31,0.064516,-26.745161,-32.000000,-829.100000
validation,short,touch_to_signal_atr_le_1,50,12,0.416667,-4.508333,-13.850000,-54.100000
validation,short,touch_to_signal_atr_le_1,100,12,0.333333,2.941667,-17.950000,35.300000
validation,short,touch_to_signal_atr_le_1,150,12,0.166667,-18.900000,-29.450000,-226.800000
validation,short,touch_to_signal_atr_le_1,200,12,0.000000,-16.416667,-29.450000,-197.000000
validation,short,touch_to_signal_atr_gt_1,50,21,0.428571,-21.390476,-13.700000,-449.200000
validation,short,touch_to_signal_atr_gt_1,100,21,0.238095,-11.252381,-13.700000,-236.300000
validation,short,touch_to_signal_atr_gt_1,150,21,0.142857,-19.880952,-25.700000,-417.500000
validation,short,touch_to_signal_atr_gt_1,200,21,0.095238,-19.928571,-25.700000,-418.500000
validation,short,pre6_move_atr_le_2,50,27,0.370370,-4.044444,-17.100000,-109.200000
validation,short,pre6_move_atr_le_2,100,27,0.222222,2.270370,-18.800000,61.300000
validation,short,pre6_move_atr_le_2,150,27,0.148148,-2.259259,-25.700000,-61.000000
validation,short,pre6_move_atr_le_2,200,27,0.037037,-3.044444,-25.700000,-82.200000
validation,short,pre6_move_atr_gt_2,50,6,0.666667,-65.683333,50.000000,-394.100000
validation,short,pre6_move_atr_gt_2,100,6,0.500000,-43.716667,65.900000,-262.300000
validation,short,pre6_move_atr_gt_2,150,6,0.166667,-97.216667,-85.500000,-583.300000
validation,short,pre6_move_atr_gt_2,200,6,0.166667,-88.883333,-85.500000,-533.300000
oos,long,all,50,29,0.448276,-2.444828,16.800000,-70.900000
oos,long,all,100,29,0.206897,1.237931,-19.900000,35.900000
oos,long,all,150,29,0.068966,-7.368966,-20.600000,-213.700000
oos,long,all,200,29,0.000000,-10.182759,-20.600000,-295.300000
oos,long,range_atr_le_0_75,50,4,0.000000,-95.550000,-38.350000,-382.200000
oos,long,range_atr_le_0_75,100,4,0.000000,-95.550000,-38.350000,-382.200000
oos,long,range_atr_le_0_75,150,4,0.000000,-95.550000,-38.350000,-382.200000
oos,long,range_atr_le_0_75,200,4,0.000000,-95.550000,-38.350000,-382.200000
oos,long,range_atr_0_75_1_25,50,15,0.600000,16.533333,50.000000,248.000000
oos,long,range_atr_0_75_1_25,100,15,0.266667,19.280000,14.700000,289.200000
oos,long,range_atr_0_75_1_25,150,15,0.066667,16.526667,14.700000,247.900000
oos,long,range_atr_0_75_1_25,200,15,0.000000,12.086667,14.700000,181.300000
oos,long,range_atr_gt_1_25,50,10,0.400000,6.330000,23.150000,63.300000
oos,long,range_atr_gt_1_25,100,10,0.200000,12.890000,15.550000,128.900000
oos,long,range_atr_gt_1_25,150,10,0.100000,-7.940000,-3.600000,-79.400000
oos,long,range_atr_gt_1_25,200,10,0.000000,-9.440000,-3.600000,-94.400000
oos,long,ema20_dist_atr_le_0_50,50,1,1.000000,50.000000,50.000000,50.000000
oos,long,ema20_dist_atr_le_0_50,100,1,1.000000,100.000000,100.000000,100.000000
oos,long,ema20_dist_atr_le_0_50,150,1,0.000000,94.300000,94.300000,94.300000
oos,long,ema20_dist_atr_le_0_50,200,1,0.000000,94.300000,94.300000,94.300000
oos,long,ema20_dist_atr_gt_0_50,50,28,0.428571,-4.317857,15.750000,-120.900000
oos,long,ema20_dist_atr_gt_0_50,100,28,0.178571,-2.289286,-20.250000,-64.100000
oos,long,ema20_dist_atr_gt_0_50,150,28,0.071429,-11.000000,-21.050000,-308.000000
oos,long,ema20_dist_atr_gt_0_50,200,28,0.000000,-13.914286,-21.050000,-389.600000
oos,long,touch_to_signal_atr_le_1,50,10,0.200000,-5.300000,-20.250000,-53.000000
oos,long,touch_to_signal_atr_le_1,100,10,0.100000,-10.910000,-21.250000,-109.100000
oos,long,touch_to_signal_atr_le_1,150,10,0.000000,-11.480000,-21.250000,-114.800000
oos,long,touch_to_signal_atr_le_1,200,10,0.000000,-11.480000,-21.250000,-114.800000
oos,long,touch_to_signal_atr_gt_1,50,19,0.578947,-0.942105,50.000000,-17.900000
oos,long,touch_to_signal_atr_gt_1,100,19,0.263158,7.631579,29.500000,145.000000
oos,long,touch_to_signal_atr_gt_1,150,19,0.105263,-5.205263,14.300000,-98.900000
oos,long,touch_to_signal_atr_gt_1,200,19,0.000000,-9.500000,14.300000,-180.500000
oos,long,pre6_move_atr_le_2,50,17,0.411765,-5.894118,-20.600000,-100.200000
oos,long,pre6_move_atr_le_2,100,17,0.176471,-4.388235,-21.900000,-74.600000
oos,long,pre6_move_atr_le_2,150,17,0.058824,-16.976471,-22.500000,-288.600000
oos,long,pre6_move_atr_le_2,200,17,0.000000,-17.858824,-22.500000,-303.600000
oos,long,pre6_move_atr_gt_2,50,12,0.500000,2.441667,39.750000,29.300000
oos,long,pre6_move_atr_gt_2,100,12,0.250000,9.208333,23.150000,110.500000
oos,long,pre6_move_atr_gt_2,150,12,0.083333,6.241667,23.150000,74.900000
oos,long,pre6_move_atr_gt_2,200,12,0.000000,0.691667,23.150000,8.300000
oos,short,all,50,23,0.434783,-10.739130,-15.400000,-247.000000
oos,short,all,100,23,0.260870,2.500000,-15.400000,57.500000
oos,short,all,150,23,0.043478,-10.130435,-26.700000,-233.000000
oos,short,all,200,23,0.043478,-7.956522,-26.700000,-183.000000
oos,short,range_atr_le_0_75,50,4,0.000000,-114.000000,-111.200000,-456.000000
oos,short,range_atr_le_0_75,100,4,0.000000,-114.000000,-111.200000,-456.000000
oos,short,range_atr_le_0_75,150,4,0.000000,-114.000000,-111.200000,-456.000000
oos,short,range_atr_le_0_75,200,4,0.000000,-114.000000,-111.200000,-456.000000
oos,short,range_atr_0_75_1_25,50,9,0.444444,8.833333,34.300000,79.500000
oos,short,range_atr_0_75_1_25,100,9,0.333333,20.377778,3.900000,183.400000
oos,short,range_atr_0_75_1_25,150,9,0.111111,25.288889,3.900000,227.600000
oos,short,range_atr_0_75_1_25,200,9,0.111111,30.844444,3.900000,277.600000
oos,short,range_atr_gt_1_25,50,10,0.600000,12.950000,50.000000,129.500000
oos,short,range_atr_gt_1_25,100,10,0.300000,33.010000,59.650000,330.100000
oos,short,range_atr_gt_1_25,150,10,0.000000,-0.460000,-20.750000,-4.600000
oos,short,range_atr_gt_1_25,200,10,0.000000,-0.460000,-20.750000,-4.600000
oos,short,ema20_dist_atr_le_0_50,50,1,0.000000,-72.400000,-72.400000,-72.400000
oos,short,ema20_dist_atr_le_0_50,100,1,0.000000,-72.400000,-72.400000,-72.400000
oos,short,ema20_dist_atr_le_0_50,150,1,0.000000,-72.400000,-72.400000,-72.400000
oos,short,ema20_dist_atr_le_0_50,200,1,0.000000,-72.400000,-72.400000,-72.400000
oos,short,ema20_dist_atr_gt_0_50,50,22,0.454545,-7.936364,9.450000,-174.600000
oos,short,ema20_dist_atr_gt_0_50,100,22,0.272727,5.904545,-5.750000,129.900000
oos,short,ema20_dist_atr_gt_0_50,150,22,0.045455,-7.300000,-26.400000,-160.600000
oos,short,ema20_dist_atr_gt_0_50,200,22,0.045455,-5.027273,-26.400000,-110.600000
oos,short,touch_to_signal_atr_le_1,50,6,0.666667,16.816667,50.000000,100.900000
oos,short,touch_to_signal_atr_le_1,100,6,0.333333,31.016667,42.600000,186.100000
oos,short,touch_to_signal_atr_le_1,150,6,0.000000,30.050000,42.600000,180.300000
oos,short,touch_to_signal_atr_le_1,200,6,0.000000,30.050000,42.600000,180.300000
oos,short,touch_to_signal_atr_gt_1,50,17,0.352941,-20.464706,-39.500000,-347.900000
oos,short,touch_to_signal_atr_gt_1,100,17,0.235294,-7.564706,-39.500000,-128.600000
oos,short,touch_to_signal_atr_gt_1,150,17,0.058824,-24.311765,-40.900000,-413.300000
oos,short,touch_to_signal_atr_gt_1,200,17,0.058824,-21.370588,-40.900000,-363.300000
oos,short,pre6_move_atr_le_2,50,17,0.411765,-7.923529,-26.700000,-134.700000
oos,short,pre6_move_atr_le_2,100,17,0.235294,4.394118,-26.700000,74.700000
oos,short,pre6_move_atr_le_2,150,17,0.058824,5.400000,-26.700000,91.800000
oos,short,pre6_move_atr_le_2,200,17,0.058824,8.341176,-26.700000,141.800000
oos,short,pre6_move_atr_gt_2,50,6,0.500000,-18.716667,17.300000,-112.300000
oos,short,pre6_move_atr_gt_2,100,6,0.333333,-2.866667,14.850000,-17.200000
oos,short,pre6_move_atr_gt_2,150,6,0.000000,-54.133333,-53.800000,-324.800000
oos,short,pre6_move_atr_gt_2,200,6,0.000000,-54.133333,-53.800000,-324.800000
