timeframe,pair,direction,feature,target_pips,samples,oos_hit_rate
w1,usdjpy,bull,descending_line_break_up_event,50,5,0.80000000
w1,usdjpy,bull,descending_line_break_up_event,100,5,0.80000000
w1,usdjpy,bull,descending_line_break_up_event,150,5,0.60000000
w1,usdjpy,bull,descending_line_break_up_event,200,5,0.60000000
w1,usdjpy,bull,bull_structure_shift,50,13,0.92307692
w1,usdjpy,bull,bull_structure_shift,100,13,0.92307692
w1,usdjpy,bull,bull_structure_shift,150,13,0.84615385
w1,usdjpy,bull,bull_structure_shift,200,13,0.84615385
w1,usdjpy,bull,bull_trendline_confirmation,50,10,1.00000000
w1,usdjpy,bull,bull_trendline_confirmation,100,10,1.00000000
w1,usdjpy,bull,bull_trendline_confirmation,150,10,0.90000000
w1,usdjpy,bull,bull_trendline_confirmation,200,10,0.90000000
w1,gbpjpy,bull,bull_structure_shift,50,21,0.90476190
w1,gbpjpy,bull,bull_structure_shift,100,21,0.90476190
w1,gbpjpy,bull,bull_structure_shift,150,21,0.90476190
w1,gbpjpy,bull,bull_structure_shift,200,21,0.90476190
w1,gbpjpy,bear,ascending_line_break_down_event,50,5,1.00000000
w1,gbpjpy,bear,ascending_line_break_down_event,100,5,1.00000000
w1,gbpjpy,bear,ascending_line_break_down_event,150,5,0.80000000
w1,gbpjpy,bear,ascending_line_break_down_event,200,5,0.80000000
w1,audjpy,bull,bull_structure_shift,50,17,1.00000000
w1,audjpy,bull,bull_structure_shift,100,17,0.94117647
w1,audjpy,bull,bull_structure_shift,150,17,0.76470588
w1,audjpy,bull,bull_structure_shift,200,17,0.64705882
w1,audjpy,bear,bear_structure_shift,50,10,0.90000000
w1,audjpy,bear,bear_structure_shift,100,10,0.90000000
w1,audjpy,bear,bear_structure_shift,150,10,0.80000000
w1,audjpy,bear,bear_structure_shift,200,10,0.70000000
w1,eurusd,bull,bull_trendline_confirmation,50,5,0.80000000
w1,eurusd,bull,bull_trendline_confirmation,100,5,0.40000000
w1,eurusd,bull,bull_trendline_confirmation,150,5,0.00000000
w1,eurusd,bull,bull_trendline_confirmation,200,5,0.00000000
w1,eurusd,bear,bear_structure_shift,50,7,0.85714286
w1,eurusd,bear,bear_structure_shift,100,7,0.85714286
w1,eurusd,bear,bear_structure_shift,150,7,0.85714286
w1,eurusd,bear,bear_structure_shift,200,7,0.57142857
w1,eurusd,bear,bear_trendline_confirmation,50,5,0.80000000
w1,eurusd,bear,bear_trendline_confirmation,100,5,0.80000000
w1,eurusd,bear,bear_trendline_confirmation,150,5,0.80000000
w1,eurusd,bear,bear_trendline_confirmation,200,5,0.60000000
w1,gbpusd,bull,bull_structure_shift,50,5,0.60000000
w1,gbpusd,bull,bull_structure_shift,100,5,0.40000000
w1,gbpusd,bull,bull_structure_shift,150,5,0.00000000
w1,gbpusd,bull,bull_structure_shift,200,5,0.00000000
w1,gbpusd,bull,bull_trendline_confirmation,50,5,0.60000000
w1,gbpusd,bull,bull_trendline_confirmation,100,5,0.40000000
w1,gbpusd,bull,bull_trendline_confirmation,150,5,0.00000000
w1,gbpusd,bull,bull_trendline_confirmation,200,5,0.00000000
w1,audusd,bull,bull_structure_shift,50,12,0.91666667
w1,audusd,bull,bull_structure_shift,100,12,0.83333333
w1,audusd,bull,bull_structure_shift,150,12,0.58333333
w1,audusd,bull,bull_structure_shift,200,12,0.50000000
w1,audusd,bull,bull_trendline_confirmation,50,12,0.91666667
w1,audusd,bull,bull_trendline_confirmation,100,12,0.83333333
w1,audusd,bull,bull_trendline_confirmation,150,12,0.58333333
w1,audusd,bull,bull_trendline_confirmation,200,12,0.50000000
w1,nzdusd,bull,bull_structure_shift,50,5,0.40000000
w1,nzdusd,bull,bull_structure_shift,100,5,0.20000000
w1,nzdusd,bull,bull_structure_shift,150,5,0.00000000
w1,nzdusd,bull,bull_structure_shift,200,5,0.00000000
w1,usdchf,bull,bull_structure_shift,50,10,0.90000000
w1,usdchf,bull,bull_structure_shift,100,10,0.80000000
w1,usdchf,bull,bull_structure_shift,150,10,0.80000000
w1,usdchf,bull,bull_structure_shift,200,10,0.70000000
w1,audnzd,bull,bull_structure_shift,50,16,1.00000000
w1,audnzd,bull,bull_structure_shift,100,16,1.00000000
w1,audnzd,bull,bull_structure_shift,150,16,1.00000000
w1,audnzd,bull,bull_structure_shift,200,16,0.93750000
w1,eurgbp,bull,bull_trendline_confirmation,50,6,0.33333333
w1,eurgbp,bull,bull_trendline_confirmation,100,6,0.00000000
w1,eurgbp,bull,bull_trendline_confirmation,150,6,0.00000000
w1,eurgbp,bull,bull_trendline_confirmation,200,6,0.00000000
w1,eurgbp,bear,bear_structure_shift,50,7,0.71428571
w1,eurgbp,bear,bear_structure_shift,100,7,0.57142857
w1,eurgbp,bear,bear_structure_shift,150,7,0.42857143
w1,eurgbp,bear,bear_structure_shift,200,7,0.28571429
d1,usdjpy,bull,descending_line_break_up_event,50,13,1.00000000
d1,usdjpy,bull,descending_line_break_up_event,100,13,1.00000000
d1,usdjpy,bull,descending_line_break_up_event,150,13,0.69230769
d1,usdjpy,bull,descending_line_break_up_event,200,13,0.53846154
d1,usdjpy,bull,bull_structure_shift,50,78,0.87179487
d1,usdjpy,bull,bull_structure_shift,100,78,0.78205128
d1,usdjpy,bull,bull_structure_shift,150,78,0.65384615
d1,usdjpy,bull,bull_structure_shift,200,78,0.50000000
d1,usdjpy,bull,bull_trendline_confirmation,50,28,0.85714286
d1,usdjpy,bull,bull_trendline_confirmation,100,28,0.75000000
d1,usdjpy,bull,bull_trendline_confirmation,150,28,0.50000000
d1,usdjpy,bull,bull_trendline_confirmation,200,28,0.35714286
d1,usdjpy,bull,bull_full_structure,50,5,0.60000000
d1,usdjpy,bull,bull_full_structure,100,5,0.40000000
d1,usdjpy,bull,bull_full_structure,150,5,0.40000000
d1,usdjpy,bull,bull_full_structure,200,5,0.20000000
d1,usdjpy,bear,ascending_line_break_down_event,50,15,0.73333333
d1,usdjpy,bear,ascending_line_break_down_event,100,15,0.46666667
d1,usdjpy,bear,ascending_line_break_down_event,150,15,0.40000000
d1,usdjpy,bear,ascending_line_break_down_event,200,15,0.40000000
d1,usdjpy,bear,bear_structure_shift,50,15,0.86666667
d1,usdjpy,bear,bear_structure_shift,100,15,0.60000000
d1,usdjpy,bear,bear_structure_shift,150,15,0.53333333
d1,usdjpy,bear,bear_structure_shift,200,15,0.46666667
d1,usdjpy,bear,bear_trendline_confirmation,50,14,0.85714286
d1,usdjpy,bear,bear_trendline_confirmation,100,14,0.57142857
d1,usdjpy,bear,bear_trendline_confirmation,150,14,0.50000000
d1,usdjpy,bear,bear_trendline_confirmation,200,14,0.42857143
d1,eurjpy,bull,descending_line_break_up_event,50,14,0.92857143
d1,eurjpy,bull,descending_line_break_up_event,100,14,0.85714286
d1,eurjpy,bull,descending_line_break_up_event,150,14,0.50000000
d1,eurjpy,bull,descending_line_break_up_event,200,14,0.42857143
d1,eurjpy,bull,bull_structure_shift,50,56,0.83928571
d1,eurjpy,bull,bull_structure_shift,100,56,0.64285714
d1,eurjpy,bull,bull_structure_shift,150,56,0.35714286
d1,eurjpy,bull,bull_structure_shift,200,56,0.23214286
d1,eurjpy,bull,bull_trendline_confirmation,50,37,0.83783784
d1,eurjpy,bull,bull_trendline_confirmation,100,37,0.64864865
d1,eurjpy,bull,bull_trendline_confirmation,150,37,0.37837838
d1,eurjpy,bull,bull_trendline_confirmation,200,37,0.18918919
d1,eurjpy,bull,bull_full_structure,50,9,0.77777778
d1,eurjpy,bull,bull_full_structure,100,9,0.66666667
d1,eurjpy,bull,bull_full_structure,150,9,0.22222222
d1,eurjpy,bull,bull_full_structure,200,9,0.11111111
d1,eurjpy,bear,ascending_line_break_down_event,50,15,0.93333333
d1,eurjpy,bear,ascending_line_break_down_event,100,15,0.86666667
d1,eurjpy,bear,ascending_line_break_down_event,150,15,0.80000000
d1,eurjpy,bear,ascending_line_break_down_event,200,15,0.66666667
d1,eurjpy,bear,bear_structure_shift,50,35,0.85714286
d1,eurjpy,bear,bear_structure_shift,100,35,0.77142857
d1,eurjpy,bear,bear_structure_shift,150,35,0.60000000
d1,eurjpy,bear,bear_structure_shift,200,35,0.40000000
d1,eurjpy,bear,bear_trendline_confirmation,50,19,0.94736842
d1,eurjpy,bear,bear_trendline_confirmation,100,19,0.78947368
d1,eurjpy,bear,bear_trendline_confirmation,150,19,0.73684211
d1,eurjpy,bear,bear_trendline_confirmation,200,19,0.63157895
d1,gbpjpy,bull,descending_line_break_up_event,50,12,1.00000000
d1,gbpjpy,bull,descending_line_break_up_event,100,12,1.00000000
d1,gbpjpy,bull,descending_line_break_up_event,150,12,1.00000000
d1,gbpjpy,bull,descending_line_break_up_event,200,12,0.75000000
d1,gbpjpy,bull,bull_structure_shift,50,62,0.90322581
d1,gbpjpy,bull,bull_structure_shift,100,62,0.72580645
d1,gbpjpy,bull,bull_structure_shift,150,62,0.61290323
d1,gbpjpy,bull,bull_structure_shift,200,62,0.51612903
d1,gbpjpy,bull,bull_trendline_confirmation,50,28,0.92857143
d1,gbpjpy,bull,bull_trendline_confirmation,100,28,0.85714286
d1,gbpjpy,bull,bull_trendline_confirmation,150,28,0.71428571
d1,gbpjpy,bull,bull_trendline_confirmation,200,28,0.71428571
d1,gbpjpy,bull,bull_full_structure,50,9,0.88888889
d1,gbpjpy,bull,bull_full_structure,100,9,0.77777778
d1,gbpjpy,bull,bull_full_structure,150,9,0.55555556
d1,gbpjpy,bull,bull_full_structure,200,9,0.55555556
d1,gbpjpy,bear,ascending_line_break_down_event,50,17,1.00000000
d1,gbpjpy,bear,ascending_line_break_down_event,100,17,0.94117647
d1,gbpjpy,bear,ascending_line_break_down_event,150,17,0.76470588
d1,gbpjpy,bear,ascending_line_break_down_event,200,17,0.64705882
d1,gbpjpy,bear,bear_structure_shift,50,31,0.77419355
d1,gbpjpy,bear,bear_structure_shift,100,31,0.58064516
d1,gbpjpy,bear,bear_structure_shift,150,31,0.35483871
d1,gbpjpy,bear,bear_structure_shift,200,31,0.19354839
d1,gbpjpy,bear,bear_trendline_confirmation,50,26,0.76923077
d1,gbpjpy,bear,bear_trendline_confirmation,100,26,0.57692308
d1,gbpjpy,bear,bear_trendline_confirmation,150,26,0.34615385
d1,gbpjpy,bear,bear_trendline_confirmation,200,26,0.26923077
d1,gbpjpy,bear,bear_full_structure,50,5,0.80000000
d1,gbpjpy,bear,bear_full_structure,100,5,0.40000000
d1,gbpjpy,bear,bear_full_structure,150,5,0.20000000
d1,gbpjpy,bear,bear_full_structure,200,5,0.20000000
d1,audjpy,bull,descending_line_break_up_event,50,6,1.00000000
d1,audjpy,bull,descending_line_break_up_event,100,6,0.83333333
d1,audjpy,bull,descending_line_break_up_event,150,6,0.66666667
d1,audjpy,bull,descending_line_break_up_event,200,6,0.66666667
d1,audjpy,bull,bull_structure_shift,50,61,0.80327869
d1,audjpy,bull,bull_structure_shift,100,61,0.62295082
d1,audjpy,bull,bull_structure_shift,150,61,0.49180328
d1,audjpy,bull,bull_structure_shift,200,61,0.42622951
d1,audjpy,bull,bull_trendline_confirmation,50,16,0.93750000
d1,audjpy,bull,bull_trendline_confirmation,100,16,0.68750000
d1,audjpy,bull,bull_trendline_confirmation,150,16,0.43750000
d1,audjpy,bull,bull_trendline_confirmation,200,16,0.37500000
d1,audjpy,bull,bull_full_structure,50,7,0.85714286
d1,audjpy,bull,bull_full_structure,100,7,0.57142857
d1,audjpy,bull,bull_full_structure,150,7,0.28571429
d1,audjpy,bull,bull_full_structure,200,7,0.28571429
d1,audjpy,bear,ascending_line_break_down_event,50,15,0.86666667
d1,audjpy,bear,ascending_line_break_down_event,100,15,0.66666667
d1,audjpy,bear,ascending_line_break_down_event,150,15,0.66666667
d1,audjpy,bear,ascending_line_break_down_event,200,15,0.60000000
d1,audjpy,bear,bear_structure_shift,50,26,0.73076923
d1,audjpy,bear,bear_structure_shift,100,26,0.57692308
d1,audjpy,bear,bear_structure_shift,150,26,0.42307692
d1,audjpy,bear,bear_structure_shift,200,26,0.11538462
d1,audjpy,bear,bear_trendline_confirmation,50,15,0.73333333
d1,audjpy,bear,bear_trendline_confirmation,100,15,0.66666667
d1,audjpy,bear,bear_trendline_confirmation,150,15,0.60000000
d1,audjpy,bear,bear_trendline_confirmation,200,15,0.20000000
d1,eurusd,bull,descending_line_break_up_event,50,13,0.69230769
d1,eurusd,bull,descending_line_break_up_event,100,13,0.53846154
d1,eurusd,bull,descending_line_break_up_event,150,13,0.46153846
d1,eurusd,bull,descending_line_break_up_event,200,13,0.46153846
d1,eurusd,bull,bull_structure_shift,50,29,0.75862069
d1,eurusd,bull,bull_structure_shift,100,29,0.68965517
d1,eurusd,bull,bull_structure_shift,150,29,0.48275862
d1,eurusd,bull,bull_structure_shift,200,29,0.27586207
d1,eurusd,bull,bull_trendline_confirmation,50,15,0.80000000
d1,eurusd,bull,bull_trendline_confirmation,100,15,0.60000000
d1,eurusd,bull,bull_trendline_confirmation,150,15,0.53333333
d1,eurusd,bull,bull_trendline_confirmation,200,15,0.33333333
d1,eurusd,bear,ascending_line_break_down_event,50,13,0.92307692
d1,eurusd,bear,ascending_line_break_down_event,100,13,0.69230769
d1,eurusd,bear,ascending_line_break_down_event,150,13,0.46153846
d1,eurusd,bear,ascending_line_break_down_event,200,13,0.38461538
d1,eurusd,bear,bear_structure_shift,50,46,0.71739130
d1,eurusd,bear,bear_structure_shift,100,46,0.65217391
d1,eurusd,bear,bear_structure_shift,150,46,0.45652174
d1,eurusd,bear,bear_structure_shift,200,46,0.28260870
d1,eurusd,bear,bear_trendline_confirmation,50,22,1.00000000
d1,eurusd,bear,bear_trendline_confirmation,100,22,1.00000000
d1,eurusd,bear,bear_trendline_confirmation,150,22,0.68181818
d1,eurusd,bear,bear_trendline_confirmation,200,22,0.50000000
d1,gbpusd,bull,descending_line_break_up_event,50,22,0.81818182
d1,gbpusd,bull,descending_line_break_up_event,100,22,0.54545455
d1,gbpusd,bull,descending_line_break_up_event,150,22,0.40909091
d1,gbpusd,bull,descending_line_break_up_event,200,22,0.40909091
d1,gbpusd,bull,bull_structure_shift,50,52,0.80769231
d1,gbpusd,bull,bull_structure_shift,100,52,0.69230769
d1,gbpusd,bull,bull_structure_shift,150,52,0.51923077
d1,gbpusd,bull,bull_structure_shift,200,52,0.30769231
d1,gbpusd,bull,bull_trendline_confirmation,50,30,0.83333333
d1,gbpusd,bull,bull_trendline_confirmation,100,30,0.73333333
d1,gbpusd,bull,bull_trendline_confirmation,150,30,0.66666667
d1,gbpusd,bull,bull_trendline_confirmation,200,30,0.53333333
d1,gbpusd,bull,bull_full_structure,50,9,0.77777778
d1,gbpusd,bull,bull_full_structure,100,9,0.66666667
d1,gbpusd,bull,bull_full_structure,150,9,0.66666667
d1,gbpusd,bull,bull_full_structure,200,9,0.66666667
d1,gbpusd,bear,ascending_line_break_down_event,50,24,0.83333333
d1,gbpusd,bear,ascending_line_break_down_event,100,24,0.66666667
d1,gbpusd,bear,ascending_line_break_down_event,150,24,0.58333333
d1,gbpusd,bear,ascending_line_break_down_event,200,24,0.41666667
d1,gbpusd,bear,bear_structure_shift,50,51,0.76470588
d1,gbpusd,bear,bear_structure_shift,100,51,0.64705882
d1,gbpusd,bear,bear_structure_shift,150,51,0.58823529
d1,gbpusd,bear,bear_structure_shift,200,51,0.35294118
d1,gbpusd,bear,bear_trendline_confirmation,50,26,0.96153846
d1,gbpusd,bear,bear_trendline_confirmation,100,26,0.84615385
d1,gbpusd,bear,bear_trendline_confirmation,150,26,0.84615385
d1,gbpusd,bear,bear_trendline_confirmation,200,26,0.65384615
d1,gbpusd,bear,bear_full_structure,50,5,1.00000000
d1,gbpusd,bear,bear_full_structure,100,5,0.80000000
d1,gbpusd,bear,bear_full_structure,150,5,0.80000000
d1,gbpusd,bear,bear_full_structure,200,5,0.60000000
d1,audusd,bull,descending_line_break_up_event,50,7,0.71428571
d1,audusd,bull,descending_line_break_up_event,100,7,0.42857143
d1,audusd,bull,descending_line_break_up_event,150,7,0.28571429
d1,audusd,bull,descending_line_break_up_event,200,7,0.14285714
d1,audusd,bull,bull_structure_shift,50,49,0.87755102
d1,audusd,bull,bull_structure_shift,100,49,0.55102041
d1,audusd,bull,bull_structure_shift,150,49,0.26530612
d1,audusd,bull,bull_structure_shift,200,49,0.08163265
d1,audusd,bull,bull_trendline_confirmation,50,14,0.85714286
d1,audusd,bull,bull_trendline_confirmation,100,14,0.78571429
d1,audusd,bull,bull_trendline_confirmation,150,14,0.50000000
d1,audusd,bull,bull_trendline_confirmation,200,14,0.07142857
d1,audusd,bear,ascending_line_break_down_event,50,17,0.58823529
d1,audusd,bear,ascending_line_break_down_event,100,17,0.29411765
d1,audusd,bear,ascending_line_break_down_event,150,17,0.29411765
d1,audusd,bear,ascending_line_break_down_event,200,17,0.23529412
d1,audusd,bear,bear_structure_shift,50,30,0.63333333
d1,audusd,bear,bear_structure_shift,100,30,0.56666667
d1,audusd,bear,bear_structure_shift,150,30,0.30000000
d1,audusd,bear,bear_structure_shift,200,30,0.06666667
d1,audusd,bear,bear_trendline_confirmation,50,8,0.62500000
d1,audusd,bear,bear_trendline_confirmation,100,8,0.50000000
d1,audusd,bear,bear_trendline_confirmation,150,8,0.50000000
d1,audusd,bear,bear_trendline_confirmation,200,8,0.25000000
d1,nzdusd,bull,descending_line_break_up_event,50,14,0.64285714
d1,nzdusd,bull,descending_line_break_up_event,100,14,0.42857143
d1,nzdusd,bull,descending_line_break_up_event,150,14,0.42857143
d1,nzdusd,bull,descending_line_break_up_event,200,14,0.21428571
d1,nzdusd,bull,bull_structure_shift,50,51,0.60784314
d1,nzdusd,bull,bull_structure_shift,100,51,0.29411765
d1,nzdusd,bull,bull_structure_shift,150,51,0.11764706
d1,nzdusd,bull,bull_structure_shift,200,51,0.07843137
d1,nzdusd,bull,bull_trendline_confirmation,50,29,0.55172414
d1,nzdusd,bull,bull_trendline_confirmation,100,29,0.37931034
d1,nzdusd,bull,bull_trendline_confirmation,150,29,0.20689655
d1,nzdusd,bull,bull_trendline_confirmation,200,29,0.13793103
d1,nzdusd,bull,bull_full_structure,50,8,0.75000000
d1,nzdusd,bull,bull_full_structure,100,8,0.50000000
d1,nzdusd,bull,bull_full_structure,150,8,0.25000000
d1,nzdusd,bull,bull_full_structure,200,8,0.12500000
d1,nzdusd,bear,ascending_line_break_down_event,50,15,0.93333333
d1,nzdusd,bear,ascending_line_break_down_event,100,15,0.66666667
d1,nzdusd,bear,ascending_line_break_down_event,150,15,0.53333333
d1,nzdusd,bear,ascending_line_break_down_event,200,15,0.26666667
d1,nzdusd,bear,bear_structure_shift,50,48,0.60416667
d1,nzdusd,bear,bear_structure_shift,100,48,0.35416667
d1,nzdusd,bear,bear_structure_shift,150,48,0.20833333
d1,nzdusd,bear,bear_structure_shift,200,48,0.12500000
d1,nzdusd,bear,bear_trendline_confirmation,50,26,0.61538462
d1,nzdusd,bear,bear_trendline_confirmation,100,26,0.46153846
d1,nzdusd,bear,bear_trendline_confirmation,150,26,0.26923077
d1,nzdusd,bear,bear_trendline_confirmation,200,26,0.15384615
d1,nzdusd,bear,bear_full_structure,50,8,0.50000000
d1,nzdusd,bear,bear_full_structure,100,8,0.25000000
d1,nzdusd,bear,bear_full_structure,150,8,0.12500000
d1,nzdusd,bear,bear_full_structure,200,8,0.00000000
d1,usdcad,bull,descending_line_break_up_event,50,12,0.91666667
d1,usdcad,bull,descending_line_break_up_event,100,12,0.75000000
d1,usdcad,bull,descending_line_break_up_event,150,12,0.33333333
d1,usdcad,bull,descending_line_break_up_event,200,12,0.33333333
d1,usdcad,bull,bull_structure_shift,50,48,0.79166667
d1,usdcad,bull,bull_structure_shift,100,48,0.60416667
d1,usdcad,bull,bull_structure_shift,150,48,0.52083333
d1,usdcad,bull,bull_structure_shift,200,48,0.50000000
d1,usdcad,bull,bull_trendline_confirmation,50,19,1.00000000
d1,usdcad,bull,bull_trendline_confirmation,100,19,0.94736842
d1,usdcad,bull,bull_trendline_confirmation,150,19,0.78947368
d1,usdcad,bull,bull_trendline_confirmation,200,19,0.73684211
d1,usdcad,bear,ascending_line_break_down_event,50,12,0.41666667
d1,usdcad,bear,ascending_line_break_down_event,100,12,0.41666667
d1,usdcad,bear,ascending_line_break_down_event,150,12,0.41666667
d1,usdcad,bear,ascending_line_break_down_event,200,12,0.25000000
d1,usdcad,bear,bear_structure_shift,50,53,0.79245283
d1,usdcad,bear,bear_structure_shift,100,53,0.67924528
d1,usdcad,bear,bear_structure_shift,150,53,0.47169811
d1,usdcad,bear,bear_structure_shift,200,53,0.30188679
d1,usdcad,bear,bear_trendline_confirmation,50,30,0.73333333
d1,usdcad,bear,bear_trendline_confirmation,100,30,0.66666667
d1,usdcad,bear,bear_trendline_confirmation,150,30,0.50000000
d1,usdcad,bear,bear_trendline_confirmation,200,30,0.33333333
d1,usdcad,bear,bear_full_structure,50,10,0.80000000
d1,usdcad,bear,bear_full_structure,100,10,0.60000000
d1,usdcad,bear,bear_full_structure,150,10,0.50000000
d1,usdcad,bear,bear_full_structure,200,10,0.30000000
d1,usdchf,bull,descending_line_break_up_event,50,12,0.91666667
d1,usdchf,bull,descending_line_break_up_event,100,12,0.58333333
d1,usdchf,bull,descending_line_break_up_event,150,12,0.50000000
d1,usdchf,bull,descending_line_break_up_event,200,12,0.25000000
d1,usdchf,bull,bull_structure_shift,50,48,0.66666667
d1,usdchf,bull,bull_structure_shift,100,48,0.39583333
d1,usdchf,bull,bull_structure_shift,150,48,0.22916667
d1,usdchf,bull,bull_structure_shift,200,48,0.08333333
d1,usdchf,bull,bull_trendline_confirmation,50,25,0.80000000
d1,usdchf,bull,bull_trendline_confirmation,100,25,0.76000000
d1,usdchf,bull,bull_trendline_confirmation,150,25,0.60000000
d1,usdchf,bull,bull_trendline_confirmation,200,25,0.48000000
d1,usdchf,bear,ascending_line_break_down_event,50,12,0.58333333
d1,usdchf,bear,ascending_line_break_down_event,100,12,0.25000000
d1,usdchf,bear,ascending_line_break_down_event,150,12,0.25000000
d1,usdchf,bear,ascending_line_break_down_event,200,12,0.25000000
d1,usdchf,bear,bear_structure_shift,50,16,0.50000000
d1,usdchf,bear,bear_structure_shift,100,16,0.25000000
d1,usdchf,bear,bear_structure_shift,150,16,0.06250000
d1,usdchf,bear,bear_structure_shift,200,16,0.00000000
d1,usdchf,bear,bear_trendline_confirmation,50,16,0.75000000
d1,usdchf,bear,bear_trendline_confirmation,100,16,0.43750000
d1,usdchf,bear,bear_trendline_confirmation,150,16,0.25000000
d1,usdchf,bear,bear_trendline_confirmation,200,16,0.18750000
d1,audnzd,bull,descending_line_break_up_event,50,12,0.83333333
d1,audnzd,bull,descending_line_break_up_event,100,12,0.75000000
d1,audnzd,bull,descending_line_break_up_event,150,12,0.50000000
d1,audnzd,bull,descending_line_break_up_event,200,12,0.41666667
d1,audnzd,bull,bull_structure_shift,50,84,0.88095238
d1,audnzd,bull,bull_structure_shift,100,84,0.64285714
d1,audnzd,bull,bull_structure_shift,150,84,0.44047619
d1,audnzd,bull,bull_structure_shift,200,84,0.35714286
d1,audnzd,bull,bull_trendline_confirmation,50,40,0.77500000
d1,audnzd,bull,bull_trendline_confirmation,100,40,0.62500000
d1,audnzd,bull,bull_trendline_confirmation,150,40,0.40000000
d1,audnzd,bull,bull_trendline_confirmation,200,40,0.27500000
d1,audnzd,bull,bull_full_structure,50,10,0.80000000
d1,audnzd,bull,bull_full_structure,100,10,0.70000000
d1,audnzd,bull,bull_full_structure,150,10,0.30000000
d1,audnzd,bull,bull_full_structure,200,10,0.20000000
d1,audnzd,bear,ascending_line_break_down_event,50,16,0.62500000
d1,audnzd,bear,ascending_line_break_down_event,100,16,0.37500000
d1,audnzd,bear,ascending_line_break_down_event,150,16,0.12500000
d1,audnzd,bear,ascending_line_break_down_event,200,16,0.06250000
d1,audnzd,bear,bear_structure_shift,50,26,0.50000000
d1,audnzd,bear,bear_structure_shift,100,26,0.19230769
d1,audnzd,bear,bear_structure_shift,150,26,0.07692308
d1,audnzd,bear,bear_structure_shift,200,26,0.00000000
d1,audnzd,bear,bear_trendline_confirmation,50,25,0.40000000
d1,audnzd,bear,bear_trendline_confirmation,100,25,0.12000000
d1,audnzd,bear,bear_trendline_confirmation,150,25,0.12000000
d1,audnzd,bear,bear_trendline_confirmation,200,25,0.00000000
d1,audnzd,bear,bear_full_structure,50,5,0.60000000
d1,audnzd,bear,bear_full_structure,100,5,0.00000000
d1,audnzd,bear,bear_full_structure,150,5,0.00000000
d1,audnzd,bear,bear_full_structure,200,5,0.00000000
d1,eurgbp,bull,descending_line_break_up_event,50,17,0.64705882
d1,eurgbp,bull,descending_line_break_up_event,100,17,0.11764706
d1,eurgbp,bull,descending_line_break_up_event,150,17,0.00000000
d1,eurgbp,bull,descending_line_break_up_event,200,17,0.00000000
d1,eurgbp,bull,bull_structure_shift,50,56,0.25000000
d1,eurgbp,bull,bull_structure_shift,100,56,0.01785714
d1,eurgbp,bull,bull_structure_shift,150,56,0.00000000
d1,eurgbp,bull,bull_structure_shift,200,56,0.00000000
d1,eurgbp,bull,bull_trendline_confirmation,50,50,0.32000000
d1,eurgbp,bull,bull_trendline_confirmation,100,50,0.02000000
d1,eurgbp,bull,bull_trendline_confirmation,150,50,0.00000000
d1,eurgbp,bull,bull_trendline_confirmation,200,50,0.00000000
d1,eurgbp,bull,bull_full_structure,50,11,0.09090909
d1,eurgbp,bull,bull_full_structure,100,11,0.00000000
d1,eurgbp,bull,bull_full_structure,150,11,0.00000000
d1,eurgbp,bull,bull_full_structure,200,11,0.00000000
d1,eurgbp,bear,ascending_line_break_down_event,50,17,0.52941176
d1,eurgbp,bear,ascending_line_break_down_event,100,17,0.17647059
d1,eurgbp,bear,ascending_line_break_down_event,150,17,0.05882353
d1,eurgbp,bear,ascending_line_break_down_event,200,17,0.00000000
d1,eurgbp,bear,bear_structure_shift,50,48,0.66666667
d1,eurgbp,bear,bear_structure_shift,100,48,0.20833333
d1,eurgbp,bear,bear_structure_shift,150,48,0.08333333
d1,eurgbp,bear,bear_structure_shift,200,48,0.00000000
d1,eurgbp,bear,bear_trendline_confirmation,50,33,0.54545455
d1,eurgbp,bear,bear_trendline_confirmation,100,33,0.18181818
d1,eurgbp,bear,bear_trendline_confirmation,150,33,0.12121212
d1,eurgbp,bear,bear_trendline_confirmation,200,33,0.00000000
h4,usdjpy,bull,descending_line_break_up_event,50,64,0.78125000
h4,usdjpy,bull,descending_line_break_up_event,100,64,0.48437500
h4,usdjpy,bull,descending_line_break_up_event,150,64,0.25000000
h4,usdjpy,bull,descending_line_break_up_event,200,64,0.06250000
h4,usdjpy,bull,bull_structure_shift,50,350,0.64571429
h4,usdjpy,bull,bull_structure_shift,100,350,0.38571429
h4,usdjpy,bull,bull_structure_shift,150,350,0.18285714
h4,usdjpy,bull,bull_structure_shift,200,350,0.06571429
h4,usdjpy,bull,bull_trendline_confirmation,50,164,0.67682927
h4,usdjpy,bull,bull_trendline_confirmation,100,164,0.39024390
h4,usdjpy,bull,bull_trendline_confirmation,150,164,0.15853659
h4,usdjpy,bull,bull_trendline_confirmation,200,164,0.05487805
h4,usdjpy,bull,bull_full_structure,50,47,0.63829787
h4,usdjpy,bull,bull_full_structure,100,47,0.38297872
h4,usdjpy,bull,bull_full_structure,150,47,0.12765957
h4,usdjpy,bull,bull_full_structure,200,47,0.04255319
h4,usdjpy,bear,ascending_line_break_down_event,50,88,0.47727273
h4,usdjpy,bear,ascending_line_break_down_event,100,88,0.34090909
h4,usdjpy,bear,ascending_line_break_down_event,150,88,0.25000000
h4,usdjpy,bear,ascending_line_break_down_event,200,88,0.14772727
h4,usdjpy,bear,bear_structure_shift,50,118,0.66949153
h4,usdjpy,bear,bear_structure_shift,100,118,0.53389831
h4,usdjpy,bear,bear_structure_shift,150,118,0.42372881
h4,usdjpy,bear,bear_structure_shift,200,118,0.35593220
h4,usdjpy,bear,bear_trendline_confirmation,50,73,0.56164384
h4,usdjpy,bear,bear_trendline_confirmation,100,73,0.46575342
h4,usdjpy,bear,bear_trendline_confirmation,150,73,0.34246575
h4,usdjpy,bear,bear_trendline_confirmation,200,73,0.16438356
h4,usdjpy,bear,bear_full_structure,50,13,0.38461538
h4,usdjpy,bear,bear_full_structure,100,13,0.30769231
h4,usdjpy,bear,bear_full_structure,150,13,0.23076923
h4,usdjpy,bear,bear_full_structure,200,13,0.15384615
h4,eurjpy,bull,descending_line_break_up_event,50,62,0.67741935
h4,eurjpy,bull,descending_line_break_up_event,100,62,0.45161290
h4,eurjpy,bull,descending_line_break_up_event,150,62,0.19354839
h4,eurjpy,bull,descending_line_break_up_event,200,62,0.09677419
h4,eurjpy,bull,bull_structure_shift,50,300,0.71000000
h4,eurjpy,bull,bull_structure_shift,100,300,0.39333333
h4,eurjpy,bull,bull_structure_shift,150,300,0.18000000
h4,eurjpy,bull,bull_structure_shift,200,300,0.07000000
h4,eurjpy,bull,bull_trendline_confirmation,50,117,0.79487179
h4,eurjpy,bull,bull_trendline_confirmation,100,117,0.53846154
h4,eurjpy,bull,bull_trendline_confirmation,150,117,0.36752137
h4,eurjpy,bull,bull_trendline_confirmation,200,117,0.17094017
h4,eurjpy,bull,bull_full_structure,50,24,0.75000000
h4,eurjpy,bull,bull_full_structure,100,24,0.45833333
h4,eurjpy,bull,bull_full_structure,150,24,0.33333333
h4,eurjpy,bull,bull_full_structure,200,24,0.16666667
h4,eurjpy,bear,ascending_line_break_down_event,50,73,0.67123288
h4,eurjpy,bear,ascending_line_break_down_event,100,73,0.45205479
h4,eurjpy,bear,ascending_line_break_down_event,150,73,0.32876712
h4,eurjpy,bear,ascending_line_break_down_event,200,73,0.17808219
h4,eurjpy,bear,bear_structure_shift,50,154,0.68181818
h4,eurjpy,bear,bear_structure_shift,100,154,0.39610390
h4,eurjpy,bear,bear_structure_shift,150,154,0.32467532
h4,eurjpy,bear,bear_structure_shift,200,154,0.18181818
h4,eurjpy,bear,bear_trendline_confirmation,50,108,0.70370370
h4,eurjpy,bear,bear_trendline_confirmation,100,108,0.36111111
h4,eurjpy,bear,bear_trendline_confirmation,150,108,0.31481481
h4,eurjpy,bear,bear_trendline_confirmation,200,108,0.17592593
h4,eurjpy,bear,bear_full_structure,50,17,0.76470588
h4,eurjpy,bear,bear_full_structure,100,17,0.52941176
h4,eurjpy,bear,bear_full_structure,150,17,0.47058824
h4,eurjpy,bear,bear_full_structure,200,17,0.29411765
h4,gbpjpy,bull,descending_line_break_up_event,50,69,0.78260870
h4,gbpjpy,bull,descending_line_break_up_event,100,69,0.60869565
h4,gbpjpy,bull,descending_line_break_up_event,150,69,0.37681159
h4,gbpjpy,bull,descending_line_break_up_event,200,69,0.21739130
h4,gbpjpy,bull,bull_structure_shift,50,262,0.71374046
h4,gbpjpy,bull,bull_structure_shift,100,262,0.50000000
h4,gbpjpy,bull,bull_structure_shift,150,262,0.29007634
h4,gbpjpy,bull,bull_structure_shift,200,262,0.22137405
h4,gbpjpy,bull,bull_trendline_confirmation,50,147,0.86394558
h4,gbpjpy,bull,bull_trendline_confirmation,100,147,0.70748299
h4,gbpjpy,bull,bull_trendline_confirmation,150,147,0.38775510
h4,gbpjpy,bull,bull_trendline_confirmation,200,147,0.25170068
h4,gbpjpy,bull,bull_full_structure,50,28,0.82142857
h4,gbpjpy,bull,bull_full_structure,100,28,0.64285714
h4,gbpjpy,bull,bull_full_structure,150,28,0.35714286
h4,gbpjpy,bull,bull_full_structure,200,28,0.25000000
h4,gbpjpy,bear,ascending_line_break_down_event,50,84,0.75000000
h4,gbpjpy,bear,ascending_line_break_down_event,100,84,0.50000000
h4,gbpjpy,bear,ascending_line_break_down_event,150,84,0.33333333
h4,gbpjpy,bear,ascending_line_break_down_event,200,84,0.22619048
h4,gbpjpy,bear,bear_structure_shift,50,160,0.69375000
h4,gbpjpy,bear,bear_structure_shift,100,160,0.39375000
h4,gbpjpy,bear,bear_structure_shift,150,160,0.28125000
h4,gbpjpy,bear,bear_structure_shift,200,160,0.21250000
h4,gbpjpy,bear,bear_trendline_confirmation,50,135,0.62962963
h4,gbpjpy,bear,bear_trendline_confirmation,100,135,0.34814815
h4,gbpjpy,bear,bear_trendline_confirmation,150,135,0.22222222
h4,gbpjpy,bear,bear_trendline_confirmation,200,135,0.17037037
h4,gbpjpy,bear,bear_full_structure,50,25,0.52000000
h4,gbpjpy,bear,bear_full_structure,100,25,0.36000000
h4,gbpjpy,bear,bear_full_structure,150,25,0.24000000
h4,gbpjpy,bear,bear_full_structure,200,25,0.24000000
h4,audjpy,bull,descending_line_break_up_event,50,60,0.58333333
h4,audjpy,bull,descending_line_break_up_event,100,60,0.31666667
h4,audjpy,bull,descending_line_break_up_event,150,60,0.13333333
h4,audjpy,bull,descending_line_break_up_event,200,60,0.05000000
h4,audjpy,bull,bull_structure_shift,50,304,0.66118421
h4,audjpy,bull,bull_structure_shift,100,304,0.33223684
h4,audjpy,bull,bull_structure_shift,150,304,0.16118421
h4,audjpy,bull,bull_structure_shift,200,304,0.07894737
h4,audjpy,bull,bull_trendline_confirmation,50,104,0.62500000
h4,audjpy,bull,bull_trendline_confirmation,100,104,0.23076923
h4,audjpy,bull,bull_trendline_confirmation,150,104,0.02884615
h4,audjpy,bull,bull_trendline_confirmation,200,104,0.00961538
h4,audjpy,bull,bull_full_structure,50,17,0.70588235
h4,audjpy,bull,bull_full_structure,100,17,0.05882353
h4,audjpy,bull,bull_full_structure,150,17,0.00000000
h4,audjpy,bull,bull_full_structure,200,17,0.00000000
h4,audjpy,bear,ascending_line_break_down_event,50,79,0.59493671
h4,audjpy,bear,ascending_line_break_down_event,100,79,0.30379747
h4,audjpy,bear,ascending_line_break_down_event,150,79,0.21518987
h4,audjpy,bear,ascending_line_break_down_event,200,79,0.11392405
h4,audjpy,bear,bear_structure_shift,50,175,0.69142857
h4,audjpy,bear,bear_structure_shift,100,175,0.41714286
h4,audjpy,bear,bear_structure_shift,150,175,0.25714286
h4,audjpy,bear,bear_structure_shift,200,175,0.10285714
h4,audjpy,bear,bear_trendline_confirmation,50,94,0.70212766
h4,audjpy,bear,bear_trendline_confirmation,100,94,0.47872340
h4,audjpy,bear,bear_trendline_confirmation,150,94,0.29787234
h4,audjpy,bear,bear_trendline_confirmation,200,94,0.15957447
h4,audjpy,bear,bear_full_structure,50,20,0.65000000
h4,audjpy,bear,bear_full_structure,100,20,0.40000000
h4,audjpy,bear,bear_full_structure,150,20,0.20000000
h4,audjpy,bear,bear_full_structure,200,20,0.05000000
h4,eurusd,bull,descending_line_break_up_event,50,84,0.44047619
h4,eurusd,bull,descending_line_break_up_event,100,84,0.19047619
h4,eurusd,bull,descending_line_break_up_event,150,84,0.07142857
h4,eurusd,bull,descending_line_break_up_event,200,84,0.02380952
h4,eurusd,bull,bull_structure_shift,50,166,0.52409639
h4,eurusd,bull,bull_structure_shift,100,166,0.32530120
h4,eurusd,bull,bull_structure_shift,150,166,0.10240964
h4,eurusd,bull,bull_structure_shift,200,166,0.04819277
h4,eurusd,bull,bull_trendline_confirmation,50,116,0.53448276
h4,eurusd,bull,bull_trendline_confirmation,100,116,0.29310345
h4,eurusd,bull,bull_trendline_confirmation,150,116,0.11206897
h4,eurusd,bull,bull_trendline_confirmation,200,116,0.03448276
h4,eurusd,bull,bull_full_structure,50,23,0.43478261
h4,eurusd,bull,bull_full_structure,100,23,0.26086957
h4,eurusd,bull,bull_full_structure,150,23,0.13043478
h4,eurusd,bull,bull_full_structure,200,23,0.08695652
h4,eurusd,bear,ascending_line_break_down_event,50,59,0.44067797
h4,eurusd,bear,ascending_line_break_down_event,100,59,0.20338983
h4,eurusd,bear,ascending_line_break_down_event,150,59,0.11864407
h4,eurusd,bear,ascending_line_break_down_event,200,59,0.06779661
h4,eurusd,bear,bear_structure_shift,50,328,0.56097561
h4,eurusd,bear,bear_structure_shift,100,328,0.22560976
h4,eurusd,bear,bear_structure_shift,150,328,0.04573171
h4,eurusd,bear,bear_structure_shift,200,328,0.00914634
h4,eurusd,bear,bear_trendline_confirmation,50,131,0.52671756
h4,eurusd,bear,bear_trendline_confirmation,100,131,0.21374046
h4,eurusd,bear,bear_trendline_confirmation,150,131,0.09160305
h4,eurusd,bear,bear_trendline_confirmation,200,131,0.03816794
h4,eurusd,bear,bear_full_structure,50,32,0.46875000
h4,eurusd,bear,bear_full_structure,100,32,0.15625000
h4,eurusd,bear,bear_full_structure,150,32,0.03125000
h4,eurusd,bear,bear_full_structure,200,32,0.00000000
h4,gbpusd,bull,descending_line_break_up_event,50,78,0.52564103
h4,gbpusd,bull,descending_line_break_up_event,100,78,0.25641026
h4,gbpusd,bull,descending_line_break_up_event,150,78,0.05128205
h4,gbpusd,bull,descending_line_break_up_event,200,78,0.03846154
h4,gbpusd,bull,bull_structure_shift,50,195,0.52820513
h4,gbpusd,bull,bull_structure_shift,100,195,0.30256410
h4,gbpusd,bull,bull_structure_shift,150,195,0.14871795
h4,gbpusd,bull,bull_structure_shift,200,195,0.09743590
h4,gbpusd,bull,bull_trendline_confirmation,50,131,0.58015267
h4,gbpusd,bull,bull_trendline_confirmation,100,131,0.29007634
h4,gbpusd,bull,bull_trendline_confirmation,150,131,0.16030534
h4,gbpusd,bull,bull_trendline_confirmation,200,131,0.16030534
h4,gbpusd,bull,bull_full_structure,50,30,0.56666667
h4,gbpusd,bull,bull_full_structure,100,30,0.20000000
h4,gbpusd,bull,bull_full_structure,150,30,0.10000000
h4,gbpusd,bull,bull_full_structure,200,30,0.10000000
h4,gbpusd,bear,ascending_line_break_down_event,50,71,0.63380282
h4,gbpusd,bear,ascending_line_break_down_event,100,71,0.32394366
h4,gbpusd,bear,ascending_line_break_down_event,150,71,0.19718310
h4,gbpusd,bear,ascending_line_break_down_event,200,71,0.08450704
h4,gbpusd,bear,bear_structure_shift,50,263,0.57034221
h4,gbpusd,bear,bear_structure_shift,100,263,0.30798479
h4,gbpusd,bear,bear_structure_shift,150,263,0.16349810
h4,gbpusd,bear,bear_structure_shift,200,263,0.03422053
h4,gbpusd,bear,bear_trendline_confirmation,50,173,0.57225434
h4,gbpusd,bear,bear_trendline_confirmation,100,173,0.32369942
h4,gbpusd,bear,bear_trendline_confirmation,150,173,0.19075145
h4,gbpusd,bear,bear_trendline_confirmation,200,173,0.05780347
h4,gbpusd,bear,bear_full_structure,50,50,0.54000000
h4,gbpusd,bear,bear_full_structure,100,50,0.30000000
h4,gbpusd,bear,bear_full_structure,150,50,0.18000000
h4,gbpusd,bear,bear_full_structure,200,50,0.02000000
h4,audusd,bull,descending_line_break_up_event,50,73,0.43835616
h4,audusd,bull,descending_line_break_up_event,100,73,0.12328767
h4,audusd,bull,descending_line_break_up_event,150,73,0.08219178
h4,audusd,bull,descending_line_break_up_event,200,73,0.00000000
h4,audusd,bull,bull_structure_shift,50,206,0.39805825
h4,audusd,bull,bull_structure_shift,100,206,0.19902913
h4,audusd,bull,bull_structure_shift,150,206,0.16019417
h4,audusd,bull,bull_structure_shift,200,206,0.05339806
h4,audusd,bull,bull_trendline_confirmation,50,127,0.37007874
h4,audusd,bull,bull_trendline_confirmation,100,127,0.15748031
h4,audusd,bull,bull_trendline_confirmation,150,127,0.11023622
h4,audusd,bull,bull_trendline_confirmation,200,127,0.00787402
h4,audusd,bull,bull_full_structure,50,21,0.42857143
h4,audusd,bull,bull_full_structure,100,21,0.19047619
h4,audusd,bull,bull_full_structure,150,21,0.19047619
h4,audusd,bull,bull_full_structure,200,21,0.04761905
h4,audusd,bear,ascending_line_break_down_event,50,74,0.47297297
h4,audusd,bear,ascending_line_break_down_event,100,74,0.09459459
h4,audusd,bear,ascending_line_break_down_event,150,74,0.01351351
h4,audusd,bear,ascending_line_break_down_event,200,74,0.00000000
h4,audusd,bear,bear_structure_shift,50,240,0.45833333
h4,audusd,bear,bear_structure_shift,100,240,0.15833333
h4,audusd,bear,bear_structure_shift,150,240,0.00000000
h4,audusd,bear,bear_structure_shift,200,240,0.00000000
h4,audusd,bear,bear_trendline_confirmation,50,144,0.41666667
h4,audusd,bear,bear_trendline_confirmation,100,144,0.10416667
h4,audusd,bear,bear_trendline_confirmation,150,144,0.02083333
h4,audusd,bear,bear_trendline_confirmation,200,144,0.00000000
h4,audusd,bear,bear_full_structure,50,32,0.50000000
h4,audusd,bear,bear_full_structure,100,32,0.06250000
h4,audusd,bear,bear_full_structure,150,32,0.00000000
h4,audusd,bear,bear_full_structure,200,32,0.00000000
h4,nzdusd,bull,descending_line_break_up_event,50,75,0.28000000
h4,nzdusd,bull,descending_line_break_up_event,100,75,0.08000000
h4,nzdusd,bull,descending_line_break_up_event,150,75,0.01333333
h4,nzdusd,bull,descending_line_break_up_event,200,75,0.00000000
h4,nzdusd,bull,bull_structure_shift,50,185,0.40540541
h4,nzdusd,bull,bull_structure_shift,100,185,0.20540541
h4,nzdusd,bull,bull_structure_shift,150,185,0.09189189
h4,nzdusd,bull,bull_structure_shift,200,185,0.00000000
h4,nzdusd,bull,bull_trendline_confirmation,50,111,0.29729730
h4,nzdusd,bull,bull_trendline_confirmation,100,111,0.11711712
h4,nzdusd,bull,bull_trendline_confirmation,150,111,0.04504505
h4,nzdusd,bull,bull_trendline_confirmation,200,111,0.00000000
h4,nzdusd,bull,bull_full_structure,50,20,0.35000000
h4,nzdusd,bull,bull_full_structure,100,20,0.05000000
h4,nzdusd,bull,bull_full_structure,150,20,0.00000000
h4,nzdusd,bull,bull_full_structure,200,20,0.00000000
h4,nzdusd,bear,ascending_line_break_down_event,50,80,0.53750000
h4,nzdusd,bear,ascending_line_break_down_event,100,80,0.15000000
h4,nzdusd,bear,ascending_line_break_down_event,150,80,0.03750000
h4,nzdusd,bear,ascending_line_break_down_event,200,80,0.00000000
h4,nzdusd,bear,bear_structure_shift,50,301,0.47508306
h4,nzdusd,bear,bear_structure_shift,100,301,0.16611296
h4,nzdusd,bear,bear_structure_shift,150,301,0.00000000
h4,nzdusd,bear,bear_structure_shift,200,301,0.00000000
h4,nzdusd,bear,bear_trendline_confirmation,50,174,0.52298851
h4,nzdusd,bear,bear_trendline_confirmation,100,174,0.16091954
h4,nzdusd,bear,bear_trendline_confirmation,150,174,0.01149425
h4,nzdusd,bear,bear_trendline_confirmation,200,174,0.00000000
h4,nzdusd,bear,bear_full_structure,50,38,0.44736842
h4,nzdusd,bear,bear_full_structure,100,38,0.10526316
h4,nzdusd,bear,bear_full_structure,150,38,0.00000000
h4,nzdusd,bear,bear_full_structure,200,38,0.00000000
h4,usdcad,bull,descending_line_break_up_event,50,63,0.47619048
h4,usdcad,bull,descending_line_break_up_event,100,63,0.19047619
h4,usdcad,bull,descending_line_break_up_event,150,63,0.04761905
h4,usdcad,bull,descending_line_break_up_event,200,63,0.00000000
h4,usdcad,bull,bull_structure_shift,50,331,0.60725076
h4,usdcad,bull,bull_structure_shift,100,331,0.21450151
h4,usdcad,bull,bull_structure_shift,150,331,0.03625378
h4,usdcad,bull,bull_structure_shift,200,331,0.00000000
h4,usdcad,bull,bull_trendline_confirmation,50,112,0.45535714
h4,usdcad,bull,bull_trendline_confirmation,100,112,0.05357143
h4,usdcad,bull,bull_trendline_confirmation,150,112,0.00000000
h4,usdcad,bull,bull_trendline_confirmation,200,112,0.00000000
h4,usdcad,bull,bull_full_structure,50,20,0.50000000
h4,usdcad,bull,bull_full_structure,100,20,0.00000000
h4,usdcad,bull,bull_full_structure,150,20,0.00000000
h4,usdcad,bull,bull_full_structure,200,20,0.00000000
h4,usdcad,bear,ascending_line_break_down_event,50,75,0.38666667
h4,usdcad,bear,ascending_line_break_down_event,100,75,0.22666667
h4,usdcad,bear,ascending_line_break_down_event,150,75,0.05333333
h4,usdcad,bear,ascending_line_break_down_event,200,75,0.00000000
h4,usdcad,bear,bear_structure_shift,50,191,0.47120419
h4,usdcad,bear,bear_structure_shift,100,191,0.21989529
h4,usdcad,bear,bear_structure_shift,150,191,0.09424084
h4,usdcad,bear,bear_structure_shift,200,191,0.07329843
h4,usdcad,bear,bear_trendline_confirmation,50,126,0.57142857
h4,usdcad,bear,bear_trendline_confirmation,100,126,0.29365079
h4,usdcad,bear,bear_trendline_confirmation,150,126,0.05555556
h4,usdcad,bear,bear_trendline_confirmation,200,126,0.00000000
h4,usdcad,bear,bear_full_structure,50,19,0.63157895
h4,usdcad,bear,bear_full_structure,100,19,0.31578947
h4,usdcad,bear,bear_full_structure,150,19,0.00000000
h4,usdcad,bear,bear_full_structure,200,19,0.00000000
h4,usdchf,bull,descending_line_break_up_event,50,66,0.54545455
h4,usdchf,bull,descending_line_break_up_event,100,66,0.16666667
h4,usdchf,bull,descending_line_break_up_event,150,66,0.01515152
h4,usdchf,bull,descending_line_break_up_event,200,66,0.00000000
h4,usdchf,bull,bull_structure_shift,50,309,0.59546926
h4,usdchf,bull,bull_structure_shift,100,309,0.10355987
h4,usdchf,bull,bull_structure_shift,150,309,0.00000000
h4,usdchf,bull,bull_structure_shift,200,309,0.00000000
h4,usdchf,bull,bull_trendline_confirmation,50,128,0.60937500
h4,usdchf,bull,bull_trendline_confirmation,100,128,0.15625000
h4,usdchf,bull,bull_trendline_confirmation,150,128,0.00000000
h4,usdchf,bull,bull_trendline_confirmation,200,128,0.00000000
h4,usdchf,bull,bull_full_structure,50,26,0.61538462
h4,usdchf,bull,bull_full_structure,100,26,0.15384615
h4,usdchf,bull,bull_full_structure,150,26,0.00000000
h4,usdchf,bull,bull_full_structure,200,26,0.00000000
h4,usdchf,bear,ascending_line_break_down_event,50,90,0.25555556
h4,usdchf,bear,ascending_line_break_down_event,100,90,0.12222222
h4,usdchf,bear,ascending_line_break_down_event,150,90,0.03333333
h4,usdchf,bear,ascending_line_break_down_event,200,90,0.01111111
h4,usdchf,bear,bear_structure_shift,50,164,0.34146341
h4,usdchf,bear,bear_structure_shift,100,164,0.18902439
h4,usdchf,bear,bear_structure_shift,150,164,0.06707317
h4,usdchf,bear,bear_structure_shift,200,164,0.01219512
h4,usdchf,bear,bear_trendline_confirmation,50,115,0.29565217
h4,usdchf,bear,bear_trendline_confirmation,100,115,0.13913043
h4,usdchf,bear,bear_trendline_confirmation,150,115,0.01739130
h4,usdchf,bear,bear_trendline_confirmation,200,115,0.00000000
h4,usdchf,bear,bear_full_structure,50,25,0.36000000
h4,usdchf,bear,bear_full_structure,100,25,0.12000000
h4,usdchf,bear,bear_full_structure,150,25,0.04000000
h4,usdchf,bear,bear_full_structure,200,25,0.00000000
h4,audnzd,bull,descending_line_break_up_event,50,67,0.65671642
h4,audnzd,bull,descending_line_break_up_event,100,67,0.20895522
h4,audnzd,bull,descending_line_break_up_event,150,67,0.02985075
h4,audnzd,bull,descending_line_break_up_event,200,67,0.00000000
h4,audnzd,bull,bull_structure_shift,50,338,0.55621302
h4,audnzd,bull,bull_structure_shift,100,338,0.16272189
h4,audnzd,bull,bull_structure_shift,150,338,0.05029586
h4,audnzd,bull,bull_structure_shift,200,338,0.00887574
h4,audnzd,bull,bull_trendline_confirmation,50,178,0.55056180
h4,audnzd,bull,bull_trendline_confirmation,100,178,0.18539326
h4,audnzd,bull,bull_trendline_confirmation,150,178,0.03370787
h4,audnzd,bull,bull_trendline_confirmation,200,178,0.01123596
h4,audnzd,bull,bull_full_structure,50,39,0.53846154
h4,audnzd,bull,bull_full_structure,100,39,0.12820513
h4,audnzd,bull,bull_full_structure,150,39,0.00000000
h4,audnzd,bull,bull_full_structure,200,39,0.00000000
h4,audnzd,bear,ascending_line_break_down_event,50,88,0.42045455
h4,audnzd,bear,ascending_line_break_down_event,100,88,0.11363636
h4,audnzd,bear,ascending_line_break_down_event,150,88,0.04545455
h4,audnzd,bear,ascending_line_break_down_event,200,88,0.01136364
h4,audnzd,bear,bear_structure_shift,50,192,0.38541667
h4,audnzd,bear,bear_structure_shift,100,192,0.12500000
h4,audnzd,bear,bear_structure_shift,150,192,0.04687500
h4,audnzd,bear,bear_structure_shift,200,192,0.00520833
h4,audnzd,bear,bear_trendline_confirmation,50,114,0.38596491
h4,audnzd,bear,bear_trendline_confirmation,100,114,0.10526316
h4,audnzd,bear,bear_trendline_confirmation,150,114,0.06140351
h4,audnzd,bear,bear_trendline_confirmation,200,114,0.00877193
h4,audnzd,bear,bear_full_structure,50,23,0.30434783
h4,audnzd,bear,bear_full_structure,100,23,0.08695652
h4,audnzd,bear,bear_full_structure,150,23,0.08695652
h4,audnzd,bear,bear_full_structure,200,23,0.00000000
h4,eurgbp,bull,descending_line_break_up_event,50,78,0.15384615
h4,eurgbp,bull,descending_line_break_up_event,100,78,0.02564103
h4,eurgbp,bull,descending_line_break_up_event,150,78,0.00000000
h4,eurgbp,bull,descending_line_break_up_event,200,78,0.00000000
h4,eurgbp,bull,bull_structure_shift,50,195,0.07692308
h4,eurgbp,bull,bull_structure_shift,100,195,0.00000000
h4,eurgbp,bull,bull_structure_shift,150,195,0.00000000
h4,eurgbp,bull,bull_structure_shift,200,195,0.00000000
h4,eurgbp,bull,bull_trendline_confirmation,50,118,0.11864407
h4,eurgbp,bull,bull_trendline_confirmation,100,118,0.00000000
h4,eurgbp,bull,bull_trendline_confirmation,150,118,0.00000000
h4,eurgbp,bull,bull_trendline_confirmation,200,118,0.00000000
h4,eurgbp,bull,bull_full_structure,50,18,0.05555556
h4,eurgbp,bull,bull_full_structure,100,18,0.00000000
h4,eurgbp,bull,bull_full_structure,150,18,0.00000000
h4,eurgbp,bull,bull_full_structure,200,18,0.00000000
h4,eurgbp,bear,ascending_line_break_down_event,50,75,0.16000000
h4,eurgbp,bear,ascending_line_break_down_event,100,75,0.00000000
h4,eurgbp,bear,ascending_line_break_down_event,150,75,0.00000000
h4,eurgbp,bear,ascending_line_break_down_event,200,75,0.00000000
h4,eurgbp,bear,bear_structure_shift,50,224,0.09375000
h4,eurgbp,bear,bear_structure_shift,100,224,0.00000000
h4,eurgbp,bear,bear_structure_shift,150,224,0.00000000
h4,eurgbp,bear,bear_structure_shift,200,224,0.00000000
h4,eurgbp,bear,bear_trendline_confirmation,50,139,0.24460432
h4,eurgbp,bear,bear_trendline_confirmation,100,139,0.00000000
h4,eurgbp,bear,bear_trendline_confirmation,150,139,0.00000000
h4,eurgbp,bear,bear_trendline_confirmation,200,139,0.00000000
h4,eurgbp,bear,bear_full_structure,50,20,0.15000000
h4,eurgbp,bear,bear_full_structure,100,20,0.00000000
h4,eurgbp,bear,bear_full_structure,150,20,0.00000000
h4,eurgbp,bear,bear_full_structure,200,20,0.00000000
