period,direction,feature,target_pips,samples,hit_rate,baseline_without_feature,difference,lift
discovery,bull,bull_hl,50,1244,0.92684887,0.94827586,-0.02142699,0.97740427
discovery,bull,bull_hl,100,1244,0.85852090,0.87931034,-0.02078944,0.97635710
discovery,bull,bull_hl,150,1244,0.79823151,0.79937304,-0.00114153,0.99857197
discovery,bull,bull_hl,200,1244,0.72508039,0.72335423,0.00172615,1.00238632
discovery,bull,bull_break,50,759,0.91172596,0.94889267,-0.03716672,0.96083148
discovery,bull,bull_break,100,759,0.83530962,0.88358887,-0.04827925,0.94536005
discovery,bull,bull_break,150,759,0.76284585,0.81431005,-0.05146420,0.93680024
discovery,bull,bull_break,200,759,0.68247694,0.74219194,-0.05971499,0.91954239
discovery,bull,descending_line_break_up,50,502,0.92828685,0.94003964,-0.01175279,0.98749756
discovery,bull,descending_line_break_up,100,502,0.83864542,0.87661051,-0.03796509,0.95669104
discovery,bull,descending_line_break_up,150,502,0.76892430,0.80624381,-0.03731950,0.95371189
discovery,bull,descending_line_break_up,200,502,0.69123506,0.73240833,-0.04117327,0.94378373
discovery,bull,descending_line_break_up_event,50,115,0.92173913,0.93846154,-0.01672241,0.98218104
discovery,bull,descending_line_break_up_event,100,115,0.84347826,0.87027027,-0.02679201,0.96921415
discovery,bull,descending_line_break_up_event,150,115,0.77391304,0.80000000,-0.02608696,0.96739130
discovery,bull,descending_line_break_up_event,200,115,0.71304348,0.72474012,-0.01169665,0.98386091
discovery,bull,bull_structure_shift,50,491,0.90020367,0.94677181,-0.04656814,0.95081376
discovery,bull,bull_structure_shift,100,491,0.84114053,0.87580089,-0.03466036,0.96042439
discovery,bull,bull_structure_shift,150,491,0.76578411,0.80680138,-0.04101727,0.94916064
discovery,bull,bull_structure_shift,200,491,0.68839104,0.73287334,-0.04448230,0.93930425
discovery,bull,bull_trendline_confirmation,50,224,0.91071429,0.94033101,-0.02961672,0.96850394
discovery,bull,bull_trendline_confirmation,100,224,0.82142857,0.87369338,-0.05226481,0.94017946
discovery,bull,bull_trendline_confirmation,150,224,0.74553571,0.80400697,-0.05847125,0.92727519
discovery,bull,bull_trendline_confirmation,200,224,0.65178571,0.73127178,-0.07948606,0.89130435
discovery,bull,bull_full_structure,50,64,0.90625000,0.93851792,-0.03226792,0.96561822
discovery,bull,bull_full_structure,100,64,0.81250000,0.87052117,-0.05802117,0.93334892
discovery,bull,bull_full_structure,150,64,0.75000000,0.80008143,-0.05008143,0.93740458
discovery,bull,bull_full_structure,200,64,0.62500000,0.72679153,-0.10179153,0.85994398
discovery,bear,bear_lh,50,980,0.91530612,0.94610390,-0.03079777,0.96744779
discovery,bear,bear_lh,100,980,0.83367347,0.88181818,-0.04814471,0.94540290
discovery,bear,bear_lh,150,980,0.74795918,0.80974026,-0.06178108,0.92370260
discovery,bear,bear_lh,200,980,0.65612245,0.74025974,-0.08413729,0.88634085
discovery,bear,bear_break,50,674,0.91988131,0.93932828,-0.01944697,0.97929694
discovery,bear,bear_break,100,674,0.84421365,0.86998917,-0.02577552,0.97037260
discovery,bear,bear_break,150,674,0.75964392,0.79523294,-0.03558902,0.95524705
discovery,bear,bear_break,200,674,0.65430267,0.72697725,-0.07267458,0.90003184
discovery,bear,ascending_line_break_down,50,520,0.92884615,0.93550000,-0.00665385,0.99288739
discovery,bear,ascending_line_break_down,100,520,0.86923077,0.86150000,0.00773077,1.00897361
discovery,bear,ascending_line_break_down,150,520,0.80576923,0.78050000,0.02526923,1.03237570
discovery,bear,ascending_line_break_down,200,520,0.72692308,0.70250000,0.02442308,1.03476595
discovery,bear,ascending_line_break_down_event,50,126,0.94444444,0.93358396,0.01086048,1.01163311
discovery,bear,ascending_line_break_down_event,100,126,0.90476190,0.86090226,0.04385965,1.05094614
discovery,bear,ascending_line_break_down_event,150,126,0.83333333,0.78320802,0.05012531,1.06400000
discovery,bear,ascending_line_break_down_event,200,126,0.79365079,0.70300752,0.09064327,1.12893642
discovery,bear,bear_structure_shift,50,319,0.89968652,0.93911858,-0.03943206,0.95801163
discovery,bear,bear_structure_shift,100,319,0.80877743,0.87096774,-0.06219031,0.92859631
discovery,bear,bear_structure_shift,150,319,0.73667712,0.79282144,-0.05614433,0.92918414
discovery,bear,bear_structure_shift,200,319,0.63322884,0.71830986,-0.08508102,0.88155388
discovery,bear,bear_trendline_confirmation,50,155,0.90967742,0.93572939,-0.02605197,0.97215865
discovery,bear,bear_trendline_confirmation,100,155,0.82580645,0.86553911,-0.03973266,0.95409490
discovery,bear,bear_trendline_confirmation,150,155,0.74838710,0.78816068,-0.03977358,0.94953620
discovery,bear,bear_trendline_confirmation,200,155,0.66451613,0.71035941,-0.04584328,0.93546467
discovery,bear,bear_full_structure,50,37,0.91891892,0.93435360,-0.01543469,0.98348089
discovery,bear,bear_full_structure,100,37,0.75675676,0.86467982,-0.10792307,0.87518725
discovery,bear,bear_full_structure,150,37,0.70270270,0.78695127,-0.08424857,0.89294310
discovery,bear,bear_full_structure,200,37,0.62162162,0.70881998,-0.08719835,0.87698096
validation,bull,bull_hl,50,353,0.94900850,0.94833948,0.00066902,1.00070546
validation,bull,bull_hl,100,353,0.88668555,0.89667897,-0.00999341,0.98885508
validation,bull,bull_hl,150,353,0.82152975,0.84501845,-0.02348871,0.97220332
validation,bull,bull_hl,200,353,0.75920680,0.78228782,-0.02308102,0.97049548
validation,bull,bull_break,50,234,0.94871795,0.94871795,0.00000000,1.00000000
validation,bull,bull_break,100,234,0.88888889,0.89230769,-0.00341880,0.99616858
validation,bull,bull_break,150,234,0.83333333,0.83076923,0.00256410,1.00308642
validation,bull,bull_break,200,234,0.78205128,0.76153846,0.02051282,1.02693603
validation,bull,descending_line_break_up,50,109,0.91743119,0.95533981,-0.03790861,0.96031924
validation,bull,descending_line_break_up,100,109,0.87155963,0.89514563,-0.02358600,0.97365122
validation,bull,descending_line_break_up,150,109,0.78899083,0.84077670,-0.05178587,0.93840710
validation,bull,descending_line_break_up,200,109,0.77064220,0.76893204,0.00171016,1.00222408
validation,bull,descending_line_break_up_event,50,27,0.92592593,0.94974874,-0.02382282,0.97491672
validation,bull,descending_line_break_up_event,100,27,0.85185185,0.89279732,-0.04094547,0.95413800
validation,bull,descending_line_break_up_event,150,27,0.74074074,0.83584590,-0.09510516,0.88621688
validation,bull,descending_line_break_up_event,200,27,0.70370370,0.77219430,-0.06849060,0.91130393
validation,bull,bull_structure_shift,50,151,0.96026490,0.94503171,0.01523319,1.01611923
validation,bull,bull_structure_shift,100,151,0.90066225,0.88794926,0.01271299,1.01431725
validation,bull,bull_structure_shift,150,151,0.84768212,0.82663848,0.02104364,1.02545689
validation,bull,bull_structure_shift,200,151,0.78145695,0.76532770,0.01612926,1.02107497
validation,bull,bull_trendline_confirmation,50,49,0.91836735,0.95130435,-0.03293700,0.96537701
validation,bull,bull_trendline_confirmation,100,49,0.89795918,0.89043478,0.00752440,1.00845026
validation,bull,bull_trendline_confirmation,150,49,0.85714286,0.82956522,0.02757764,1.03324349
validation,bull,bull_trendline_confirmation,200,49,0.83673469,0.76347826,0.07325643,1.09595091
validation,bull,bull_full_structure,50,10,1.00000000,0.94788274,0.05211726,1.05498282
validation,bull,bull_full_structure,100,10,1.00000000,0.88925081,0.11074919,1.12454212
validation,bull,bull_full_structure,150,10,1.00000000,0.82899023,0.17100977,1.20628684
validation,bull,bull_full_structure,200,10,1.00000000,0.76547231,0.23452769,1.30638298
validation,bear,bear_lh,50,238,0.89075630,0.84974093,0.04101537,1.04826809
validation,bear,bear_lh,100,238,0.77731092,0.71243523,0.06487569,1.09106188
validation,bear,bear_lh,150,238,0.62184874,0.59844560,0.02340314,1.03910655
validation,bear,bear_lh,200,238,0.49579832,0.50000000,-0.00420168,0.99159664
validation,bear,bear_break,50,142,0.92957746,0.84647303,0.08310444,1.09817730
validation,bear,bear_break,100,142,0.83098592,0.70954357,0.12144235,1.17115559
validation,bear,bear_break,150,142,0.72535211,0.57261411,0.15273800,1.26673811
validation,bear,bear_break,200,142,0.61971831,0.46265560,0.15706271,1.33948083
validation,bear,ascending_line_break_down,50,139,0.89208633,0.85773196,0.03435437,1.04005257
validation,bear,ascending_line_break_down,100,139,0.82014388,0.71340206,0.10674182,1.14962365
validation,bear,ascending_line_break_down,150,139,0.72661871,0.57319588,0.15342283,1.26766213
validation,bear,ascending_line_break_down,200,139,0.61151079,0.46597938,0.14553141,1.31231298
validation,bear,ascending_line_break_down_event,50,39,0.87179487,0.86495726,0.00683761,1.00790514
validation,bear,ascending_line_break_down_event,100,39,0.74358974,0.73675214,0.00683761,1.00928074
validation,bear,ascending_line_break_down_event,150,39,0.61538462,0.60683761,0.00854701,1.01408451
validation,bear,ascending_line_break_down_event,200,39,0.51282051,0.49743590,0.01538462,1.03092784
validation,bear,bear_structure_shift,50,83,0.92771084,0.85582255,0.07188829,1.08399906
validation,bear,bear_structure_shift,100,83,0.83132530,0.72273567,0.10858963,1.15024805
validation,bear,bear_structure_shift,150,83,0.69879518,0.59334566,0.10544952,1.17772023
validation,bear,bear_structure_shift,200,83,0.57831325,0.48613678,0.09217647,1.18961015
validation,bear,bear_trendline_confirmation,50,52,0.94230769,0.85839161,0.08391608,1.09775967
validation,bear,bear_trendline_confirmation,100,52,0.86538462,0.72552448,0.13986014,1.19277108
validation,bear,bear_trendline_confirmation,150,52,0.69230769,0.59965035,0.09265734,1.15451895
validation,bear,bear_trendline_confirmation,200,52,0.65384615,0.48426573,0.16958042,1.35018051
validation,bear,bear_full_structure,50,9,0.88888889,0.86504065,0.02384824,1.02756892
validation,bear,bear_full_structure,100,9,0.88888889,0.73495935,0.15392954,1.20943953
validation,bear,bear_full_structure,150,9,0.66666667,0.60650407,0.06016260,1.09919571
validation,bear,bear_full_structure,200,9,0.66666667,0.49593496,0.17073171,1.34426230
oos,bull,bull_hl,50,275,0.87272727,0.81347150,0.05925577,1.07284308
oos,bull,bull_hl,100,275,0.78909091,0.64766839,0.14142252,1.21835636
oos,bull,bull_hl,150,275,0.70909091,0.59067358,0.11841733,1.20047847
oos,bull,bull_hl,200,275,0.61454545,0.51813472,0.09641074,1.18607273
oos,bull,bull_break,50,156,0.81410256,0.86538462,-0.05128205,0.94074074
oos,bull,bull_break,100,156,0.71794872,0.73717949,-0.01923077,0.97391304
oos,bull,bull_break,150,156,0.62820513,0.67628205,-0.04807692,0.92890995
oos,bull,bull_break,200,156,0.57692308,0.57371795,0.00320513,1.00558659
oos,bull,descending_line_break_up,50,104,0.76923077,0.87087912,-0.10164835,0.88328076
oos,bull,descending_line_break_up,100,104,0.65384615,0.75274725,-0.09890110,0.86861314
oos,bull,descending_line_break_up,150,104,0.52884615,0.69780220,-0.16895604,0.75787402
oos,bull,descending_line_break_up,200,104,0.46153846,0.60714286,-0.14560440,0.76018100
oos,bull,descending_line_break_up_event,50,32,0.78125000,0.85321101,-0.07196101,0.91565860
oos,bull,descending_line_break_up_event,100,32,0.62500000,0.73853211,-0.11353211,0.84627329
oos,bull,descending_line_break_up_event,150,32,0.43750000,0.67660550,-0.23910550,0.64661017
oos,bull,descending_line_break_up_event,200,32,0.37500000,0.58944954,-0.21444954,0.63618677
oos,bull,bull_structure_shift,50,113,0.86725664,0.84225352,0.02500312,1.02968597
oos,bull,bull_structure_shift,100,113,0.79646018,0.70985915,0.08660102,1.12199747
oos,bull,bull_structure_shift,150,113,0.69026549,0.65070423,0.03956126,1.06079761
oos,bull,bull_structure_shift,200,113,0.63716814,0.55492958,0.08223856,1.14819640
oos,bull,bull_trendline_confirmation,50,46,0.78260870,0.85545024,-0.07284154,0.91485005
oos,bull,bull_trendline_confirmation,100,46,0.63043478,0.74170616,-0.11127138,0.84997916
oos,bull,bull_trendline_confirmation,150,46,0.43478261,0.68483412,-0.25005151,0.63487287
oos,bull,bull_trendline_confirmation,200,46,0.39130435,0.59478673,-0.20348238,0.65789018
oos,bull,bull_full_structure,50,12,0.58333333,0.85526316,-0.27192982,0.68205128
oos,bull,bull_full_structure,100,12,0.58333333,0.73464912,-0.15131579,0.79402985
oos,bull,bull_full_structure,150,12,0.41666667,0.66666667,-0.25000000,0.62500000
oos,bull,bull_full_structure,200,12,0.41666667,0.57894737,-0.16228070,0.71969697
oos,bear,bear_lh,50,199,0.87437186,0.85873606,0.01563580,1.01820792
oos,bear,bear_lh,100,199,0.79396985,0.75092937,0.04304048,1.05731628
oos,bear,bear_lh,150,199,0.71356784,0.65427509,0.05929275,1.09062357
oos,bear,bear_lh,200,199,0.60804020,0.55762082,0.05041938,1.09041876
oos,bear,bear_break,50,91,0.75824176,0.89124668,-0.13300493,0.85076531
oos,bear,bear_break,100,91,0.67032967,0.79310345,-0.12277378,0.84519828
oos,bear,bear_break,150,91,0.53846154,0.71352785,-0.17506631,0.75464684
oos,bear,bear_break,200,91,0.42857143,0.61538462,-0.18681319,0.69642857
oos,bear,ascending_line_break_down,50,91,0.81318681,0.87798408,-0.06479727,0.92619767
oos,bear,ascending_line_break_down,100,91,0.73626374,0.77718833,-0.04092459,0.94734276
oos,bear,ascending_line_break_down,150,91,0.63736264,0.68965517,-0.05229254,0.92417582
oos,bear,ascending_line_break_down,200,91,0.51648352,0.59416446,-0.07768094,0.86926020
oos,bear,ascending_line_break_down_event,50,30,0.83333333,0.86757991,-0.03424658,0.96052632
oos,bear,ascending_line_break_down_event,100,30,0.80000000,0.76712329,0.03287671,1.04285714
oos,bear,ascending_line_break_down_event,150,30,0.63333333,0.68264840,-0.04931507,0.92775920
oos,bear,ascending_line_break_down_event,200,30,0.53333333,0.58219178,-0.04885845,0.91607843
oos,bear,bear_structure_shift,50,48,0.81250000,0.87142857,-0.05892857,0.93237705
oos,bear,bear_structure_shift,100,48,0.72916667,0.77380952,-0.04464286,0.94230769
oos,bear,bear_structure_shift,150,48,0.58333333,0.69047619,-0.10714286,0.84482759
oos,bear,bear_structure_shift,200,48,0.43750000,0.59523810,-0.15773810,0.73500000
oos,bear,bear_trendline_confirmation,50,34,0.88235294,0.86405530,0.01829764,1.02117647
oos,bear,bear_trendline_confirmation,100,34,0.82352941,0.76497696,0.05855245,1.07654146
oos,bear,bear_trendline_confirmation,150,34,0.76470588,0.67281106,0.09189482,1.13658340
oos,bear,bear_trendline_confirmation,200,34,0.64705882,0.57373272,0.07332610,1.12780534
oos,bear,bear_full_structure,50,12,0.75000000,0.86842105,-0.11842105,0.86363636
oos,bear,bear_full_structure,100,12,0.66666667,0.77192982,-0.10526316,0.86363636
oos,bear,bear_full_structure,150,12,0.58333333,0.68201754,-0.09868421,0.85530547
oos,bear,bear_full_structure,200,12,0.41666667,0.58333333,-0.16666667,0.71428571
discovery,bull,bull_hl,50,8093,0.81354257,0.81007752,0.00346505,1.00427743
discovery,bull,bull_hl,100,8093,0.64574323,0.64078073,0.00496250,1.00774447
discovery,bull,bull_hl,150,8093,0.51229458,0.48823367,0.02406091,1.04928155
discovery,bull,bull_hl,200,8093,0.39157296,0.37583056,0.01574240,1.04188696
discovery,bull,bull_break,50,5085,0.82025565,0.80775997,0.01249569,1.01546955
discovery,bull,bull_break,100,5085,0.66627335,0.63203675,0.03423661,1.05416869
discovery,bull,bull_break,150,5085,0.52802360,0.48749023,0.04053337,1.08314705
discovery,bull,bull_break,200,5085,0.40570305,0.37343628,0.03226677,1.08640502
discovery,bull,descending_line_break_up,50,3540,0.80508475,0.81395941,-0.00887467,0.98909692
discovery,bull,descending_line_break_up,100,3540,0.64322034,0.64345759,-0.00023725,0.99963129
discovery,bull,descending_line_break_up,150,3540,0.49322034,0.50326908,-0.01004874,0.98003306
discovery,bull,descending_line_break_up,200,3540,0.37627119,0.38651609,-0.01024490,0.97349424
discovery,bull,descending_line_break_up_event,50,898,0.80400891,0.81240031,-0.00839140,0.98967086
discovery,bull,descending_line_break_up_event,100,898,0.64476615,0.64331784,0.00144830,1.00225130
discovery,bull,descending_line_break_up_event,150,898,0.47661470,0.50246203,-0.02584733,0.94855864
discovery,bull,descending_line_break_up_event,200,898,0.36414254,0.38539427,-0.02125173,0.94485717
discovery,bull,bull_structure_shift,50,3271,0.82665851,0.80790304,0.01875548,1.02321501
discovery,bull,bull_structure_shift,100,3271,0.67532865,0.63473352,0.04059512,1.06395617
discovery,bull,bull_structure_shift,150,3271,0.54448181,0.48912502,0.05535679,1.11317513
discovery,bull,bull_structure_shift,200,3271,0.42280648,0.37365100,0.04915548,1.13155452
discovery,bull,bull_trendline_confirmation,50,1470,0.82925170,0.81006716,0.01918454,1.02368265
discovery,bull,bull_trendline_confirmation,100,1470,0.66258503,0.64136636,0.02121867,1.03308355
discovery,bull,bull_trendline_confirmation,150,1470,0.52448980,0.49844732,0.02604248,1.05224720
discovery,bull,bull_trendline_confirmation,200,1470,0.41428571,0.38094894,0.03333677,1.08750982
discovery,bull,bull_full_structure,50,371,0.81132075,0.81192292,-0.00060217,0.99925834
discovery,bull,bull_full_structure,100,371,0.66576819,0.64284758,0.02292061,1.03565481
discovery,bull,bull_full_structure,150,371,0.54177898,0.49993309,0.04184588,1.08370297
discovery,bull,bull_full_structure,200,371,0.42587601,0.38311254,0.04276347,1.11162118
discovery,bear,bear_lh,50,7786,0.80092474,0.80640021,-0.00547548,0.99320998
discovery,bear,bear_lh,100,7786,0.60557411,0.62833621,-0.02276210,0.96377401
discovery,bear,bear_lh,150,7786,0.44991010,0.48107821,-0.03116812,0.93521196
discovery,bear,bear_lh,200,7786,0.33855638,0.35958040,-0.02102402,0.94153180
discovery,bear,bear_break,50,4451,0.79532689,0.80701270,-0.01168581,0.98551967
discovery,bear,bear_break,100,4451,0.60997529,0.61954721,-0.00957193,0.98455013
discovery,bear,bear_break,150,4451,0.45944732,0.46760537,-0.00815806,0.98255354
discovery,bear,bear_break,200,4451,0.34306897,0.35127922,-0.00821025,0.97662758
discovery,bear,ascending_line_break_down,50,3700,0.79918919,0.80502712,-0.00583793,0.99274816
discovery,bear,ascending_line_break_down,100,3700,0.61972973,0.61582164,0.00390809,1.00634614
discovery,bear,ascending_line_break_down,150,3700,0.47135135,0.46328656,0.00806479,1.01740778
discovery,bear,ascending_line_break_down,200,3700,0.36027027,0.34526986,0.01500041,1.04344546
discovery,bear,ascending_line_break_down_event,50,941,0.81402763,0.80293545,0.01109218,1.01381454
discovery,bear,ascending_line_break_down_event,100,941,0.63868225,0.61533111,0.02335115,1.03794891
discovery,bear,ascending_line_break_down_event,150,941,0.48565356,0.46389816,0.02175540,1.04689692
discovery,bear,ascending_line_break_down_event,200,941,0.36663124,0.34773233,0.01889891,1.05434902
discovery,bear,bear_structure_shift,50,2881,0.79521000,0.80556449,-0.01035449,0.98714629
discovery,bear,bear_structure_shift,100,2881,0.60846928,0.61868768,-0.01021840,0.98348375
discovery,bear,bear_structure_shift,150,2881,0.46095106,0.46622708,-0.00527602,0.98868357
discovery,bear,bear_structure_shift,200,2881,0.34328358,0.35019299,-0.00690941,0.98026972
discovery,bear,bear_trendline_confirmation,50,1546,0.80659767,0.80328226,0.00331541,1.00412733
discovery,bear,bear_trendline_confirmation,100,1546,0.60543338,0.61803791,-0.01260453,0.97960557
discovery,bear,bear_trendline_confirmation,150,1546,0.44437257,0.46757679,-0.02320422,0.95037346
discovery,bear,bear_trendline_confirmation,200,1546,0.34152652,0.34972043,-0.00819391,0.97657012
discovery,bear,bear_full_structure,50,288,0.80208333,0.80364628,-0.00156295,0.99805518
discovery,bear,bear_full_structure,100,288,0.63541667,0.61640828,0.01900839,1.03083734
discovery,bear,bear_full_structure,150,288,0.44097222,0.46569965,-0.02472743,0.94690263
discovery,bear,bear_full_structure,200,288,0.33333333,0.34919156,-0.01585823,0.95458587
validation,bull,bull_hl,50,2043,0.85119922,0.85639229,-0.00519308,0.99393610
validation,bull,bull_hl,100,2043,0.67890357,0.69760654,-0.01870297,0.97318981
validation,bull,bull_hl,150,2043,0.52912384,0.53239930,-0.00327546,0.99384773
validation,bull,bull_hl,200,2043,0.40724425,0.38353765,0.02370660,1.06181035
validation,bull,bull_break,50,1316,0.84498480,0.85819672,-0.01321192,0.98460502
validation,bull,bull_break,100,1316,0.66413374,0.70000000,-0.03586626,0.94876248
validation,bull,bull_break,150,1316,0.50531915,0.54426230,-0.03894315,0.92844783
validation,bull,bull_break,200,1316,0.38145897,0.40450820,-0.02304923,0.94301913
validation,bull,descending_line_break_up,50,944,0.82627119,0.86273115,-0.03645997,0.95773890
validation,bull,descending_line_break_up,100,944,0.66737288,0.69416785,-0.02679497,0.96139987
validation,bull,descending_line_break_up,150,944,0.50211864,0.54018492,-0.03806628,0.92953103
validation,bull,descending_line_break_up,200,944,0.35805085,0.40931721,-0.05126636,0.87475151
validation,bull,descending_line_break_up_event,50,226,0.86283186,0.85297450,0.00985735,1.01155645
validation,bull,descending_line_break_up_event,100,226,0.66814159,0.68866856,-0.02052696,0.97019326
validation,bull,descending_line_break_up_event,150,226,0.50000000,0.53257790,-0.03257790,0.93882979
validation,bull,descending_line_break_up_event,200,226,0.35840708,0.39886686,-0.04045978,0.89856320
validation,bull,bull_structure_shift,50,834,0.84412470,0.85626283,-0.01213813,0.98582429
validation,bull,bull_structure_shift,100,834,0.65707434,0.69609856,-0.03902422,0.94393865
validation,bull,bull_structure_shift,150,834,0.50359712,0.53832991,-0.03473279,0.93548048
validation,bull,bull_structure_shift,200,834,0.38848921,0.39869952,-0.01021031,0.97439096
validation,bull,bull_trendline_confirmation,50,401,0.79551122,0.86050671,-0.06499548,0.92446836
validation,bull,bull_trendline_confirmation,100,401,0.61596010,0.69597615,-0.08001606,0.88503046
validation,bull,bull_trendline_confirmation,150,401,0.45635910,0.53949329,-0.08313419,0.84590320
validation,bull,bull_trendline_confirmation,200,401,0.33167082,0.40417288,-0.07250205,0.82061623
validation,bull,bull_full_structure,50,96,0.79166667,0.85519126,-0.06352459,0.92571885
validation,bull,bull_full_structure,100,96,0.52083333,0.69180328,-0.17096995,0.75286335
validation,bull,bull_full_structure,150,96,0.34375000,0.53551913,-0.19176913,0.64190051
validation,bull,bull_full_structure,200,96,0.23958333,0.40054645,-0.16096311,0.59814120
validation,bear,bear_lh,50,1843,0.79110147,0.77574490,0.01535656,1.01979589
validation,bear,bear_lh,100,1843,0.58708627,0.57553581,0.01155046,1.02006906
validation,bear,bear_lh,150,1843,0.40640260,0.39100889,0.01539372,1.03936923
validation,bear,bear_lh,200,1843,0.28269126,0.24777836,0.03491291,1.14090377
validation,bear,bear_break,50,908,0.75220264,0.79318820,-0.04098556,0.94832808
validation,bear,bear_break,100,908,0.52533040,0.59901685,-0.07368646,0.87698767
validation,bear,bear_break,150,908,0.38215859,0.40379213,-0.02163354,0.94642406
validation,bear,bear_break,200,908,0.27863436,0.26053371,0.01810065,1.06947528
validation,bear,ascending_line_break_down,50,869,0.76179517,0.78974714,-0.02795198,0.96460642
validation,bear,ascending_line_break_down,100,869,0.54430380,0.59231036,-0.04800656,0.91895033
validation,bear,ascending_line_break_down,150,869,0.36939010,0.40734326,-0.03795316,0.90682758
validation,bear,ascending_line_break_down,200,869,0.25086306,0.26913751,-0.01827445,0.93209994
validation,bear,ascending_line_break_down_event,50,241,0.79668050,0.78236131,0.01431919,1.01830253
validation,bear,ascending_line_break_down_event,100,241,0.57261411,0.58179232,-0.00917821,0.98422425
validation,bear,ascending_line_break_down_event,150,241,0.38174274,0.39971550,-0.01797277,0.95503610
validation,bear,ascending_line_break_down_event,200,241,0.25311203,0.26571835,-0.01260632,0.95255760
validation,bear,bear_structure_shift,50,546,0.76739927,0.78598131,-0.01858204,0.97635816
validation,bear,bear_structure_shift,100,546,0.56043956,0.58473520,-0.02429564,0.95845018
validation,bear,bear_structure_shift,150,546,0.41575092,0.39563863,0.02011229,1.05083499
validation,bear,bear_structure_shift,200,546,0.29853480,0.25919003,0.03934477,1.15179892
validation,bear,bear_trendline_confirmation,50,361,0.78393352,0.78321060,0.00072291,1.00092301
validation,bear,bear_trendline_confirmation,100,361,0.56786704,0.58262150,-0.01475447,0.97467573
validation,bear,bear_trendline_confirmation,150,361,0.41274238,0.39705449,0.01568789,1.03951067
validation,bear,bear_trendline_confirmation,200,361,0.29362881,0.26185567,0.03177314,1.12133836
validation,bear,bear_full_structure,50,73,0.75342466,0.78387184,-0.03044719,0.96115795
validation,bear,bear_full_structure,100,73,0.57534247,0.58131958,-0.00597711,0.98971803
validation,bear,bear_full_structure,150,73,0.35616438,0.39940266,-0.04323828,0.89174264
validation,bear,bear_full_structure,200,73,0.24657534,0.26527288,-0.01869753,0.92951585
oos,bull,bull_hl,50,1625,0.75876923,0.78588808,-0.02711885,0.96549274
oos,bull,bull_hl,100,1625,0.56923077,0.60583942,-0.03660865,0.93957368
oos,bull,bull_hl,150,1625,0.41046154,0.45742092,-0.04695939,0.89733879
oos,bull,bull_hl,200,1625,0.30707692,0.35442011,-0.04734319,0.86642070
oos,bull,bull_break,50,997,0.77933801,0.76571736,0.01362066,1.01778810
oos,bull,bull_break,100,997,0.57472417,0.59054272,-0.01581855,0.97321354
oos,bull,bull_break,150,997,0.41223671,0.44062332,-0.02838661,0.93557624
oos,bull,bull_break,200,997,0.29588766,0.34443847,-0.04855081,0.85904359
oos,bull,descending_line_break_up,50,673,0.79791976,0.76201373,0.03590603,1.04711993
oos,bull,descending_line_break_up,100,673,0.62407132,0.57299771,0.05107361,1.08913406
oos,bull,descending_line_break_up,150,673,0.45913819,0.42196796,0.03717022,1.08808779
oos,bull,descending_line_break_up,200,673,0.34621100,0.32173913,0.02447187,1.07606120
oos,bull,descending_line_break_up_event,50,154,0.83116883,0.76701183,0.06415700,1.08364538
oos,bull,descending_line_break_up_event,100,154,0.62987013,0.58247041,0.04739972,1.08137704
oos,bull,descending_line_break_up_event,150,154,0.46103896,0.42899408,0.03204488,1.07469772
oos,bull,descending_line_break_up_event,200,154,0.37012987,0.32507396,0.04505591,1.13860201
oos,bull,bull_structure_shift,50,674,0.76557864,0.77197802,-0.00639939,0.99171040
oos,bull,bull_structure_shift,100,674,0.56528190,0.59111722,-0.02583532,0.95629409
oos,bull,bull_structure_shift,150,674,0.40356083,0.43910256,-0.03554173,0.91905824
oos,bull,bull_structure_shift,200,674,0.29673591,0.33699634,-0.04026043,0.88053154
oos,bull,bull_trendline_confirmation,50,331,0.74622356,0.77364464,-0.02742107,0.96455598
oos,bull,bull_trendline_confirmation,100,331,0.59214502,0.58409181,0.00805321,1.01378757
oos,bull,bull_trendline_confirmation,150,331,0.42900302,0.43094579,-0.00194276,0.99549186
oos,bull,bull_trendline_confirmation,200,331,0.32024169,0.32845271,-0.00821102,0.97500091
oos,bull,bull_full_structure,50,79,0.68354430,0.77293991,-0.08939560,0.88434340
oos,bull,bull_full_structure,100,79,0.55696203,0.58582224,-0.02886021,0.95073555
oos,bull,bull_full_structure,150,79,0.35443038,0.43288953,-0.07845915,0.81875480
oos,bull,bull_full_structure,200,79,0.29113924,0.32853544,-0.03739620,0.88617300
oos,bear,bear_lh,50,1339,0.71097834,0.79921001,-0.08823166,0.88960140
oos,bear,bear_lh,100,1339,0.52725915,0.59710336,-0.06984421,0.88302828
oos,bear,bear_lh,150,1339,0.40403286,0.46872943,-0.06469657,0.86197460
oos,bear,bear_lh,200,1339,0.28827483,0.37722186,-0.08894702,0.76420501
oos,bear,bear_break,50,743,0.72947510,0.76784870,-0.03837360,0.95002453
oos,bear,bear_break,100,743,0.53970390,0.57304965,-0.03334574,0.94181003
oos,bear,bear_break,150,743,0.39300135,0.45437352,-0.06137218,0.86493012
oos,bear,bear_break,200,743,0.24091521,0.36879433,-0.12787912,0.65325085
oos,bear,ascending_line_break_down,50,671,0.74962742,0.76040238,-0.01077496,0.98582993
oos,bear,ascending_line_break_down,100,671,0.55290611,0.56790123,-0.01499512,0.97359554
oos,bear,ascending_line_break_down,150,671,0.43815201,0.43850023,-0.00034822,0.99920589
oos,bear,ascending_line_break_down,200,671,0.32935917,0.33744856,-0.00808939,0.97602777
oos,bear,ascending_line_break_down_event,50,188,0.75531915,0.75805243,-0.00273329,0.99639433
oos,bear,ascending_line_break_down_event,100,188,0.54787234,0.56554307,-0.01767073,0.96875440
oos,bear,ascending_line_break_down_event,150,188,0.45212766,0.43745318,0.01467448,1.03354525
oos,bear,ascending_line_break_down_event,200,188,0.35106383,0.33445693,0.01660690,1.04965333
oos,bear,bear_structure_shift,50,425,0.70823529,0.76654336,-0.05830807,0.92393376
oos,bear,bear_structure_shift,100,425,0.52000000,0.57213317,-0.05213317,0.90887931
oos,bear,bear_structure_shift,150,425,0.36000000,0.45211673,-0.09211673,0.79625455
oos,bear,bear_structure_shift,200,425,0.20000000,0.35922729,-0.15922729,0.55675057
oos,bear,bear_trendline_confirmation,50,260,0.73461538,0.76020015,-0.02558477,0.96634469
oos,bear,bear_trendline_confirmation,100,260,0.55384615,0.56543495,-0.01158880,0.97950463
oos,bear,bear_trendline_confirmation,150,260,0.43461538,0.43879908,-0.00418369,0.99046559
oos,bear,bear_trendline_confirmation,200,260,0.28846154,0.34026174,-0.05180020,0.84776366
oos,bear,bear_full_structure,50,51,0.72549020,0.75846099,-0.03297079,0.95652935
oos,bear,bear_full_structure,100,51,0.43137255,0.56679729,-0.13542474,0.76107024
oos,bear,bear_full_structure,150,51,0.35294118,0.43997150,-0.08703032,0.80219100
oos,bear,bear_full_structure,200,51,0.17647059,0.33843962,-0.16196903,0.52142415
discovery,bull,bull_hl,50,42863,0.58661316,0.59429992,-0.00768676,0.98706586
discovery,bull,bull_hl,100,42863,0.31621678,0.31058039,0.00563639,1.01814793
discovery,bull,bull_hl,150,42863,0.16636726,0.15815936,0.00820790,1.05189640
discovery,bull,bull_hl,200,42863,0.09318060,0.08459941,0.00858119,1.10143320
discovery,bull,bull_break,50,25151,0.58840603,0.59096266,-0.00255663,0.99567379
discovery,bull,bull_break,100,25151,0.31609081,0.31247698,0.00361383,1.01156510
discovery,bull,bull_break,150,25151,0.16802513,0.16006850,0.00795663,1.04970766
discovery,bull,bull_break,200,25151,0.09144766,0.08820063,0.00324702,1.03681405
discovery,bull,descending_line_break_up,50,19315,0.59290707,0.58926909,0.00363798,1.00617372
discovery,bull,descending_line_break_up,100,19315,0.31405643,0.31348098,0.00057545,1.00183569
discovery,bull,descending_line_break_up,150,19315,0.16432824,0.16202780,0.00230044,1.01419783
discovery,bull,descending_line_break_up,200,19315,0.08584002,0.09031657,-0.00447655,0.95043487
discovery,bull,descending_line_break_up_event,50,4664,0.59669811,0.58974530,0.00695281,1.01178951
discovery,bull,descending_line_break_up_event,100,4664,0.30424528,0.31420550,-0.00996021,0.96830033
discovery,bull,descending_line_break_up_event,150,4664,0.16144940,0.16265793,-0.00120853,0.99257010
discovery,bull,descending_line_break_up_event,200,4664,0.08662093,0.08939100,-0.00277008,0.96901169
discovery,bull,bull_structure_shift,50,16555,0.58888553,0.59048709,-0.00160156,0.99728773
discovery,bull,bull_structure_shift,100,16555,0.32171549,0.31149053,0.01022497,1.03282594
discovery,bull,bull_structure_shift,150,16555,0.17354274,0.15970368,0.01383906,1.08665462
discovery,bull,bull_structure_shift,200,16555,0.09447297,0.08784815,0.00662482,1.07541217
discovery,bull,bull_trendline_confirmation,50,8594,0.58936467,0.59024907,-0.00088439,0.99850166
discovery,bull,bull_trendline_confirmation,100,8594,0.31952525,0.31290482,0.00662043,1.02115797
discovery,bull,bull_trendline_confirmation,150,8594,0.16651152,0.16211106,0.00440046,1.02714475
discovery,bull,bull_trendline_confirmation,200,8594,0.08738655,0.08945177,-0.00206523,0.97691241
discovery,bull,bull_full_structure,50,1887,0.59830419,0.58995514,0.00834905,1.01415201
discovery,bull,bull_full_structure,100,1887,0.33439322,0.31311556,0.02127766,1.06795465
discovery,bull,bull_full_structure,150,1887,0.17382088,0.16231372,0.01150716,1.07089455
discovery,bull,bull_full_structure,200,1887,0.08320085,0.08937503,-0.00617418,0.93091824
discovery,bear,bear_lh,50,40242,0.55886884,0.58466991,-0.02580107,0.95587071
discovery,bear,bear_lh,100,40242,0.28112420,0.30716271,-0.02603851,0.91522893
discovery,bear,bear_lh,150,40242,0.14432682,0.16189408,-0.01756725,0.89148921
discovery,bear,bear_lh,200,40242,0.08314696,0.09029248,-0.00714551,0.92086257
discovery,bear,bear_break,50,22343,0.57270734,0.57117095,0.00153639,1.00268989
discovery,bear,bear_break,100,22343,0.28612988,0.29704461,-0.01091473,0.96325560
discovery,bear,bear_break,150,22343,0.14997986,0.15417746,-0.00419760,0.97277421
discovery,bear,bear_break,200,22343,0.08826031,0.08605294,0.00220736,1.02565119
discovery,bear,ascending_line_break_down,50,19355,0.58501679,0.56728338,0.01773342,1.03126024
discovery,bear,ascending_line_break_down,100,19355,0.30338414,0.29094569,0.01243844,1.04275177
discovery,bear,ascending_line_break_down,150,19355,0.15639370,0.15190337,0.00449033,1.02956043
discovery,bear,ascending_line_break_down,200,19355,0.08834926,0.08613403,0.00221523,1.02571840
discovery,bear,ascending_line_break_down_event,50,4819,0.57916580,0.57111468,0.00805112,1.01409720
discovery,bear,ascending_line_break_down_event,100,4819,0.29964723,0.29360932,0.00603790,1.02056442
discovery,bear,ascending_line_break_down_event,150,4819,0.15293629,0.15300107,-0.00006478,0.99957662
discovery,bear,ascending_line_break_down_event,200,4819,0.08736252,0.08662915,0.00073337,1.00846563
discovery,bear,bear_structure_shift,50,14101,0.56386072,0.57327336,-0.00941264,0.98358089
discovery,bear,bear_structure_shift,100,14101,0.27700163,0.29763763,-0.02063600,0.93066738
discovery,bear,bear_structure_shift,150,14101,0.14495426,0.15473240,-0.00977814,0.93680613
discovery,bear,bear_structure_shift,200,14101,0.08729877,0.08653876,0.00076002,1.00878239
discovery,bear,bear_trendline_confirmation,50,8201,0.58005121,0.57063067,0.00942055,1.01650901
discovery,bear,bear_trendline_confirmation,100,8201,0.29630533,0.29370737,0.00259796,1.00884539
discovery,bear,bear_trendline_confirmation,150,8201,0.15339593,0.15295125,0.00044468,1.00290733
discovery,bear,bear_trendline_confirmation,200,8201,0.09242775,0.08601140,0.00641636,1.07459892
discovery,bear,bear_full_structure,50,1647,0.58894961,0.57123580,0.01771381,1.03100962
discovery,bear,bear_full_structure,100,1647,0.29265331,0.29400350,-0.00135019,0.99540758
discovery,bear,bear_full_structure,150,1647,0.15664845,0.15291986,0.00372859,1.02438266
discovery,bear,bear_full_structure,200,1647,0.09471767,0.08650337,0.00821430,1.09495933
validation,bull,bull_hl,50,10709,0.56195723,0.59501522,-0.03305799,0.94444177
validation,bull,bull_hl,100,10709,0.28396676,0.32592760,-0.04196084,0.87125717
validation,bull,bull_hl,150,10709,0.15332898,0.17954212,-0.02621315,0.85400002
validation,bull,bull_hl,200,10709,0.07983939,0.10522161,-0.02538222,0.75877369
validation,bull,bull_break,50,6309,0.55983516,0.58506068,-0.02522552,0.95688392
validation,bull,bull_break,100,6309,0.28055159,0.31363534,-0.03308374,0.89451526
validation,bull,bull_break,150,6309,0.14629894,0.17419160,-0.02789267,0.83987365
validation,bull,bull_break,200,6309,0.08004438,0.09670611,-0.01666173,0.82770756
validation,bull,descending_line_break_up,50,4645,0.59031216,0.57276807,0.01754410,1.03063037
validation,bull,descending_line_break_up,100,4645,0.31991389,0.29770277,0.02221112,1.07460838
validation,bull,descending_line_break_up,150,4645,0.17890205,0.16094033,0.01796172,1.11160484
validation,bull,descending_line_break_up,200,4645,0.10592034,0.08679928,0.01912107,1.22029064
validation,bull,descending_line_break_up_event,50,1112,0.60431655,0.57528163,0.02903492,1.05047079
validation,bull,descending_line_break_up_event,100,1112,0.33723022,0.30090988,0.03632034,1.12070171
validation,bull,descending_line_break_up_event,150,1112,0.19154676,0.16361568,0.02793108,1.17071149
validation,bull,descending_line_break_up_event,200,1112,0.11061151,0.09017548,0.02043603,1.22662519
validation,bull,bull_structure_shift,50,4226,0.55915760,0.58182410,-0.02266651,0.96104234
validation,bull,bull_structure_shift,100,4226,0.27283483,0.31127036,-0.03843553,0.87652044
validation,bull,bull_structure_shift,150,4226,0.14032182,0.17205212,-0.03173030,0.81557739
validation,bull,bull_structure_shift,200,4226,0.06980596,0.09726384,-0.02745788,0.71769694
validation,bull,bull_trendline_confirmation,50,1993,0.57300552,0.57737587,-0.00437036,0.99243066
validation,bull,bull_trendline_confirmation,100,1993,0.31209232,0.30193937,0.01015295,1.03362579
validation,bull,bull_trendline_confirmation,150,1993,0.17160060,0.16447705,0.00712355,1.04331030
validation,bull,bull_trendline_confirmation,200,1993,0.09182137,0.09128135,0.00054002,1.00591603
validation,bull,bull_full_structure,50,416,0.57932692,0.57687891,0.00244801,1.00424354
validation,bull,bull_full_structure,100,416,0.33413462,0.30229645,0.03183816,1.10532100
validation,bull,bull_full_structure,150,416,0.19230769,0.16461378,0.02769391,1.16823570
validation,bull,bull_full_structure,200,416,0.11298077,0.09086639,0.02211438,1.24337251
validation,bear,bear_lh,50,9688,0.51362510,0.55926375,-0.04563865,0.91839512
validation,bear,bear_lh,100,9688,0.26599917,0.30107201,-0.03507283,0.88350683
validation,bear,bear_lh,150,9688,0.14007019,0.15463188,-0.01456169,0.90582998
validation,bear,bear_lh,200,9688,0.08051197,0.08211974,-0.00160777,0.98042167
validation,bear,bear_break,50,5380,0.53382900,0.53775711,-0.00392812,0.99269537
validation,bear,bear_break,100,5380,0.27676580,0.28634827,-0.00958247,0.96653562
validation,bear,bear_break,150,5380,0.14126394,0.14976050,-0.00849656,0.94326571
validation,bear,bear_break,200,5380,0.07788104,0.08262891,-0.00474787,0.94253986
validation,bear,ascending_line_break_down,50,4549,0.55946362,0.52977973,0.02968389,1.05603062
validation,bear,ascending_line_break_down,100,4549,0.29984612,0.27883144,0.02101468,1.07536698
validation,bear,ascending_line_break_down,150,4549,0.15344032,0.14560458,0.00783574,1.05381519
validation,bear,ascending_line_break_down,200,4549,0.07935810,0.08191921,-0.00256111,0.96873613
validation,bear,ascending_line_break_down_event,50,1156,0.54152249,0.53637351,0.00514898,1.00959962
validation,bear,ascending_line_break_down_event,100,1156,0.29065744,0.28327904,0.00737839,1.02604638
validation,bear,ascending_line_break_down_event,150,1156,0.15138408,0.14717698,0.00420710,1.02858532
validation,bear,ascending_line_break_down_event,200,1156,0.07785467,0.08154180,-0.00368713,0.95478232
validation,bear,bear_structure_shift,50,3340,0.51706587,0.54071200,-0.02364613,0.95626853
validation,bear,bear_structure_shift,100,3340,0.26766467,0.28701651,-0.01935184,0.93257588
validation,bear,bear_structure_shift,150,3340,0.13233533,0.15052969,-0.01819436,0.87913110
validation,bear,bear_structure_shift,200,3340,0.07694611,0.08222469,-0.00527858,0.93580300
validation,bear,bear_trendline_confirmation,50,1842,0.56026059,0.53422804,0.02603255,1.04872928
validation,bear,bear_trendline_confirmation,100,1842,0.30076004,0.28194429,0.01881576,1.06673572
validation,bear,bear_trendline_confirmation,150,1842,0.15906623,0.14621631,0.01284992,1.08788298
validation,bear,bear_trendline_confirmation,200,1842,0.08849077,0.08057968,0.00791109,1.09817728
validation,bear,bear_full_structure,50,358,0.58659218,0.53574774,0.05084444,1.09490370
validation,bear,bear_full_structure,100,358,0.36033520,0.28228744,0.07804776,1.27648328
validation,bear,bear_full_structure,150,358,0.20949721,0.14626912,0.06322808,1.43227226
validation,bear,bear_full_structure,200,358,0.12569832,0.08049745,0.04520087,1.56151932
oos,bull,bull_hl,50,7931,0.55390241,0.50638111,0.04752130,1.09384494
oos,bull,bull_hl,100,7931,0.27323162,0.23514743,0.03808420,1.16195881
oos,bull,bull_hl,150,7931,0.13050057,0.10063078,0.02986979,1.29682561
oos,bull,bull_hl,200,7931,0.05900895,0.03990025,0.01910870,1.47891186
oos,bull,bull_break,50,4817,0.54203861,0.52703655,0.01500206,1.02846493
oos,bull,bull_break,100,4817,0.25119369,0.25777867,-0.00658498,0.97445489
oos,bull,bull_break,150,4817,0.10857380,0.12063236,-0.01205856,0.90003875
oos,bull,bull_break,200,4817,0.04816276,0.05115296,-0.00299020,0.94154397
oos,bull,descending_line_break_up,50,3451,0.53375833,0.53138001,0.00237832,1.00447574
oos,bull,descending_line_break_up,100,3451,0.25615764,0.25546605,0.00069158,1.00270714
oos,bull,descending_line_break_up,150,3451,0.11359026,0.11764185,-0.00405159,0.96555998
oos,bull,descending_line_break_up,200,3451,0.05128948,0.04983624,0.00145324,1.02916034
oos,bull,descending_line_break_up_event,50,840,0.51666667,0.53285879,-0.01619212,0.96961274
oos,bull,descending_line_break_up_event,100,840,0.25000000,0.25596779,-0.00596779,0.97668539
oos,bull,descending_line_break_up_event,150,840,0.10119048,0.11763014,-0.01643966,0.86024275
oos,bull,descending_line_break_up_event,200,840,0.03928571,0.05083405,-0.01154834,0.77282279
oos,bull,bull_structure_shift,50,3145,0.56025437,0.52426097,0.03599341,1.06865551
oos,bull,bull_structure_shift,100,3145,0.26550079,0.25295182,0.01254897,1.04961013
oos,bull,bull_structure_shift,150,3145,0.11701113,0.11660777,0.00040335,1.00345907
oos,bull,bull_structure_shift,200,3145,0.05310016,0.04938378,0.00371638,1.07525505
oos,bull,bull_trendline_confirmation,50,1557,0.54913295,0.52990675,0.01922619,1.03628222
oos,bull,bull_trendline_confirmation,100,1557,0.26910726,0.25403684,0.01507041,1.05932373
oos,bull,bull_trendline_confirmation,150,1557,0.12074502,0.11621560,0.00452942,1.03897429
oos,bull,bull_trendline_confirmation,200,1557,0.06101477,0.04889698,0.01211780,1.24782303
oos,bull,bull_full_structure,50,313,0.55591054,0.53141670,0.02449385,1.04609160
oos,bull,bull_full_structure,100,313,0.23642173,0.25604434,-0.01962261,0.92336245
oos,bull,bull_full_structure,150,313,0.10862620,0.11686872,-0.00824252,0.92947194
oos,bull,bull_full_structure,200,313,0.06070288,0.04994804,0.01075483,1.21532040
oos,bear,bear_lh,50,7335,0.50320382,0.51112910,-0.00792528,0.98449456
oos,bear,bear_lh,100,7335,0.24062713,0.25549710,-0.01486997,0.94179985
oos,bear,bear_lh,150,7335,0.11970007,0.13719142,-0.01749135,0.87250404
oos,bear,bear_lh,200,7335,0.06257669,0.07743154,-0.01485485,0.80815502
oos,bear,bear_break,50,3921,0.49732211,0.51076014,-0.01343802,0.97369015
oos,bear,bear_break,100,3921,0.24993624,0.24743696,0.00249928,1.01010066
oos,bear,bear_break,150,3921,0.12063249,0.13133832,-0.01070583,0.91848663
oos,bear,bear_break,200,3921,0.06758480,0.07093378,-0.00334898,0.95278728
oos,bear,ascending_line_break_down,50,3503,0.51013417,0.50626945,0.00386472,1.00763372
oos,bear,ascending_line_break_down,100,3503,0.24807308,0.24811027,-0.00003719,0.99985010
oos,bear,ascending_line_break_down,150,3503,0.12931773,0.12823477,0.00108296,1.00844511
oos,bear,ascending_line_break_down,200,3503,0.06765629,0.07078702,-0.00313072,0.95577265
oos,bear,ascending_line_break_down_event,50,936,0.48183761,0.50890530,-0.02706769,0.94681193
oos,bear,ascending_line_break_down_event,100,936,0.23611111,0.24891399,-0.01280288,0.94856506
oos,bear,ascending_line_break_down_event,150,936,0.13568376,0.12800463,0.00767913,1.05999101
oos,bear,ascending_line_break_down_event,200,936,0.07051282,0.07001158,0.00050124,1.00715933
oos,bear,bear_structure_shift,50,2510,0.49561753,0.50956039,-0.01394286,0.97263748
oos,bear,bear_structure_shift,100,2510,0.23904382,0.24995914,-0.01091532,0.95633159
oos,bear,bear_structure_shift,150,2510,0.11394422,0.13147573,-0.01753151,0.86665594
oos,bear,bear_structure_shift,200,2510,0.06015936,0.07207060,-0.01191124,0.83472821
oos,bear,bear_trendline_confirmation,50,1526,0.50524246,0.50741189,-0.00216943,0.99572453
oos,bear,bear_trendline_confirmation,100,1526,0.23394495,0.24973529,-0.01579034,0.93677171
oos,bear,bear_trendline_confirmation,150,1526,0.11992136,0.12948117,-0.00955980,0.92616838
oos,bear,bear_trendline_confirmation,200,1526,0.05570118,0.07169868,-0.01599750,0.77687869
oos,bear,bear_full_structure,50,314,0.47770701,0.50782874,-0.03012173,0.94068526
oos,bear,bear_full_structure,100,314,0.21337580,0.24885687,-0.03548107,0.85742379
oos,bear,bear_full_structure,150,314,0.10828025,0.12893169,-0.02065143,0.83982654
oos,bear,bear_full_structure,200,314,0.04777070,0.07052792,-0.02275722,0.67733035
