sl_mode,exit_mode,period,n,positive_rate,expectancy_r,pf,total_r,worst_r,median_bars
atr05,bear_momentum,discovery,21,0.047619047619047616,-1.7476074165125592,0.004832009522159056,-36.69975574676374,-7.7299105918490305,2.0
atr05,bear_momentum,validation,6,0.0,-0.9940286454416954,0.0,-5.964171872650173,-2.050550874918912,2.5
atr05,bear_momentum,oos,1,0.0,-1.0,0.0,-1.0,-1.0,1.0
atr05,ema20,discovery,21,0.0,-3.083776430606533,0.0,-64.7593050427372,-22.47034915942998,2.0
atr05,ema20,validation,6,0.0,-1.3137068832002337,0.0,-7.882241299201402,-2.264679196370613,3.0
atr05,ema20,oos,1,0.0,-1.0,0.0,-1.0,-1.0,1.0
atr05,range_reentry,discovery,21,0.0,-3.0441860804912113,0.0,-63.927907690315436,-22.47034915942998,2.0
atr05,range_reentry,validation,6,0.0,-1.1822615658752307,0.0,-7.093569395251384,-2.264679196370613,2.5
atr05,range_reentry,oos,1,0.0,-1.0,0.0,-1.0,-1.0,1.0
atr05,structure10,discovery,21,0.0,-3.5587384452834265,0.0,-74.73350735095195,-22.47034915942998,2.0
atr05,structure10,validation,6,0.0,-1.3137068832002337,0.0,-7.882241299201402,-2.264679196370613,3.0
atr05,structure10,oos,1,0.0,-1.0,0.0,-1.0,-1.0,1.0
atr05,structure5,discovery,21,0.0,-3.364877379047566,0.0,-70.66242495999889,-22.47034915942998,2.0
atr05,structure5,validation,6,0.0,-1.3137068832002337,0.0,-7.882241299201402,-2.264679196370613,3.0
atr05,structure5,oos,1,0.0,-1.0,0.0,-1.0,-1.0,1.0
atr05,swing3,discovery,21,0.0,-2.0303176809941665,0.0,-42.636671300877495,-6.8073892261978965,2.0
atr05,swing3,validation,6,0.0,-1.2780188296249502,0.0,-7.668112977749701,-2.050550874918912,3.0
atr05,swing3,oos,1,0.0,-1.0,0.0,-1.0,-1.0,1.0
atr075,bear_momentum,discovery,21,0.2857142857142857,-1.0280881674538862,0.10976905076765402,-21.58985151653161,-5.153273727899354,3.0
atr075,bear_momentum,validation,6,0.16666666666666666,-0.571242262648051,0.1379892341117391,-3.4274535758883062,-1.3670339166126548,3.0
atr075,bear_momentum,oos,1,0.0,-1.0,0.0,-1.0,-1.0,1.0
atr075,ema20,discovery,21,0.09523809523809523,-2.1207155591144704,0.026112794272302793,-44.535026741403875,-14.98023277295332,3.0
atr075,ema20,validation,6,0.0,-1.0980268110223865,0.0,-6.588160866134319,-1.5097861309137939,6.0
atr075,ema20,oos,1,0.0,-1.0,0.0,-1.0,-1.0,1.0
atr075,range_reentry,discovery,21,0.0,-2.228638134561993,0.0,-46.80140082580185,-14.98023277295332,3.0
atr075,range_reentry,validation,6,0.16666666666666666,-0.6773157238894973,0.0754868646115146,-4.063894343336984,-1.5097861309137939,4.0
atr075,range_reentry,oos,1,0.0,-1.0,0.0,-1.0,-1.0,1.0
atr075,structure10,discovery,21,0.0,-2.5875460602964857,0.0,-54.338467266226196,-14.98023277295332,4.0
atr075,structure10,validation,6,0.0,-1.0980268110223865,0.0,-6.588160866134319,-1.5097861309137939,6.0
atr075,structure10,oos,1,0.0,-1.0,0.0,-1.0,-1.0,1.0
atr075,structure5,discovery,21,0.0,-2.460216938480938,0.0,-51.66455570809969,-14.98023277295332,4.0
atr075,structure5,validation,6,0.0,-1.0980268110223865,0.0,-6.588160866134319,-1.5097861309137939,6.0
atr075,structure5,oos,1,0.0,-1.0,0.0,-1.0,-1.0,1.0
atr075,swing3,discovery,21,0.047619047619047616,-1.5539151288685171,0.01750715005385884,-32.63221770623886,-4.5382594841320865,4.0
atr075,swing3,validation,6,0.16666666666666666,-0.8522650108337553,0.06093547941878383,-5.113590065002532,-1.3670339166126548,4.0
atr075,swing3,oos,1,0.0,-1.0,0.0,-1.0,-1.0,1.0
atr10,bear_momentum,discovery,21,0.38095238095238093,-0.7158036978089991,0.18477694613279017,-15.031877653988982,-3.8649552959245153,4.0
atr10,bear_momentum,validation,6,0.16666666666666666,-0.511765030319362,0.11817507147545751,-3.070590181916172,-1.025275437459456,3.0
atr10,bear_momentum,oos,1,0.0,-1.0,0.0,-1.0,-1.0,2.0
atr10,ema20,discovery,21,0.09523809523809523,-1.733393812193037,0.024012392536310153,-36.401270056053775,-11.235174579715816,4.0
atr10,ema20,validation,6,0.16666666666666666,-0.7078202062797869,0.14049432530615463,-4.2469212376787215,-1.1323395981853066,6.0
atr10,ema20,oos,1,0.0,-1.0,0.0,-1.0,-1.0,2.0
atr10,range_reentry,discovery,21,0.19047619047619047,-1.4972189981653883,0.08469760328786001,-31.441598961473154,-11.235174579715816,4.0
atr10,range_reentry,validation,6,0.16666666666666666,-0.5496534595837802,0.07016606908493077,-3.2979207575026814,-1.1323395981853066,4.0
atr10,range_reentry,oos,1,0.0,-1.0,0.0,-1.0,-1.0,2.0
atr10,structure10,discovery,21,0.0,-2.107326211889063,0.0,-44.253850449670324,-11.235174579715816,5.0
atr10,structure10,validation,6,0.0,-0.9901867749334462,0.0,-5.941120649600677,-1.1323395981853066,6.5
atr10,structure10,oos,1,0.0,-1.0,0.0,-1.0,-1.0,2.0
atr10,structure5,discovery,21,0.047619047619047616,-1.9306034452217637,0.01710961259832589,-40.54267234965704,-11.235174579715816,5.0
atr10,structure5,validation,6,0.0,-0.9901867749334462,0.0,-5.941120649600677,-1.1323395981853066,6.5
atr10,structure5,oos,1,0.0,-1.0,0.0,-1.0,-1.0,2.0
atr10,swing3,discovery,21,0.047619047619047616,-1.3201982514133082,0.015486635499731111,-27.724163279679473,-3.4036946130991232,5.0
atr10,swing3,validation,6,0.16666666666666666,-0.7641987581253082,0.05148138849757271,-4.5851925487518495,-1.025275437459456,4.0
atr10,swing3,oos,1,0.0,-1.0,0.0,-1.0,-1.0,2.0
retest,bear_momentum,discovery,21,0.42857142857142855,-0.9762394406378739,0.1817881828703699,-19.52478881275748,-5.921176470588062,3.0
retest,bear_momentum,validation,6,0.16666666666666666,-0.17298554713932823,0.4159619535820172,-0.5189566414179847,-0.8858267716535039,1.0
retest,bear_momentum,oos,1,1.0,0.8255639097744559,,0.8255639097744559,0.8255639097744559,2.0
retest,ema20,discovery,21,0.14285714285714285,-2.5054312826788396,0.03437830123494862,-50.108625653576794,-19.392857142858023,3.0
retest,ema20,validation,6,0.0,-1.1916010498687637,0.0,-3.574803149606291,-1.5748031496062913,2.0
retest,ema20,oos,1,0.0,-1.0,0.0,-1.0,-1.0,4.0
retest,range_reentry,discovery,21,0.19047619047619047,-2.444198345553903,0.03924570824131358,-48.88396691107806,-19.392857142858023,3.0
retest,range_reentry,validation,6,0.16666666666666666,-0.7368065293208126,0.1415189979473074,-2.2104195879624378,-1.5748031496062913,2.0
retest,range_reentry,oos,1,0.0,-1.0,0.0,-1.0,-1.0,4.0
retest,structure10,discovery,21,0.0,-2.74404103788049,0.0,-54.8808207576098,-19.392857142858023,5.0
retest,structure10,validation,6,0.0,-1.1916010498687637,0.0,-3.574803149606291,-1.5748031496062913,2.0
retest,structure10,oos,1,0.0,-1.0,0.0,-1.0,-1.0,4.0
retest,structure5,discovery,21,0.0,-2.5282841096235584,0.0,-50.56568219247117,-19.392857142858023,5.0
retest,structure5,validation,6,0.0,-1.1916010498687637,0.0,-3.574803149606291,-1.5748031496062913,2.0
retest,structure5,oos,1,0.0,-1.0,0.0,-1.0,-1.0,4.0
retest,swing3,discovery,21,0.23809523809523808,-1.4110481319909591,0.08995426009557403,-28.220962639819184,-5.558823529411943,4.0
retest,swing3,validation,6,0.16666666666666666,-0.7368065293208126,0.1415189979473074,-2.2104195879624378,-1.5748031496062913,2.0
retest,swing3,oos,1,0.0,-1.0,0.0,-1.0,-1.0,4.0
struct10,bear_momentum,discovery,21,0.6190476190476191,-0.17247114896184912,0.46844961132402474,-3.6218941281988313,-1.4579081632653221,4.0
struct10,bear_momentum,validation,6,0.16666666666666666,-0.6093406885787874,0.08412631520640092,-3.6560441314727243,-2.0311986863712033,3.0
struct10,bear_momentum,oos,1,1.0,0.3378461538461579,,0.3378461538461579,0.3378461538461579,2.0
struct10,ema20,discovery,21,0.5238095238095238,-0.4114453401921121,0.3845582911248001,-8.640352144034354,-5.5408163265306625,6.0
struct10,ema20,validation,6,0.16666666666666666,-1.179222960534935,0.07188524248997763,-7.0753377632096095,-4.453201970443521,14.0
struct10,ema20,oos,1,1.0,0.6289230769230716,,0.6289230769230716,0.6289230769230716,4.0
struct10,range_reentry,discovery,21,0.5238095238095238,-0.38246925024417905,0.38856023242250043,-8.03185425512776,-5.5408163265306625,4.0
struct10,range_reentry,validation,6,0.16666666666666666,-0.3912486102505892,0.07722447772455662,-2.3474916615035353,-1.0,4.0
struct10,range_reentry,oos,1,1.0,0.6289230769230716,,0.6289230769230716,0.6289230769230716,4.0
struct10,structure10,discovery,21,0.09523809523809523,-1.4327842017605121,0.03352667622512771,-30.088468236970755,-7.562152133580871,18.0
struct10,structure10,validation,6,0.0,-1.4372239452715174,0.0,-8.623343671629105,-4.453201970443521,15.0
struct10,structure10,oos,1,1.0,0.8375384615384553,,0.8375384615384553,0.8375384615384553,20.0
struct10,structure5,discovery,21,0.3333333333333333,-0.975807504027054,0.1421679241114435,-20.491957584568134,-7.562152133580871,10.0
struct10,structure5,validation,6,0.0,-1.4372239452715174,0.0,-8.623343671629105,-4.453201970443521,15.0
struct10,structure5,oos,1,1.0,0.8375384615384553,,0.8375384615384553,0.8375384615384553,20.0
struct10,swing3,discovery,21,0.42857142857142855,-0.35794926381738873,0.30400025028200406,-7.516934540165163,-1.4579081632653221,7.0
struct10,swing3,validation,6,0.16666666666666666,-0.8849040414689836,0.03568094054883528,-5.309424248813902,-2.4187192118227596,5.5
struct10,swing3,oos,1,1.0,0.6289230769230716,,0.6289230769230716,0.6289230769230716,4.0
struct5,bear_momentum,discovery,21,0.6190476190476191,-0.39101625094312453,0.3501121723259641,-8.211341269805615,-4.497765862377112,4.0
struct5,bear_momentum,validation,6,0.16666666666666666,-0.5577011476822876,0.09120542142541915,-3.3462068860937255,-1.0,3.0
struct5,bear_momentum,oos,1,1.0,0.45000000000000584,,0.45000000000000584,0.45000000000000584,2.0
struct5,ema20,discovery,21,0.38095238095238093,-1.0203945948615545,0.16244394470988252,-21.428286492092646,-5.878213802435681,5.0
struct5,ema20,validation,6,0.16666666666666666,-0.8131707525564013,0.10516681257931083,-4.879024515338408,-1.5748031496062913,6.0
struct5,ema20,oos,1,1.0,0.8377049180327806,,0.8377049180327806,0.8377049180327806,4.0
struct5,range_reentry,discovery,21,0.38095238095238093,-0.9917110861019749,0.15616291068097382,-20.825932808141474,-5.878213802435681,4.0
struct5,range_reentry,validation,6,0.16666666666666666,-0.6173421491238568,0.05257909924491135,-3.704052894743141,-1.5748031496062913,4.0
struct5,range_reentry,oos,1,1.0,0.8377049180327806,,0.8377049180327806,0.8377049180327806,4.0
struct5,structure10,discovery,21,0.047619047619047616,-1.8373427867305239,0.012268736217643928,-38.584198521341,-7.562152133580871,18.0
struct5,structure10,validation,6,0.0,-1.075406713401326,0.0,-6.452440280407957,-1.5748031496062913,7.0
struct5,structure10,oos,1,0.0,-1.0,0.0,-1.0,-1.0,5.0
struct5,structure5,discovery,21,0.23809523809523808,-1.5123277341389123,0.07017270100225109,-31.75888241691716,-7.562152133580871,9.0
struct5,structure5,validation,6,0.0,-1.075406713401326,0.0,-6.452440280407957,-1.5748031496062913,7.0
struct5,structure5,oos,1,0.0,-1.0,0.0,-1.0,-1.0,5.0
struct5,swing3,discovery,21,0.38095238095238093,-0.7493556871042316,0.1814723734660217,-15.736469429188864,-4.15452538631345,7.0
struct5,swing3,validation,6,0.16666666666666666,-0.8606490703866833,0.03828396098505458,-5.1638944223201,-1.5748031496062913,4.0
struct5,swing3,oos,1,1.0,0.8377049180327806,,0.8377049180327806,0.8377049180327806,4.0
