date,sl_mode,exit_mode,outcome,r,bars,year
2021-04-06 16:00:00,atr05,swing3,SL,-1.0,4,2021
2021-04-14 12:00:00,atr05,swing3,TIME,-6.292508917955075,20,2021
2021-05-10 12:00:00,atr05,swing3,SL,-1.0,1,2021
2021-07-28 16:00:00,atr05,swing3,SWING3,-1.8726978998383406,10,2021
2022-01-21 12:00:00,atr05,swing3,SL,-1.0,1,2022
2022-05-16 16:00:00,atr05,swing3,SL,-1.0,2,2022
2022-07-25 20:00:00,atr05,swing3,SL,-1.0,2,2022
2022-08-11 08:00:00,atr05,swing3,SL,-1.0,1,2022
2022-12-02 20:00:00,atr05,swing3,SL,-1.0,2,2022
2022-12-14 04:00:00,atr05,swing3,SL,-1.0,3,2022
2023-01-17 08:00:00,atr05,swing3,SL,-1.0,4,2023
2023-07-07 00:00:00,atr05,swing3,SWING3,-5.912433031590359,7,2023
2023-09-01 08:00:00,atr05,swing3,SL,-1.0,1,2023
2023-12-11 20:00:00,atr05,swing3,SWING3,-0.6435845213849336,8,2023
2024-03-01 12:00:00,atr05,swing3,SL,-1.0,5,2024
2024-06-06 00:00:00,atr05,swing3,SL,-1.0,1,2024
2024-07-07 20:00:00,atr05,swing3,SL,-1.0,2,2024
2024-07-25 20:00:00,atr05,swing3,SL,-1.0,1,2024
2024-08-01 16:00:00,atr05,swing3,SWING3,-6.108057703910885,14,2024
2024-10-31 16:00:00,atr05,swing3,SL,-1.0,2,2024
2024-11-28 16:00:00,atr05,swing3,TIME,-6.8073892261978965,20,2024
2025-02-18 08:00:00,atr05,swing3,SL,-1.0,2,2025
2025-04-01 04:00:00,atr05,swing3,SL,-1.0,4,2025
2025-04-13 20:00:00,atr05,swing3,SWING3,-1.6175621028307883,20,2025
2025-04-23 04:00:00,atr05,swing3,SL,-1.0,2,2025
2025-06-25 16:00:00,atr05,swing3,SWING3,-2.050550874918912,7,2025
2025-10-03 08:00:00,atr05,swing3,SL,-1.0,1,2025
2026-04-01 08:00:00,atr05,swing3,SL,-1.0,1,2026
2021-04-06 16:00:00,atr05,ema20,SL,-1.0,4,2021
2021-04-14 12:00:00,atr05,ema20,TIME,-6.292508917955075,20,2021
2021-05-10 12:00:00,atr05,ema20,SL,-1.0,1,2021
2021-07-28 16:00:00,atr05,ema20,TIME,-5.3647819063003706,20,2021
2022-01-21 12:00:00,atr05,ema20,SL,-1.0,1,2022
2022-05-16 16:00:00,atr05,ema20,SL,-1.0,2,2022
2022-07-25 20:00:00,atr05,ema20,SL,-1.0,2,2022
2022-08-11 08:00:00,atr05,ema20,SL,-1.0,1,2022
2022-12-02 20:00:00,atr05,ema20,SL,-1.0,2,2022
2022-12-14 04:00:00,atr05,ema20,SL,-1.0,3,2022
2023-01-17 08:00:00,atr05,ema20,SL,-1.0,4,2023
2023-07-07 00:00:00,atr05,ema20,TIME,-22.47034915942998,20,2023
2023-09-01 08:00:00,atr05,ema20,SL,-1.0,1,2023
2023-12-11 20:00:00,atr05,ema20,EMA20,-1.094365241004839,4,2023
2024-03-01 12:00:00,atr05,ema20,SL,-1.0,5,2024
2024-06-06 00:00:00,atr05,ema20,SL,-1.0,1,2024
2024-07-07 20:00:00,atr05,ema20,SL,-1.0,2,2024
2024-07-25 20:00:00,atr05,ema20,SL,-1.0,1,2024
2024-08-01 16:00:00,atr05,ema20,TIME,-7.7299105918490305,20,2024
2024-10-31 16:00:00,atr05,ema20,SL,-1.0,2,2024
2024-11-28 16:00:00,atr05,ema20,TIME,-6.8073892261978965,20,2024
2025-02-18 08:00:00,atr05,ema20,SL,-1.0,2,2025
2025-04-01 04:00:00,atr05,ema20,SL,-1.0,4,2025
2025-04-13 20:00:00,atr05,ema20,TIME,-1.6175621028307883,20,2025
2025-04-23 04:00:00,atr05,ema20,SL,-1.0,2,2025
2025-06-25 16:00:00,atr05,ema20,TIME,-2.264679196370613,20,2025
2025-10-03 08:00:00,atr05,ema20,SL,-1.0,1,2025
2026-04-01 08:00:00,atr05,ema20,SL,-1.0,1,2026
2021-04-06 16:00:00,atr05,structure5,SL,-1.0,4,2021
2021-04-14 12:00:00,atr05,structure5,TIME,-6.292508917955075,20,2021
2021-05-10 12:00:00,atr05,structure5,SL,-1.0,1,2021
2021-07-28 16:00:00,atr05,structure5,STRUCT5,-1.2936995153473054,11,2021
2022-01-21 12:00:00,atr05,structure5,SL,-1.0,1,2022
2022-05-16 16:00:00,atr05,structure5,SL,-1.0,2,2022
2022-07-25 20:00:00,atr05,structure5,SL,-1.0,2,2022
2022-08-11 08:00:00,atr05,structure5,SL,-1.0,1,2022
2022-12-02 20:00:00,atr05,structure5,SL,-1.0,2,2022
2022-12-14 04:00:00,atr05,structure5,SL,-1.0,3,2022
2023-01-17 08:00:00,atr05,structure5,SL,-1.0,4,2023
2023-07-07 00:00:00,atr05,structure5,TIME,-22.47034915942998,20,2023
2023-09-01 08:00:00,atr05,structure5,SL,-1.0,1,2023
2023-12-11 20:00:00,atr05,structure5,TIME,-11.06856754921959,20,2023
2024-03-01 12:00:00,atr05,structure5,SL,-1.0,5,2024
2024-06-06 00:00:00,atr05,structure5,SL,-1.0,1,2024
2024-07-07 20:00:00,atr05,structure5,SL,-1.0,2,2024
2024-07-25 20:00:00,atr05,structure5,SL,-1.0,1,2024
2024-08-01 16:00:00,atr05,structure5,TIME,-7.7299105918490305,20,2024
2024-10-31 16:00:00,atr05,structure5,SL,-1.0,2,2024
2024-11-28 16:00:00,atr05,structure5,TIME,-6.8073892261978965,20,2024
2025-02-18 08:00:00,atr05,structure5,SL,-1.0,2,2025
2025-04-01 04:00:00,atr05,structure5,SL,-1.0,4,2025
2025-04-13 20:00:00,atr05,structure5,TIME,-1.6175621028307883,20,2025
2025-04-23 04:00:00,atr05,structure5,SL,-1.0,2,2025
2025-06-25 16:00:00,atr05,structure5,TIME,-2.264679196370613,20,2025
2025-10-03 08:00:00,atr05,structure5,SL,-1.0,1,2025
2026-04-01 08:00:00,atr05,structure5,SL,-1.0,1,2026
2021-04-06 16:00:00,atr05,structure10,SL,-1.0,4,2021
2021-04-14 12:00:00,atr05,structure10,TIME,-6.292508917955075,20,2021
2021-05-10 12:00:00,atr05,structure10,SL,-1.0,1,2021
2021-07-28 16:00:00,atr05,structure10,TIME,-5.3647819063003706,20,2021
2022-01-21 12:00:00,atr05,structure10,SL,-1.0,1,2022
2022-05-16 16:00:00,atr05,structure10,SL,-1.0,2,2022
2022-07-25 20:00:00,atr05,structure10,SL,-1.0,2,2022
2022-08-11 08:00:00,atr05,structure10,SL,-1.0,1,2022
2022-12-02 20:00:00,atr05,structure10,SL,-1.0,2,2022
2022-12-14 04:00:00,atr05,structure10,SL,-1.0,3,2022
2023-01-17 08:00:00,atr05,structure10,SL,-1.0,4,2023
2023-07-07 00:00:00,atr05,structure10,TIME,-22.47034915942998,20,2023
2023-09-01 08:00:00,atr05,structure10,SL,-1.0,1,2023
2023-12-11 20:00:00,atr05,structure10,TIME,-11.06856754921959,20,2023
2024-03-01 12:00:00,atr05,structure10,SL,-1.0,5,2024
2024-06-06 00:00:00,atr05,structure10,SL,-1.0,1,2024
2024-07-07 20:00:00,atr05,structure10,SL,-1.0,2,2024
2024-07-25 20:00:00,atr05,structure10,SL,-1.0,1,2024
2024-08-01 16:00:00,atr05,structure10,TIME,-7.7299105918490305,20,2024
2024-10-31 16:00:00,atr05,structure10,SL,-1.0,2,2024
2024-11-28 16:00:00,atr05,structure10,TIME,-6.8073892261978965,20,2024
2025-02-18 08:00:00,atr05,structure10,SL,-1.0,2,2025
2025-04-01 04:00:00,atr05,structure10,SL,-1.0,4,2025
2025-04-13 20:00:00,atr05,structure10,TIME,-1.6175621028307883,20,2025
2025-04-23 04:00:00,atr05,structure10,SL,-1.0,2,2025
2025-06-25 16:00:00,atr05,structure10,TIME,-2.264679196370613,20,2025
2025-10-03 08:00:00,atr05,structure10,SL,-1.0,1,2025
2026-04-01 08:00:00,atr05,structure10,SL,-1.0,1,2026
2021-04-06 16:00:00,atr05,bear_momentum,SL,-1.0,4,2021
2021-04-14 12:00:00,atr05,bear_momentum,2UP,-0.7740784780024391,9,2021
2021-05-10 12:00:00,atr05,bear_momentum,SL,-1.0,1,2021
2021-07-28 16:00:00,atr05,bear_momentum,2UP,-3.057835218093561,9,2021
2022-01-21 12:00:00,atr05,bear_momentum,SL,-1.0,1,2022
2022-05-16 16:00:00,atr05,bear_momentum,SL,-1.0,2,2022
2022-07-25 20:00:00,atr05,bear_momentum,SL,-1.0,2,2022
2022-08-11 08:00:00,atr05,bear_momentum,SL,-1.0,1,2022
2022-12-02 20:00:00,atr05,bear_momentum,SL,-1.0,2,2022
2022-12-14 04:00:00,atr05,bear_momentum,SL,-1.0,3,2022
2023-01-17 08:00:00,atr05,bear_momentum,SL,-1.0,4,2023
2023-07-07 00:00:00,atr05,bear_momentum,2UP,-5.912433031590359,7,2023
2023-09-01 08:00:00,atr05,bear_momentum,SL,-1.0,1,2023
2023-12-11 20:00:00,atr05,bear_momentum,2UP,-0.6435845213849336,8,2023
2024-03-01 12:00:00,atr05,bear_momentum,2UP,0.1781946072683922,4,2024
2024-06-06 00:00:00,atr05,bear_momentum,SL,-1.0,1,2024
2024-07-07 20:00:00,atr05,bear_momentum,SL,-1.0,2,2024
2024-07-25 20:00:00,atr05,bear_momentum,SL,-1.0,1,2024
2024-08-01 16:00:00,atr05,bear_momentum,TIME,-7.7299105918490305,20,2024
2024-10-31 16:00:00,atr05,bear_momentum,SL,-1.0,2,2024
2024-11-28 16:00:00,atr05,bear_momentum,2UP,-4.76010851311181,5,2024
2025-02-18 08:00:00,atr05,bear_momentum,SL,-1.0,2,2025
2025-04-01 04:00:00,atr05,bear_momentum,2UP,-0.003742314888978558,3,2025
2025-04-13 20:00:00,atr05,bear_momentum,2UP,-0.9098786828422826,3,2025
2025-04-23 04:00:00,atr05,bear_momentum,SL,-1.0,2,2025
2025-06-25 16:00:00,atr05,bear_momentum,2UP,-2.050550874918912,7,2025
2025-10-03 08:00:00,atr05,bear_momentum,SL,-1.0,1,2025
2026-04-01 08:00:00,atr05,bear_momentum,SL,-1.0,1,2026
2021-04-06 16:00:00,atr05,range_reentry,SL,-1.0,4,2021
2021-04-14 12:00:00,atr05,range_reentry,TIME,-6.292508917955075,20,2021
2021-05-10 12:00:00,atr05,range_reentry,SL,-1.0,1,2021
2021-07-28 16:00:00,atr05,range_reentry,TIME,-5.3647819063003706,20,2021
2022-01-21 12:00:00,atr05,range_reentry,SL,-1.0,1,2022
2022-05-16 16:00:00,atr05,range_reentry,SL,-1.0,2,2022
2022-07-25 20:00:00,atr05,range_reentry,SL,-1.0,2,2022
2022-08-11 08:00:00,atr05,range_reentry,SL,-1.0,1,2022
2022-12-02 20:00:00,atr05,range_reentry,SL,-1.0,2,2022
2022-12-14 04:00:00,atr05,range_reentry,SL,-1.0,3,2022
2023-01-17 08:00:00,atr05,range_reentry,SL,-1.0,4,2023
2023-07-07 00:00:00,atr05,range_reentry,TIME,-22.47034915942998,20,2023
2023-09-01 08:00:00,atr05,range_reentry,SL,-1.0,1,2023
2023-12-11 20:00:00,atr05,range_reentry,REENTRY,-1.2301425661914904,1,2023
2024-03-01 12:00:00,atr05,range_reentry,REENTRY,-0.03282532239158451,1,2024
2024-06-06 00:00:00,atr05,range_reentry,SL,-1.0,1,2024
2024-07-07 20:00:00,atr05,range_reentry,SL,-1.0,2,2024
2024-07-25 20:00:00,atr05,range_reentry,SL,-1.0,1,2024
2024-08-01 16:00:00,atr05,range_reentry,TIME,-7.7299105918490305,20,2024
2024-10-31 16:00:00,atr05,range_reentry,SL,-1.0,2,2024
2024-11-28 16:00:00,atr05,range_reentry,TIME,-6.8073892261978965,20,2024
2025-02-18 08:00:00,atr05,range_reentry,REENTRY,-0.6262135922331363,1,2025
2025-04-01 04:00:00,atr05,range_reentry,SL,-1.0,4,2025
2025-04-13 20:00:00,atr05,range_reentry,TIME,-1.6175621028307883,20,2025
2025-04-23 04:00:00,atr05,range_reentry,REENTRY,-0.5851145038168467,1,2025
2025-06-25 16:00:00,atr05,range_reentry,TIME,-2.264679196370613,20,2025
2025-10-03 08:00:00,atr05,range_reentry,SL,-1.0,1,2025
2026-04-01 08:00:00,atr05,range_reentry,SL,-1.0,1,2026
2021-04-06 16:00:00,atr075,swing3,SWING3,-1.789247311828048,15,2021
2021-04-14 12:00:00,atr075,swing3,TIME,-4.195005945303218,20,2021
2021-05-10 12:00:00,atr075,swing3,SL,-1.0,3,2021
2021-07-28 16:00:00,atr075,swing3,SWING3,-1.2484652665589473,10,2021
2022-01-21 12:00:00,atr075,swing3,SL,-1.0,4,2022
2022-05-16 16:00:00,atr075,swing3,SL,-1.0,4,2022
2022-07-25 20:00:00,atr075,swing3,SL,-1.0,3,2022
2022-08-11 08:00:00,atr075,swing3,SL,-1.0,1,2022
2022-12-02 20:00:00,atr075,swing3,SL,-1.0,3,2022
2022-12-14 04:00:00,atr075,swing3,SL,-1.0,3,2022
2023-01-17 08:00:00,atr075,swing3,SL,-1.0,4,2023
2023-07-07 00:00:00,atr075,swing3,SWING3,-3.941622021060239,7,2023
2023-09-01 08:00:00,atr075,swing3,SL,-1.0,1,2023
2023-12-11 20:00:00,atr075,swing3,SWING3,-0.4290563475899557,8,2023
2024-03-01 12:00:00,atr075,swing3,SWING3,0.5814771395075604,5,2024
2024-06-06 00:00:00,atr075,swing3,SL,-1.0,1,2024
2024-07-07 20:00:00,atr075,swing3,SL,-1.0,2,2024
2024-07-25 20:00:00,atr075,swing3,SL,-1.0,3,2024
2024-08-01 16:00:00,atr075,swing3,SWING3,-4.072038469273924,14,2024
2024-10-31 16:00:00,atr075,swing3,SL,-1.0,2,2024
2024-11-28 16:00:00,atr075,swing3,TIME,-4.5382594841320865,20,2024
2025-02-18 08:00:00,atr075,swing3,SL,-1.0,3,2025
2025-04-01 04:00:00,atr075,swing3,SWING3,0.33181858683064813,4,2025
2025-04-13 20:00:00,atr075,swing3,SWING3,-1.0783747352205255,20,2025
2025-04-23 04:00:00,atr075,swing3,SL,-1.0,2,2025
2025-06-25 16:00:00,atr075,swing3,SWING3,-1.3670339166126548,7,2025
2025-10-03 08:00:00,atr075,swing3,SL,-1.0,4,2025
2026-04-01 08:00:00,atr075,swing3,SL,-1.0,1,2026
2021-04-06 16:00:00,atr075,ema20,EMA20,-0.5562724014337472,16,2021
2021-04-14 12:00:00,atr075,ema20,TIME,-4.195005945303218,20,2021
2021-05-10 12:00:00,atr075,ema20,SL,-1.0,3,2021
2021-07-28 16:00:00,atr075,ema20,TIME,-3.576521270867067,20,2021
2022-01-21 12:00:00,atr075,ema20,SL,-1.0,4,2022
2022-05-16 16:00:00,atr075,ema20,EMA20,0.6126385490139128,2,2022
2022-07-25 20:00:00,atr075,ema20,SL,-1.0,3,2022
2022-08-11 08:00:00,atr075,ema20,SL,-1.0,1,2022
2022-12-02 20:00:00,atr075,ema20,SL,-1.0,3,2022
2022-12-14 04:00:00,atr075,ema20,SL,-1.0,3,2022
2023-01-17 08:00:00,atr075,ema20,SL,-1.0,4,2023
2023-07-07 00:00:00,atr075,ema20,TIME,-14.98023277295332,20,2023
2023-09-01 08:00:00,atr075,ema20,SL,-1.0,1,2023
2023-12-11 20:00:00,atr075,ema20,EMA20,-0.7295768273365593,4,2023
2024-03-01 12:00:00,atr075,ema20,EMA20,0.5814771395075604,5,2024
2024-06-06 00:00:00,atr075,ema20,SL,-1.0,1,2024
2024-07-07 20:00:00,atr075,ema20,SL,-1.0,2,2024
2024-07-25 20:00:00,atr075,ema20,SL,-1.0,3,2024
2024-08-01 16:00:00,atr075,ema20,TIME,-5.153273727899354,20,2024
2024-10-31 16:00:00,atr075,ema20,SL,-1.0,2,2024
2024-11-28 16:00:00,atr075,ema20,TIME,-4.5382594841320865,20,2024
2025-02-18 08:00:00,atr075,ema20,SL,-1.0,3,2025
2025-04-01 04:00:00,atr075,ema20,SL,-1.0,8,2025
2025-04-13 20:00:00,atr075,ema20,TIME,-1.0783747352205255,20,2025
2025-04-23 04:00:00,atr075,ema20,SL,-1.0,2,2025
2025-06-25 16:00:00,atr075,ema20,TIME,-1.5097861309137939,20,2025
2025-10-03 08:00:00,atr075,ema20,SL,-1.0,4,2025
2026-04-01 08:00:00,atr075,ema20,SL,-1.0,1,2026
2021-04-06 16:00:00,atr075,structure5,STRUCT5,-0.5562724014337472,16,2021
2021-04-14 12:00:00,atr075,structure5,TIME,-4.195005945303218,20,2021
2021-05-10 12:00:00,atr075,structure5,SL,-1.0,3,2021
2021-07-28 16:00:00,atr075,structure5,STRUCT5,-0.8624663435649073,11,2021
2022-01-21 12:00:00,atr075,structure5,SL,-1.0,4,2022
2022-05-16 16:00:00,atr075,structure5,SL,-1.0,4,2022
2022-07-25 20:00:00,atr075,structure5,SL,-1.0,3,2022
2022-08-11 08:00:00,atr075,structure5,SL,-1.0,1,2022
2022-12-02 20:00:00,atr075,structure5,SL,-1.0,3,2022
2022-12-14 04:00:00,atr075,structure5,SL,-1.0,3,2022
2023-01-17 08:00:00,atr075,structure5,SL,-1.0,4,2023
2023-07-07 00:00:00,atr075,structure5,TIME,-14.98023277295332,20,2023
2023-09-01 08:00:00,atr075,structure5,SL,-1.0,1,2023
2023-12-11 20:00:00,atr075,structure5,TIME,-7.37904503281306,20,2023
2024-03-01 12:00:00,atr075,structure5,SL,-1.0,6,2024
2024-06-06 00:00:00,atr075,structure5,SL,-1.0,1,2024
2024-07-07 20:00:00,atr075,structure5,SL,-1.0,2,2024
2024-07-25 20:00:00,atr075,structure5,SL,-1.0,3,2024
2024-08-01 16:00:00,atr075,structure5,TIME,-5.153273727899354,20,2024
2024-10-31 16:00:00,atr075,structure5,SL,-1.0,2,2024
2024-11-28 16:00:00,atr075,structure5,TIME,-4.5382594841320865,20,2024
2025-02-18 08:00:00,atr075,structure5,SL,-1.0,3,2025
2025-04-01 04:00:00,atr075,structure5,SL,-1.0,8,2025
2025-04-13 20:00:00,atr075,structure5,TIME,-1.0783747352205255,20,2025
2025-04-23 04:00:00,atr075,structure5,SL,-1.0,2,2025
2025-06-25 16:00:00,atr075,structure5,TIME,-1.5097861309137939,20,2025
2025-10-03 08:00:00,atr075,structure5,SL,-1.0,4,2025
2026-04-01 08:00:00,atr075,structure5,SL,-1.0,1,2026
2021-04-06 16:00:00,atr075,structure10,TIME,-0.5161290322580908,20,2021
2021-04-14 12:00:00,atr075,structure10,TIME,-4.195005945303218,20,2021
2021-05-10 12:00:00,atr075,structure10,SL,-1.0,3,2021
2021-07-28 16:00:00,atr075,structure10,TIME,-3.576521270867067,20,2021
2022-01-21 12:00:00,atr075,structure10,SL,-1.0,4,2022
2022-05-16 16:00:00,atr075,structure10,SL,-1.0,4,2022
2022-07-25 20:00:00,atr075,structure10,SL,-1.0,3,2022
2022-08-11 08:00:00,atr075,structure10,SL,-1.0,1,2022
2022-12-02 20:00:00,atr075,structure10,SL,-1.0,3,2022
2022-12-14 04:00:00,atr075,structure10,SL,-1.0,3,2022
2023-01-17 08:00:00,atr075,structure10,SL,-1.0,4,2023
2023-07-07 00:00:00,atr075,structure10,TIME,-14.98023277295332,20,2023
2023-09-01 08:00:00,atr075,structure10,SL,-1.0,1,2023
2023-12-11 20:00:00,atr075,structure10,TIME,-7.37904503281306,20,2023
2024-03-01 12:00:00,atr075,structure10,SL,-1.0,6,2024
2024-06-06 00:00:00,atr075,structure10,SL,-1.0,1,2024
2024-07-07 20:00:00,atr075,structure10,SL,-1.0,2,2024
2024-07-25 20:00:00,atr075,structure10,SL,-1.0,3,2024
2024-08-01 16:00:00,atr075,structure10,TIME,-5.153273727899354,20,2024
2024-10-31 16:00:00,atr075,structure10,SL,-1.0,2,2024
2024-11-28 16:00:00,atr075,structure10,TIME,-4.5382594841320865,20,2024
2025-02-18 08:00:00,atr075,structure10,SL,-1.0,3,2025
2025-04-01 04:00:00,atr075,structure10,SL,-1.0,8,2025
2025-04-13 20:00:00,atr075,structure10,TIME,-1.0783747352205255,20,2025
2025-04-23 04:00:00,atr075,structure10,SL,-1.0,2,2025
2025-06-25 16:00:00,atr075,structure10,TIME,-1.5097861309137939,20,2025
2025-10-03 08:00:00,atr075,structure10,SL,-1.0,4,2025
2026-04-01 08:00:00,atr075,structure10,SL,-1.0,1,2026
2021-04-06 16:00:00,atr075,bear_momentum,2UP,0.12043010752680636,4,2021
2021-04-14 12:00:00,atr075,bear_momentum,2UP,-0.5160523186682724,9,2021
2021-05-10 12:00:00,atr075,bear_momentum,2UP,0.7161904761904827,2,2021
2021-07-28 16:00:00,atr075,bear_momentum,2UP,-2.038556812062461,9,2021
2022-01-21 12:00:00,atr075,bear_momentum,SL,-1.0,4,2022
2022-05-16 16:00:00,atr075,bear_momentum,2UP,0.7550501415478537,3,2022
2022-07-25 20:00:00,atr075,bear_momentum,2UP,0.6131295526656962,2,2022
2022-08-11 08:00:00,atr075,bear_momentum,SL,-1.0,1,2022
2022-12-02 20:00:00,atr075,bear_momentum,SL,-1.0,3,2022
2022-12-14 04:00:00,atr075,bear_momentum,SL,-1.0,3,2022
2023-01-17 08:00:00,atr075,bear_momentum,SL,-1.0,4,2023
2023-07-07 00:00:00,atr075,bear_momentum,2UP,-3.941622021060239,7,2023
2023-09-01 08:00:00,atr075,bear_momentum,SL,-1.0,1,2023
2023-12-11 20:00:00,atr075,bear_momentum,2UP,-0.4290563475899557,8,2023
2024-03-01 12:00:00,atr075,bear_momentum,2UP,0.11879640484558954,4,2024
2024-06-06 00:00:00,atr075,bear_momentum,SL,-1.0,1,2024
2024-07-07 20:00:00,atr075,bear_momentum,SL,-1.0,2,2024
2024-07-25 20:00:00,atr075,bear_momentum,2UP,0.3385187033802245,2,2024
2024-08-01 16:00:00,atr075,bear_momentum,TIME,-5.153273727899354,20,2024
2024-10-31 16:00:00,atr075,bear_momentum,SL,-1.0,2,2024
2024-11-28 16:00:00,atr075,bear_momentum,2UP,-3.173405675407982,5,2024
2025-02-18 08:00:00,atr075,bear_momentum,SL,-1.0,3,2025
2025-04-01 04:00:00,atr075,bear_momentum,2UP,-0.0024948765926524606,3,2025
2025-04-13 20:00:00,atr075,bear_momentum,2UP,-0.6065857885615217,3,2025
2025-04-23 04:00:00,atr075,bear_momentum,SL,-1.0,2,2025
2025-06-25 16:00:00,atr075,bear_momentum,2UP,-1.3670339166126548,7,2025
2025-10-03 08:00:00,atr075,bear_momentum,2UP,0.5486610058785226,2,2025
2026-04-01 08:00:00,atr075,bear_momentum,SL,-1.0,1,2026
2021-04-06 16:00:00,atr075,range_reentry,TIME,-0.5161290322580908,20,2021
2021-04-14 12:00:00,atr075,range_reentry,TIME,-4.195005945303218,20,2021
2021-05-10 12:00:00,atr075,range_reentry,SL,-1.0,3,2021
2021-07-28 16:00:00,atr075,range_reentry,TIME,-3.576521270867067,20,2021
2022-01-21 12:00:00,atr075,range_reentry,SL,-1.0,4,2022
2022-05-16 16:00:00,atr075,range_reentry,SL,-1.0,4,2022
2022-07-25 20:00:00,atr075,range_reentry,SL,-1.0,3,2022
2022-08-11 08:00:00,atr075,range_reentry,SL,-1.0,1,2022
2022-12-02 20:00:00,atr075,range_reentry,SL,-1.0,3,2022
2022-12-14 04:00:00,atr075,range_reentry,SL,-1.0,3,2022
2023-01-17 08:00:00,atr075,range_reentry,SL,-1.0,4,2023
2023-07-07 00:00:00,atr075,range_reentry,TIME,-14.98023277295332,20,2023
2023-09-01 08:00:00,atr075,range_reentry,SL,-1.0,1,2023
2023-12-11 20:00:00,atr075,range_reentry,REENTRY,-0.8200950441276603,1,2023
2024-03-01 12:00:00,atr075,range_reentry,REENTRY,-0.02188354826105537,1,2024
2024-06-06 00:00:00,atr075,range_reentry,SL,-1.0,1,2024
2024-07-07 20:00:00,atr075,range_reentry,SL,-1.0,2,2024
2024-07-25 20:00:00,atr075,range_reentry,SL,-1.0,3,2024
2024-08-01 16:00:00,atr075,range_reentry,TIME,-5.153273727899354,20,2024
2024-10-31 16:00:00,atr075,range_reentry,SL,-1.0,2,2024
2024-11-28 16:00:00,atr075,range_reentry,TIME,-4.5382594841320865,20,2024
2025-02-18 08:00:00,atr075,range_reentry,REENTRY,-0.417475728155405,1,2025
2025-04-01 04:00:00,atr075,range_reentry,REENTRY,0.33181858683064813,4,2025
2025-04-13 20:00:00,atr075,range_reentry,TIME,-1.0783747352205255,20,2025
2025-04-23 04:00:00,atr075,range_reentry,REENTRY,-0.39007633587790763,1,2025
2025-06-25 16:00:00,atr075,range_reentry,TIME,-1.5097861309137939,20,2025
2025-10-03 08:00:00,atr075,range_reentry,SL,-1.0,4,2025
2026-04-01 08:00:00,atr075,range_reentry,SL,-1.0,1,2026
2021-04-06 16:00:00,atr10,swing3,SWING3,-1.3419354838710087,15,2021
2021-04-14 12:00:00,atr10,swing3,TIME,-3.1462544589775376,20,2021
2021-05-10 12:00:00,atr10,swing3,SL,-1.0,3,2021
2021-07-28 16:00:00,atr10,swing3,SWING3,-0.9363489499191703,10,2021
2022-01-21 12:00:00,atr10,swing3,SL,-1.0,4,2022
2022-05-16 16:00:00,atr10,swing3,SL,-1.0,5,2022
2022-07-25 20:00:00,atr10,swing3,SL,-1.0,6,2022
2022-08-11 08:00:00,atr10,swing3,SL,-1.0,2,2022
2022-12-02 20:00:00,atr10,swing3,SL,-1.0,3,2022
2022-12-14 04:00:00,atr10,swing3,SL,-1.0,7,2022
2023-01-17 08:00:00,atr10,swing3,SL,-1.0,4,2023
2023-07-07 00:00:00,atr10,swing3,SWING3,-2.9562165157953966,7,2023
2023-09-01 08:00:00,atr10,swing3,SL,-1.0,1,2023
2023-12-11 20:00:00,atr10,swing3,SWING3,-0.32179226069245437,8,2023
2024-03-01 12:00:00,atr10,swing3,SWING3,0.4361078546306606,5,2024
2024-06-06 00:00:00,atr10,swing3,SL,-1.0,1,2024
2024-07-07 20:00:00,atr10,swing3,SL,-1.0,3,2024
2024-07-25 20:00:00,atr10,swing3,SL,-1.0,3,2024
2024-08-01 16:00:00,atr10,swing3,SWING3,-3.0540288519554424,14,2024
2024-10-31 16:00:00,atr10,swing3,SL,-1.0,3,2024
2024-11-28 16:00:00,atr10,swing3,TIME,-3.4036946130991232,20,2024
2025-02-18 08:00:00,atr10,swing3,SL,-1.0,4,2025
2025-04-01 04:00:00,atr10,swing3,SWING3,0.24886394012297725,4,2025
2025-04-13 20:00:00,atr10,swing3,SWING3,-0.8087810514153709,20,2025
2025-04-23 04:00:00,atr10,swing3,SL,-1.0,2,2025
2025-06-25 16:00:00,atr10,swing3,SWING3,-1.025275437459456,7,2025
2025-10-03 08:00:00,atr10,swing3,SL,-1.0,4,2025
2026-04-01 08:00:00,atr10,swing3,SL,-1.0,2,2026
2021-04-06 16:00:00,atr10,ema20,EMA20,-0.41720430107530193,16,2021
2021-04-14 12:00:00,atr10,ema20,TIME,-3.1462544589775376,20,2021
2021-05-10 12:00:00,atr10,ema20,SL,-1.0,3,2021
2021-07-28 16:00:00,atr10,ema20,TIME,-2.6823909531501853,20,2021
2022-01-21 12:00:00,atr10,ema20,SL,-1.0,4,2022
2022-05-16 16:00:00,atr10,ema20,EMA20,0.45947891176044336,2,2022
2022-07-25 20:00:00,atr10,ema20,SL,-1.0,6,2022
2022-08-11 08:00:00,atr10,ema20,SL,-1.0,2,2022
2022-12-02 20:00:00,atr10,ema20,SL,-1.0,3,2022
2022-12-14 04:00:00,atr10,ema20,SL,-1.0,7,2022
2023-01-17 08:00:00,atr10,ema20,SL,-1.0,4,2023
2023-07-07 00:00:00,atr10,ema20,TIME,-11.235174579715816,20,2023
2023-09-01 08:00:00,atr10,ema20,SL,-1.0,1,2023
2023-12-11 20:00:00,atr10,ema20,EMA20,-0.5471826205023984,4,2023
2024-03-01 12:00:00,atr10,ema20,EMA20,0.4361078546306606,5,2024
2024-06-06 00:00:00,atr10,ema20,SL,-1.0,1,2024
2024-07-07 20:00:00,atr10,ema20,SL,-1.0,3,2024
2024-07-25 20:00:00,atr10,ema20,SL,-1.0,3,2024
2024-08-01 16:00:00,atr10,ema20,TIME,-3.8649552959245153,20,2024
2024-10-31 16:00:00,atr10,ema20,SL,-1.0,3,2024
2024-11-28 16:00:00,atr10,ema20,TIME,-3.4036946130991232,20,2024
2025-02-18 08:00:00,atr10,ema20,SL,-1.0,4,2025
2025-04-01 04:00:00,atr10,ema20,EMA20,0.6941994119219556,8,2025
2025-04-13 20:00:00,atr10,ema20,TIME,-0.8087810514153709,20,2025
2025-04-23 04:00:00,atr10,ema20,SL,-1.0,2,2025
2025-06-25 16:00:00,atr10,ema20,TIME,-1.1323395981853066,20,2025
2025-10-03 08:00:00,atr10,ema20,SL,-1.0,4,2025
2026-04-01 08:00:00,atr10,ema20,SL,-1.0,2,2026
2021-04-06 16:00:00,atr10,structure5,STRUCT5,-0.41720430107530193,16,2021
2021-04-14 12:00:00,atr10,structure5,TIME,-3.1462544589775376,20,2021
2021-05-10 12:00:00,atr10,structure5,SL,-1.0,3,2021
2021-07-28 16:00:00,atr10,structure5,STRUCT5,-0.6468497576736527,11,2021
2022-01-21 12:00:00,atr10,structure5,SL,-1.0,4,2022
2022-05-16 16:00:00,atr10,structure5,SL,-1.0,5,2022
2022-07-25 20:00:00,atr10,structure5,SL,-1.0,6,2022
2022-08-11 08:00:00,atr10,structure5,SL,-1.0,2,2022
2022-12-02 20:00:00,atr10,structure5,SL,-1.0,3,2022
2022-12-14 04:00:00,atr10,structure5,SL,-1.0,7,2022
2023-01-17 08:00:00,atr10,structure5,SL,-1.0,4,2023
2023-07-07 00:00:00,atr10,structure5,TIME,-11.235174579715816,20,2023
2023-09-01 08:00:00,atr10,structure5,SL,-1.0,1,2023
2023-12-11 20:00:00,atr10,structure5,TIME,-5.534283774609582,20,2023
2024-03-01 12:00:00,atr10,structure5,STRUCT5,0.705744431418487,6,2024
2024-06-06 00:00:00,atr10,structure5,SL,-1.0,1,2024
2024-07-07 20:00:00,atr10,structure5,SL,-1.0,3,2024
2024-07-25 20:00:00,atr10,structure5,SL,-1.0,3,2024
2024-08-01 16:00:00,atr10,structure5,TIME,-3.8649552959245153,20,2024
2024-10-31 16:00:00,atr10,structure5,SL,-1.0,3,2024
2024-11-28 16:00:00,atr10,structure5,TIME,-3.4036946130991232,20,2024
2025-02-18 08:00:00,atr10,structure5,SL,-1.0,4,2025
2025-04-01 04:00:00,atr10,structure5,SL,-1.0,9,2025
2025-04-13 20:00:00,atr10,structure5,TIME,-0.8087810514153709,20,2025
2025-04-23 04:00:00,atr10,structure5,SL,-1.0,2,2025
2025-06-25 16:00:00,atr10,structure5,TIME,-1.1323395981853066,20,2025
2025-10-03 08:00:00,atr10,structure5,SL,-1.0,4,2025
2026-04-01 08:00:00,atr10,structure5,SL,-1.0,2,2026
2021-04-06 16:00:00,atr10,structure10,TIME,-0.3870967741935602,20,2021
2021-04-14 12:00:00,atr10,structure10,TIME,-3.1462544589775376,20,2021
2021-05-10 12:00:00,atr10,structure10,SL,-1.0,3,2021
2021-07-28 16:00:00,atr10,structure10,TIME,-2.6823909531501853,20,2021
2022-01-21 12:00:00,atr10,structure10,SL,-1.0,4,2022
2022-05-16 16:00:00,atr10,structure10,SL,-1.0,5,2022
2022-07-25 20:00:00,atr10,structure10,SL,-1.0,6,2022
2022-08-11 08:00:00,atr10,structure10,SL,-1.0,2,2022
2022-12-02 20:00:00,atr10,structure10,SL,-1.0,3,2022
2022-12-14 04:00:00,atr10,structure10,SL,-1.0,7,2022
2023-01-17 08:00:00,atr10,structure10,SL,-1.0,4,2023
2023-07-07 00:00:00,atr10,structure10,TIME,-11.235174579715816,20,2023
2023-09-01 08:00:00,atr10,structure10,SL,-1.0,1,2023
2023-12-11 20:00:00,atr10,structure10,TIME,-5.534283774609582,20,2023
2024-03-01 12:00:00,atr10,structure10,SL,-1.0,7,2024
2024-06-06 00:00:00,atr10,structure10,SL,-1.0,1,2024
2024-07-07 20:00:00,atr10,structure10,SL,-1.0,3,2024
2024-07-25 20:00:00,atr10,structure10,SL,-1.0,3,2024
2024-08-01 16:00:00,atr10,structure10,TIME,-3.8649552959245153,20,2024
2024-10-31 16:00:00,atr10,structure10,SL,-1.0,3,2024
2024-11-28 16:00:00,atr10,structure10,TIME,-3.4036946130991232,20,2024
2025-02-18 08:00:00,atr10,structure10,SL,-1.0,4,2025
2025-04-01 04:00:00,atr10,structure10,SL,-1.0,9,2025
2025-04-13 20:00:00,atr10,structure10,TIME,-0.8087810514153709,20,2025
2025-04-23 04:00:00,atr10,structure10,SL,-1.0,2,2025
2025-06-25 16:00:00,atr10,structure10,TIME,-1.1323395981853066,20,2025
2025-10-03 08:00:00,atr10,structure10,SL,-1.0,4,2025
2026-04-01 08:00:00,atr10,structure10,SL,-1.0,2,2026
2021-04-06 16:00:00,atr10,bear_momentum,2UP,0.09032258064510293,4,2021
2021-04-14 12:00:00,atr10,bear_momentum,2UP,-0.38703923900121956,9,2021
2021-05-10 12:00:00,atr10,bear_momentum,2UP,0.5371428571428717,2,2021
2021-07-28 16:00:00,atr10,bear_momentum,2UP,-1.5289176090467804,9,2021
2022-01-21 12:00:00,atr10,bear_momentum,SL,-1.0,4,2022
2022-05-16 16:00:00,atr10,bear_momentum,2UP,0.5662876061609011,3,2022
2022-07-25 20:00:00,atr10,bear_momentum,2UP,0.45984716449926394,2,2022
2022-08-11 08:00:00,atr10,bear_momentum,SL,-1.0,2,2022
2022-12-02 20:00:00,atr10,bear_momentum,SL,-1.0,3,2022
2022-12-14 04:00:00,atr10,bear_momentum,2UP,0.5875829074698131,6,2022
2023-01-17 08:00:00,atr10,bear_momentum,SL,-1.0,4,2023
2023-07-07 00:00:00,atr10,bear_momentum,2UP,-2.9562165157953966,7,2023
2023-09-01 08:00:00,atr10,bear_momentum,SL,-1.0,1,2023
2023-12-11 20:00:00,atr10,bear_momentum,2UP,-0.32179226069245437,8,2023
2024-03-01 12:00:00,atr10,bear_momentum,2UP,0.08909730363419018,4,2024
2024-06-06 00:00:00,atr10,bear_momentum,SL,-1.0,1,2024
2024-07-07 20:00:00,atr10,bear_momentum,SL,-1.0,3,2024
2024-07-25 20:00:00,atr10,bear_momentum,2UP,0.25388902753516834,2,2024
2024-08-01 16:00:00,atr10,bear_momentum,TIME,-3.8649552959245153,20,2024
2024-10-31 16:00:00,atr10,bear_momentum,2UP,0.8229280759401013,2,2024
2024-11-28 16:00:00,atr10,bear_momentum,2UP,-2.380054256556027,5,2024
2025-02-18 08:00:00,atr10,bear_momentum,SL,-1.0,4,2025
2025-04-01 04:00:00,atr10,bear_momentum,2UP,-0.001871157444489279,3,2025
2025-04-13 20:00:00,atr10,bear_momentum,2UP,-0.4549393414211282,3,2025
2025-04-23 04:00:00,atr10,bear_momentum,SL,-1.0,2,2025
2025-06-25 16:00:00,atr10,bear_momentum,2UP,-1.025275437459456,7,2025
2025-10-03 08:00:00,atr10,bear_momentum,2UP,0.4114957544089009,2,2025
2026-04-01 08:00:00,atr10,bear_momentum,SL,-1.0,2,2026
2021-04-06 16:00:00,atr10,range_reentry,TIME,-0.3870967741935602,20,2021
2021-04-14 12:00:00,atr10,range_reentry,TIME,-3.1462544589775376,20,2021
2021-05-10 12:00:00,atr10,range_reentry,SL,-1.0,3,2021
2021-07-28 16:00:00,atr10,range_reentry,TIME,-2.6823909531501853,20,2021
2022-01-21 12:00:00,atr10,range_reentry,SL,-1.0,4,2022
2022-05-16 16:00:00,atr10,range_reentry,SL,-1.0,5,2022
2022-07-25 20:00:00,atr10,range_reentry,REENTRY,0.7789247888457159,5,2022
2022-08-11 08:00:00,atr10,range_reentry,SL,-1.0,2,2022
2022-12-02 20:00:00,atr10,range_reentry,SL,-1.0,3,2022
2022-12-14 04:00:00,atr10,range_reentry,REENTRY,0.5875829074698131,6,2022
2023-01-17 08:00:00,atr10,range_reentry,SL,-1.0,4,2023
2023-07-07 00:00:00,atr10,range_reentry,TIME,-11.235174579715816,20,2023
2023-09-01 08:00:00,atr10,range_reentry,SL,-1.0,1,2023
2023-12-11 20:00:00,atr10,range_reentry,REENTRY,-0.6150712830957216,1,2023
2024-03-01 12:00:00,atr10,range_reentry,REENTRY,-0.016412661195791163,1,2024
2024-06-06 00:00:00,atr10,range_reentry,SL,-1.0,1,2024
2024-07-07 20:00:00,atr10,range_reentry,REENTRY,0.7200158856234639,2,2024
2024-07-25 20:00:00,atr10,range_reentry,SL,-1.0,3,2024
2024-08-01 16:00:00,atr10,range_reentry,TIME,-3.8649552959245153,20,2024
2024-10-31 16:00:00,atr10,range_reentry,REENTRY,0.8229280759401013,2,2024
2024-11-28 16:00:00,atr10,range_reentry,TIME,-3.4036946130991232,20,2024
2025-02-18 08:00:00,atr10,range_reentry,REENTRY,-0.31310679611654657,1,2025
2025-04-01 04:00:00,atr10,range_reentry,REENTRY,0.24886394012297725,4,2025
2025-04-13 20:00:00,atr10,range_reentry,TIME,-0.8087810514153709,20,2025
2025-04-23 04:00:00,atr10,range_reentry,REENTRY,-0.29255725190843446,1,2025
2025-06-25 16:00:00,atr10,range_reentry,TIME,-1.1323395981853066,20,2025
2025-10-03 08:00:00,atr10,range_reentry,SL,-1.0,4,2025
2026-04-01 08:00:00,atr10,range_reentry,SL,-1.0,2,2026
2021-04-06 16:00:00,retest,swing3,SWING3,-0.5252525252525504,15,2021
2021-04-14 12:00:00,retest,swing3,TIME,-5.558823529411943,20,2021
2021-05-10 12:00:00,retest,swing3,SWING3,0.4074074074074104,9,2021
2021-07-28 16:00:00,retest,swing3,SWING3,-1.9903846153845695,10,2021
2022-01-21 12:00:00,retest,swing3,SWING3,0.5315068493150831,4,2022
2022-05-16 16:00:00,retest,swing3,SL,-1.0,4,2022
2022-07-25 20:00:00,retest,swing3,SL,-1.0,3,2022
2022-08-11 08:00:00,retest,swing3,SL,-1.0,2,2022
2022-12-02 20:00:00,retest,swing3,SWING3,0.5883040935672489,4,2022
2022-12-14 04:00:00,retest,swing3,SL,-1.0,3,2022
2023-01-17 08:00:00,retest,swing3,SL,-1.0,1,2023
2023-07-07 00:00:00,retest,swing3,SWING3,-5.102678571428813,7,2023
2023-09-01 08:00:00,retest,swing3,SL,-1.0,1,2023
2023-12-11 20:00:00,retest,swing3,INVALID,,0,2023
2024-03-01 12:00:00,retest,swing3,SL,-1.0,1,2024
2024-06-06 00:00:00,retest,swing3,SL,-1.0,1,2024
2024-07-07 20:00:00,retest,swing3,SWING3,0.5962373371924814,7,2024
2024-07-25 20:00:00,retest,swing3,SL,-1.0,3,2024
2024-08-01 16:00:00,retest,swing3,SWING3,-4.678823529411611,14,2024
2024-10-31 16:00:00,retest,swing3,SWING3,0.6660698299015275,4,2024
2024-11-28 16:00:00,retest,swing3,TIME,-4.15452538631345,20,2024
2025-02-18 08:00:00,retest,swing3,INVALID,,0,2025
2025-04-01 04:00:00,retest,swing3,SWING3,0.3643835616438533,4,2025
2025-04-13 20:00:00,retest,swing3,SWING3,-1.5748031496062913,20,2025
2025-04-23 04:00:00,retest,swing3,INVALID,,0,2025
2025-06-25 16:00:00,retest,swing3,INVALID,,0,2025
2025-10-03 08:00:00,retest,swing3,SL,-1.0,4,2025
2026-04-01 08:00:00,retest,swing3,SL,-1.0,4,2026
2021-04-06 16:00:00,retest,ema20,EMA20,-0.1632996632996791,16,2021
2021-04-14 12:00:00,retest,ema20,TIME,-5.558823529411943,20,2021
2021-05-10 12:00:00,retest,ema20,EMA20,0.6581196581196848,4,2021
2021-07-28 16:00:00,retest,ema20,TIME,-5.701923076923155,20,2021
2022-01-21 12:00:00,retest,ema20,SL,-1.0,9,2022
2022-05-16 16:00:00,retest,ema20,EMA20,0.5846153846153543,2,2022
2022-07-25 20:00:00,retest,ema20,SL,-1.0,3,2022
2022-08-11 08:00:00,retest,ema20,SL,-1.0,2,2022
2022-12-02 20:00:00,retest,ema20,SL,-1.0,5,2022
2022-12-14 04:00:00,retest,ema20,SL,-1.0,3,2022
2023-01-17 08:00:00,retest,ema20,SL,-1.0,1,2023
2023-07-07 00:00:00,retest,ema20,TIME,-19.392857142858023,20,2023
2023-09-01 08:00:00,retest,ema20,SL,-1.0,1,2023
2023-12-11 20:00:00,retest,ema20,INVALID,,0,2023
2024-03-01 12:00:00,retest,ema20,SL,-1.0,1,2024
2024-06-06 00:00:00,retest,ema20,SL,-1.0,1,2024
2024-07-07 20:00:00,retest,ema20,EMA20,0.5412445730824803,3,2024
2024-07-25 20:00:00,retest,ema20,SL,-1.0,3,2024
2024-08-01 16:00:00,retest,ema20,TIME,-5.921176470588062,20,2024
2024-10-31 16:00:00,retest,ema20,SL,-1.0,5,2024
2024-11-28 16:00:00,retest,ema20,TIME,-4.15452538631345,20,2024
2025-02-18 08:00:00,retest,ema20,INVALID,,0,2025
2025-04-01 04:00:00,retest,ema20,SL,-1.0,6,2025
2025-04-13 20:00:00,retest,ema20,TIME,-1.5748031496062913,20,2025
2025-04-23 04:00:00,retest,ema20,INVALID,,0,2025
2025-06-25 16:00:00,retest,ema20,INVALID,,0,2025
2025-10-03 08:00:00,retest,ema20,SL,-1.0,4,2025
2026-04-01 08:00:00,retest,ema20,SL,-1.0,4,2026
2021-04-06 16:00:00,retest,structure5,STRUCT5,-0.1632996632996791,16,2021
2021-04-14 12:00:00,retest,structure5,TIME,-5.558823529411943,20,2021
2021-05-10 12:00:00,retest,structure5,SL,-1.0,12,2021
2021-07-28 16:00:00,retest,structure5,STRUCT5,-1.375000000000017,11,2021
2022-01-21 12:00:00,retest,structure5,SL,-1.0,9,2022
2022-05-16 16:00:00,retest,structure5,SL,-1.0,4,2022
2022-07-25 20:00:00,retest,structure5,SL,-1.0,3,2022
2022-08-11 08:00:00,retest,structure5,SL,-1.0,2,2022
2022-12-02 20:00:00,retest,structure5,SL,-1.0,5,2022
2022-12-14 04:00:00,retest,structure5,SL,-1.0,3,2022
2023-01-17 08:00:00,retest,structure5,SL,-1.0,1,2023
2023-07-07 00:00:00,retest,structure5,TIME,-19.392857142858023,20,2023
2023-09-01 08:00:00,retest,structure5,SL,-1.0,1,2023
2023-12-11 20:00:00,retest,structure5,INVALID,,0,2023
2024-03-01 12:00:00,retest,structure5,SL,-1.0,1,2024
2024-06-06 00:00:00,retest,structure5,SL,-1.0,1,2024
2024-07-07 20:00:00,retest,structure5,SL,-1.0,10,2024
2024-07-25 20:00:00,retest,structure5,SL,-1.0,3,2024
2024-08-01 16:00:00,retest,structure5,TIME,-5.921176470588062,20,2024
2024-10-31 16:00:00,retest,structure5,SL,-1.0,5,2024
2024-11-28 16:00:00,retest,structure5,TIME,-4.15452538631345,20,2024
2025-02-18 08:00:00,retest,structure5,INVALID,,0,2025
2025-04-01 04:00:00,retest,structure5,SL,-1.0,6,2025
2025-04-13 20:00:00,retest,structure5,TIME,-1.5748031496062913,20,2025
2025-04-23 04:00:00,retest,structure5,INVALID,,0,2025
2025-06-25 16:00:00,retest,structure5,INVALID,,0,2025
2025-10-03 08:00:00,retest,structure5,SL,-1.0,4,2025
2026-04-01 08:00:00,retest,structure5,SL,-1.0,4,2026
2021-04-06 16:00:00,retest,structure10,TIME,-0.15151515151515876,20,2021
2021-04-14 12:00:00,retest,structure10,TIME,-5.558823529411943,20,2021
2021-05-10 12:00:00,retest,structure10,SL,-1.0,12,2021
2021-07-28 16:00:00,retest,structure10,TIME,-5.701923076923155,20,2021
2022-01-21 12:00:00,retest,structure10,SL,-1.0,9,2022
2022-05-16 16:00:00,retest,structure10,SL,-1.0,4,2022
2022-07-25 20:00:00,retest,structure10,SL,-1.0,3,2022
2022-08-11 08:00:00,retest,structure10,SL,-1.0,2,2022
2022-12-02 20:00:00,retest,structure10,SL,-1.0,5,2022
2022-12-14 04:00:00,retest,structure10,SL,-1.0,3,2022
2023-01-17 08:00:00,retest,structure10,SL,-1.0,1,2023
2023-07-07 00:00:00,retest,structure10,TIME,-19.392857142858023,20,2023
2023-09-01 08:00:00,retest,structure10,SL,-1.0,1,2023
2023-12-11 20:00:00,retest,structure10,INVALID,,0,2023
2024-03-01 12:00:00,retest,structure10,SL,-1.0,1,2024
2024-06-06 00:00:00,retest,structure10,SL,-1.0,1,2024
2024-07-07 20:00:00,retest,structure10,SL,-1.0,10,2024
2024-07-25 20:00:00,retest,structure10,SL,-1.0,3,2024
2024-08-01 16:00:00,retest,structure10,TIME,-5.921176470588062,20,2024
2024-10-31 16:00:00,retest,structure10,SL,-1.0,5,2024
2024-11-28 16:00:00,retest,structure10,TIME,-4.15452538631345,20,2024
2025-02-18 08:00:00,retest,structure10,INVALID,,0,2025
2025-04-01 04:00:00,retest,structure10,SL,-1.0,6,2025
2025-04-13 20:00:00,retest,structure10,TIME,-1.5748031496062913,20,2025
2025-04-23 04:00:00,retest,structure10,INVALID,,0,2025
2025-06-25 16:00:00,retest,structure10,INVALID,,0,2025
2025-10-03 08:00:00,retest,structure10,SL,-1.0,4,2025
2026-04-01 08:00:00,retest,structure10,SL,-1.0,4,2026
2021-04-06 16:00:00,retest,bear_momentum,2UP,0.03535353535351312,4,2021
2021-04-14 12:00:00,retest,bear_momentum,2UP,-0.6838235294118123,9,2021
2021-05-10 12:00:00,retest,bear_momentum,2UP,0.401709401709418,2,2021
2021-07-28 16:00:00,retest,bear_momentum,2UP,-3.249999999999966,9,2021
2022-01-21 12:00:00,retest,bear_momentum,2UP,0.5315068493150831,4,2022
2022-05-16 16:00:00,retest,bear_momentum,2UP,0.720512820512788,3,2022
2022-07-25 20:00:00,retest,bear_momentum,2UP,0.6447368421052346,2,2022
2022-08-11 08:00:00,retest,bear_momentum,SL,-1.0,2,2022
2022-12-02 20:00:00,retest,bear_momentum,2UP,0.5883040935672489,4,2022
2022-12-14 04:00:00,retest,bear_momentum,SL,-1.0,3,2022
2023-01-17 08:00:00,retest,bear_momentum,SL,-1.0,1,2023
2023-07-07 00:00:00,retest,bear_momentum,2UP,-5.102678571428813,7,2023
2023-09-01 08:00:00,retest,bear_momentum,SL,-1.0,1,2023
2023-12-11 20:00:00,retest,bear_momentum,INVALID,,0,2023
2024-03-01 12:00:00,retest,bear_momentum,SL,-1.0,1,2024
2024-06-06 00:00:00,retest,bear_momentum,SL,-1.0,1,2024
2024-07-07 20:00:00,retest,bear_momentum,2UP,0.5412445730824803,3,2024
2024-07-25 20:00:00,retest,bear_momentum,2UP,0.4421906693712117,2,2024
2024-08-01 16:00:00,retest,bear_momentum,TIME,-5.921176470588062,20,2024
2024-10-31 16:00:00,retest,bear_momentum,2UP,0.432408236347341,2,2024
2024-11-28 16:00:00,retest,bear_momentum,2UP,-2.905077262693143,5,2024
2025-02-18 08:00:00,retest,bear_momentum,INVALID,,0,2025
2025-04-01 04:00:00,retest,bear_momentum,2UP,-0.002739726027332406,3,2025
2025-04-13 20:00:00,retest,bear_momentum,2UP,-0.8858267716535039,3,2025
2025-04-23 04:00:00,retest,bear_momentum,INVALID,,0,2025
2025-06-25 16:00:00,retest,bear_momentum,INVALID,,0,2025
2025-10-03 08:00:00,retest,bear_momentum,2UP,0.36960985626285164,2,2025
2026-04-01 08:00:00,retest,bear_momentum,2UP,0.8255639097744559,2,2026
2021-04-06 16:00:00,retest,range_reentry,TIME,-0.15151515151515876,20,2021
2021-04-14 12:00:00,retest,range_reentry,TIME,-5.558823529411943,20,2021
2021-05-10 12:00:00,retest,range_reentry,REENTRY,0.6581196581196848,4,2021
2021-07-28 16:00:00,retest,range_reentry,TIME,-5.701923076923155,20,2021
2022-01-21 12:00:00,retest,range_reentry,REENTRY,0.5315068493150831,4,2022
2022-05-16 16:00:00,retest,range_reentry,SL,-1.0,4,2022
2022-07-25 20:00:00,retest,range_reentry,SL,-1.0,3,2022
2022-08-11 08:00:00,retest,range_reentry,SL,-1.0,2,2022
2022-12-02 20:00:00,retest,range_reentry,SL,-1.0,5,2022
2022-12-14 04:00:00,retest,range_reentry,SL,-1.0,3,2022
2023-01-17 08:00:00,retest,range_reentry,SL,-1.0,1,2023
2023-07-07 00:00:00,retest,range_reentry,TIME,-19.392857142858023,20,2023
2023-09-01 08:00:00,retest,range_reentry,SL,-1.0,1,2023
2023-12-11 20:00:00,retest,range_reentry,INVALID,,0,2023
2024-03-01 12:00:00,retest,range_reentry,SL,-1.0,1,2024
2024-06-06 00:00:00,retest,range_reentry,SL,-1.0,1,2024
2024-07-07 20:00:00,retest,range_reentry,REENTRY,0.3748191027496168,2,2024
2024-07-25 20:00:00,retest,range_reentry,SL,-1.0,3,2024
2024-08-01 16:00:00,retest,range_reentry,TIME,-5.921176470588062,20,2024
2024-10-31 16:00:00,retest,range_reentry,REENTRY,0.432408236347341,2,2024
2024-11-28 16:00:00,retest,range_reentry,TIME,-4.15452538631345,20,2024
2025-02-18 08:00:00,retest,range_reentry,INVALID,,0,2025
2025-04-01 04:00:00,retest,range_reentry,REENTRY,0.3643835616438533,4,2025
2025-04-13 20:00:00,retest,range_reentry,TIME,-1.5748031496062913,20,2025
2025-04-23 04:00:00,retest,range_reentry,INVALID,,0,2025
2025-06-25 16:00:00,retest,range_reentry,INVALID,,0,2025
2025-10-03 08:00:00,retest,range_reentry,SL,-1.0,4,2025
2026-04-01 08:00:00,retest,range_reentry,SL,-1.0,4,2026
2021-04-06 16:00:00,struct5,swing3,SWING3,-0.4216216216216405,15,2021
2021-04-14 12:00:00,struct5,swing3,TIME,-2.536912751677838,20,2021
2021-05-10 12:00:00,struct5,swing3,SWING3,0.4074074074074104,9,2021
2021-07-28 16:00:00,struct5,swing3,SWING3,-0.5718232044198802,10,2021
2022-01-21 12:00:00,struct5,swing3,SWING3,0.3439716312056827,4,2022
2022-05-16 16:00:00,struct5,swing3,SL,-1.0,5,2022
2022-07-25 20:00:00,struct5,swing3,SL,-1.0,3,2022
2022-08-11 08:00:00,struct5,swing3,SWING3,0.3355555555555486,4,2022
2022-12-02 20:00:00,struct5,swing3,SWING3,0.5883040935672489,4,2022
2022-12-14 04:00:00,struct5,swing3,SWING3,0.44416135881103896,7,2022
2023-01-17 08:00:00,struct5,swing3,SL,-1.0,4,2023
2023-07-07 00:00:00,struct5,swing3,SWING3,-1.5466847090662976,7,2023
2023-09-01 08:00:00,struct5,swing3,SL,-1.0,2,2023
2023-12-11 20:00:00,struct5,swing3,SWING3,-0.43970315398886894,8,2023
2024-03-01 12:00:00,struct5,swing3,SWING3,0.3303730017761679,5,2024
2024-06-06 00:00:00,struct5,swing3,SL,-1.0,9,2024
2024-07-07 20:00:00,struct5,swing3,SWING3,0.5962373371924814,7,2024
2024-07-25 20:00:00,struct5,swing3,SL,-1.0,3,2024
2024-08-01 16:00:00,struct5,swing3,SWING3,-3.554066130473616,14,2024
2024-10-31 16:00:00,struct5,swing3,SWING3,0.4428571428571484,4,2024
2024-11-28 16:00:00,struct5,swing3,TIME,-4.15452538631345,20,2024
2025-02-18 08:00:00,struct5,swing3,SL,-1.0,4,2025
2025-04-01 04:00:00,struct5,swing3,SWING3,0.2055641421947538,4,2025
2025-04-13 20:00:00,struct5,swing3,SWING3,-1.5748031496062913,20,2025
2025-04-23 04:00:00,struct5,swing3,SL,-1.0,3,2025
2025-06-25 16:00:00,struct5,swing3,SWING3,-0.7946554149085621,7,2025
2025-10-03 08:00:00,struct5,swing3,SL,-1.0,4,2025
2026-04-01 08:00:00,struct5,swing3,SWING3,0.8377049180327806,4,2026
2021-04-06 16:00:00,struct5,ema20,EMA20,-0.13108108108109334,16,2021
2021-04-14 12:00:00,struct5,ema20,TIME,-2.536912751677838,20,2021
2021-05-10 12:00:00,struct5,ema20,EMA20,0.6581196581196848,4,2021
2021-07-28 16:00:00,struct5,ema20,TIME,-1.6381215469613595,20,2021
2022-01-21 12:00:00,struct5,ema20,EMA20,0.6134751773049787,9,2022
2022-05-16 16:00:00,struct5,ema20,EMA20,0.4301886792452448,2,2022
2022-07-25 20:00:00,struct5,ema20,SL,-1.0,3,2022
2022-08-11 08:00:00,struct5,ema20,EMA20,0.536666666666663,6,2022
2022-12-02 20:00:00,struct5,ema20,SL,-1.0,5,2022
2022-12-14 04:00:00,struct5,ema20,EMA20,0.44416135881103896,7,2022
2023-01-17 08:00:00,struct5,ema20,SL,-1.0,4,2023
2023-07-07 00:00:00,struct5,ema20,TIME,-5.878213802435681,20,2023
2023-09-01 08:00:00,struct5,ema20,SL,-1.0,2,2023
2023-12-11 20:00:00,struct5,ema20,EMA20,-0.7476808905380882,4,2023
2024-03-01 12:00:00,struct5,ema20,EMA20,0.3303730017761679,5,2024
2024-06-06 00:00:00,struct5,ema20,SL,-1.0,9,2024
2024-07-07 20:00:00,struct5,ema20,EMA20,0.5412445730824803,3,2024
2024-07-25 20:00:00,struct5,ema20,SL,-1.0,3,2024
2024-08-01 16:00:00,struct5,ema20,TIME,-4.497765862377112,20,2024
2024-10-31 16:00:00,struct5,ema20,EMA20,0.6017857142857195,5,2024
2024-11-28 16:00:00,struct5,ema20,TIME,-4.15452538631345,20,2024
2025-02-18 08:00:00,struct5,ema20,SL,-1.0,4,2025
2025-04-01 04:00:00,struct5,ema20,EMA20,0.5734157650695486,8,2025
2025-04-13 20:00:00,struct5,ema20,TIME,-1.5748031496062913,20,2025
2025-04-23 04:00:00,struct5,ema20,SL,-1.0,3,2025
2025-06-25 16:00:00,struct5,ema20,TIME,-0.8776371308016653,20,2025
2025-10-03 08:00:00,struct5,ema20,SL,-1.0,4,2025
2026-04-01 08:00:00,struct5,ema20,EMA20,0.8377049180327806,4,2026
2021-04-06 16:00:00,struct5,structure5,STRUCT5,-0.13108108108109334,16,2021
2021-04-14 12:00:00,struct5,structure5,TIME,-2.536912751677838,20,2021
2021-05-10 12:00:00,struct5,structure5,SL,-1.0,12,2021
2021-07-28 16:00:00,struct5,structure5,STRUCT5,-0.39502762430939986,11,2021
2022-01-21 12:00:00,struct5,structure5,STRUCT5,0.6134751773049787,9,2022
2022-05-16 16:00:00,struct5,structure5,SL,-1.0,5,2022
2022-07-25 20:00:00,struct5,structure5,SL,-1.0,3,2022
2022-08-11 08:00:00,struct5,structure5,STRUCT5,0.536666666666663,6,2022
2022-12-02 20:00:00,struct5,structure5,SL,-1.0,5,2022
2022-12-14 04:00:00,struct5,structure5,STRUCT5,0.44416135881103896,7,2022
2023-01-17 08:00:00,struct5,structure5,SL,-1.0,4,2023
2023-07-07 00:00:00,struct5,structure5,TIME,-5.878213802435681,20,2023
2023-09-01 08:00:00,struct5,structure5,SL,-1.0,2,2023
2023-12-11 20:00:00,struct5,structure5,TIME,-7.562152133580871,20,2023
2024-03-01 12:00:00,struct5,structure5,STRUCT5,0.5346358792184619,6,2024
2024-06-06 00:00:00,struct5,structure5,SL,-1.0,9,2024
2024-07-07 20:00:00,struct5,structure5,SL,-1.0,10,2024
2024-07-25 20:00:00,struct5,structure5,SL,-1.0,3,2024
2024-08-01 16:00:00,struct5,structure5,TIME,-4.497765862377112,20,2024
2024-10-31 16:00:00,struct5,structure5,STRUCT5,0.2678571428571395,15,2024
2024-11-28 16:00:00,struct5,structure5,TIME,-4.15452538631345,20,2024
2025-02-18 08:00:00,struct5,structure5,SL,-1.0,4,2025
2025-04-01 04:00:00,struct5,structure5,SL,-1.0,10,2025
2025-04-13 20:00:00,struct5,structure5,TIME,-1.5748031496062913,20,2025
2025-04-23 04:00:00,struct5,structure5,SL,-1.0,3,2025
2025-06-25 16:00:00,struct5,structure5,TIME,-0.8776371308016653,20,2025
2025-10-03 08:00:00,struct5,structure5,SL,-1.0,4,2025
2026-04-01 08:00:00,struct5,structure5,SL,-1.0,5,2026
2021-04-06 16:00:00,struct5,structure10,TIME,-0.12162162162162707,20,2021
2021-04-14 12:00:00,struct5,structure10,TIME,-2.536912751677838,20,2021
2021-05-10 12:00:00,struct5,structure10,SL,-1.0,12,2021
2021-07-28 16:00:00,struct5,structure10,TIME,-1.6381215469613595,20,2021
2022-01-21 12:00:00,struct5,structure10,SL,-1.0,18,2022
2022-05-16 16:00:00,struct5,structure10,SL,-1.0,5,2022
2022-07-25 20:00:00,struct5,structure10,SL,-1.0,3,2022
2022-08-11 08:00:00,struct5,structure10,STRUCT10,0.4792592592592549,18,2022
2022-12-02 20:00:00,struct5,structure10,SL,-1.0,5,2022
2022-12-14 04:00:00,struct5,structure10,SL,-1.0,9,2022
2023-01-17 08:00:00,struct5,structure10,SL,-1.0,4,2023
2023-07-07 00:00:00,struct5,structure10,TIME,-5.878213802435681,20,2023
2023-09-01 08:00:00,struct5,structure10,SL,-1.0,2,2023
2023-12-11 20:00:00,struct5,structure10,TIME,-7.562152133580871,20,2023
2024-03-01 12:00:00,struct5,structure10,TIME,-1.381882770870402,20,2024
2024-06-06 00:00:00,struct5,structure10,SL,-1.0,9,2024
2024-07-07 20:00:00,struct5,structure10,SL,-1.0,10,2024
2024-07-25 20:00:00,struct5,structure10,SL,-1.0,3,2024
2024-08-01 16:00:00,struct5,structure10,TIME,-4.497765862377112,20,2024
2024-10-31 16:00:00,struct5,structure10,TIME,-0.29226190476191677,20,2024
2024-11-28 16:00:00,struct5,structure10,TIME,-4.15452538631345,20,2024
2025-02-18 08:00:00,struct5,structure10,SL,-1.0,4,2025
2025-04-01 04:00:00,struct5,structure10,SL,-1.0,10,2025
2025-04-13 20:00:00,struct5,structure10,TIME,-1.5748031496062913,20,2025
2025-04-23 04:00:00,struct5,structure10,SL,-1.0,3,2025
2025-06-25 16:00:00,struct5,structure10,TIME,-0.8776371308016653,20,2025
2025-10-03 08:00:00,struct5,structure10,SL,-1.0,4,2025
2026-04-01 08:00:00,struct5,structure10,SL,-1.0,5,2026
2021-04-06 16:00:00,struct5,bear_momentum,2UP,0.028378378378360446,4,2021
2021-04-14 12:00:00,struct5,bear_momentum,2UP,-0.3120805369127616,9,2021
2021-05-10 12:00:00,struct5,bear_momentum,2UP,0.401709401709418,2,2021
2021-07-28 16:00:00,struct5,bear_momentum,2UP,-0.93370165745856,9,2021
2022-01-21 12:00:00,struct5,bear_momentum,2UP,0.3439716312056827,4,2022
2022-05-16 16:00:00,struct5,bear_momentum,2UP,0.5301886792452394,3,2022
2022-07-25 20:00:00,struct5,bear_momentum,2UP,0.6447368421052346,2,2022
2022-08-11 08:00:00,struct5,bear_momentum,2UP,0.27370370370369596,2,2022
2022-12-02 20:00:00,struct5,bear_momentum,2UP,0.5883040935672489,4,2022
2022-12-14 04:00:00,struct5,bear_momentum,2UP,0.16390658174097553,6,2022
2023-01-17 08:00:00,struct5,bear_momentum,SL,-1.0,4,2023
2023-07-07 00:00:00,struct5,bear_momentum,2UP,-1.5466847090662976,7,2023
2023-09-01 08:00:00,struct5,bear_momentum,SL,-1.0,2,2023
2023-12-11 20:00:00,struct5,bear_momentum,2UP,-0.43970315398886894,8,2023
2024-03-01 12:00:00,struct5,bear_momentum,2UP,0.06749555950263463,4,2024
2024-06-06 00:00:00,struct5,bear_momentum,2UP,0.19978165938866388,6,2024
2024-07-07 20:00:00,struct5,bear_momentum,2UP,0.5412445730824803,3,2024
2024-07-25 20:00:00,struct5,bear_momentum,2UP,0.352750809061504,2,2024
2024-08-01 16:00:00,struct5,bear_momentum,TIME,-4.497765862377112,20,2024
2024-10-31 16:00:00,struct5,bear_momentum,2UP,0.2874999999999892,2,2024
2024-11-28 16:00:00,struct5,bear_momentum,2UP,-2.905077262693143,5,2024
2025-02-18 08:00:00,struct5,bear_momentum,SL,-1.0,4,2025
2025-04-01 04:00:00,struct5,bear_momentum,2UP,-0.0015455950540592311,3,2025
2025-04-13 20:00:00,struct5,bear_momentum,2UP,-0.8858267716535039,3,2025
2025-04-23 04:00:00,struct5,bear_momentum,SL,-1.0,3,2025
2025-06-25 16:00:00,struct5,bear_momentum,2UP,-0.7946554149085621,7,2025
2025-10-03 08:00:00,struct5,bear_momentum,2UP,0.3358208955223999,2,2025
2026-04-01 08:00:00,struct5,bear_momentum,2UP,0.45000000000000584,2,2026
2021-04-06 16:00:00,struct5,range_reentry,TIME,-0.12162162162162707,20,2021
2021-04-14 12:00:00,struct5,range_reentry,TIME,-2.536912751677838,20,2021
2021-05-10 12:00:00,struct5,range_reentry,REENTRY,0.6581196581196848,4,2021
2021-07-28 16:00:00,struct5,range_reentry,TIME,-1.6381215469613595,20,2021
2022-01-21 12:00:00,struct5,range_reentry,REENTRY,0.3439716312056827,4,2022
2022-05-16 16:00:00,struct5,range_reentry,SL,-1.0,5,2022
2022-07-25 20:00:00,struct5,range_reentry,SL,-1.0,3,2022
2022-08-11 08:00:00,struct5,range_reentry,REENTRY,0.27370370370369596,2,2022
2022-12-02 20:00:00,struct5,range_reentry,SL,-1.0,5,2022
2022-12-14 04:00:00,struct5,range_reentry,REENTRY,0.16390658174097553,6,2022
2023-01-17 08:00:00,struct5,range_reentry,SL,-1.0,4,2023
2023-07-07 00:00:00,struct5,range_reentry,TIME,-5.878213802435681,20,2023
2023-09-01 08:00:00,struct5,range_reentry,REENTRY,0.9769769769769807,1,2023
2023-12-11 20:00:00,struct5,range_reentry,REENTRY,-0.8404452690167229,1,2023
2024-03-01 12:00:00,struct5,range_reentry,REENTRY,-0.012433392539973623,1,2024
2024-06-06 00:00:00,struct5,range_reentry,REENTRY,0.7751091703056642,1,2024
2024-07-07 20:00:00,struct5,range_reentry,REENTRY,0.3748191027496168,2,2024
2024-07-25 20:00:00,struct5,range_reentry,SL,-1.0,3,2024
2024-08-01 16:00:00,struct5,range_reentry,TIME,-4.497765862377112,20,2024
2024-10-31 16:00:00,struct5,range_reentry,REENTRY,0.2874999999999892,2,2024
2024-11-28 16:00:00,struct5,range_reentry,TIME,-4.15452538631345,20,2024
2025-02-18 08:00:00,struct5,range_reentry,REENTRY,-0.2951945080092082,1,2025
2025-04-01 04:00:00,struct5,range_reentry,REENTRY,0.2055641421947538,4,2025
2025-04-13 20:00:00,struct5,range_reentry,TIME,-1.5748031496062913,20,2025
2025-04-23 04:00:00,struct5,range_reentry,REENTRY,-0.16198224852072965,1,2025
2025-06-25 16:00:00,struct5,range_reentry,TIME,-0.8776371308016653,20,2025
2025-10-03 08:00:00,struct5,range_reentry,SL,-1.0,4,2025
2026-04-01 08:00:00,struct5,range_reentry,REENTRY,0.8377049180327806,4,2026
2021-04-06 16:00:00,struct10,swing3,SWING3,-0.3428571428571571,15,2021
2021-04-14 12:00:00,struct10,swing3,TIME,-0.9264705882352916,20,2021
2021-05-10 12:00:00,struct10,swing3,SWING3,0.24570446735394974,9,2021
2021-07-28 16:00:00,struct10,swing3,SWING3,-0.4442060085836831,10,2021
2022-01-21 12:00:00,struct10,swing3,SWING3,0.22070534698521221,4,2022
2022-05-16 16:00:00,struct10,swing3,SL,-1.0,5,2022
2022-07-25 20:00:00,struct10,swing3,SWING3,0.4105419450631197,6,2022
2022-08-11 08:00:00,struct10,swing3,SWING3,0.3094262295081893,4,2022
2022-12-02 20:00:00,struct10,swing3,SWING3,0.381060606060604,4,2022
2022-12-14 04:00:00,struct10,swing3,SWING3,0.419743178170143,7,2022
2023-01-17 08:00:00,struct10,swing3,SL,-1.0,4,2023
2023-07-07 00:00:00,struct10,swing3,SWING3,-1.4579081632653221,7,2023
2023-09-01 08:00:00,struct10,swing3,SL,-1.0,2,2023
2023-12-11 20:00:00,struct10,swing3,SWING3,-0.43970315398886894,8,2023
2024-03-01 12:00:00,struct10,swing3,SWING3,0.3089700996677512,5,2024
2024-06-06 00:00:00,struct10,swing3,SL,-1.0,9,2024
2024-07-07 20:00:00,struct10,swing3,SWING3,0.5442536327609028,7,2024
2024-07-25 20:00:00,struct10,swing3,SL,-1.0,15,2024
2024-08-01 16:00:00,struct10,swing3,SWING3,-0.9645888915837878,14,2024
2024-10-31 16:00:00,struct10,swing3,SWING3,0.4428571428571484,4,2024
2024-11-28 16:00:00,struct10,swing3,TIME,-1.2244632400780726,20,2024
2025-02-18 08:00:00,struct10,swing3,SWING3,-2.4187192118227596,16,2025
2025-04-01 04:00:00,struct10,swing3,SWING3,0.19645494830133778,4,2025
2025-04-13 20:00:00,struct10,swing3,SWING3,-0.292504570383918,20,2025
2025-04-23 04:00:00,struct10,swing3,SL,-1.0,3,2025
2025-06-25 16:00:00,struct10,swing3,SWING3,-0.7946554149085621,7,2025
2025-10-03 08:00:00,struct10,swing3,SL,-1.0,4,2025
2026-04-01 08:00:00,struct10,swing3,SWING3,0.6289230769230716,4,2026
2021-04-06 16:00:00,struct10,ema20,EMA20,-0.10659340659341623,16,2021
2021-04-14 12:00:00,struct10,ema20,TIME,-0.9264705882352916,20,2021
2021-05-10 12:00:00,struct10,ema20,EMA20,0.39690721649485505,4,2021
2021-07-28 16:00:00,struct10,ema20,TIME,-1.2725321888412258,20,2021
2022-01-21 12:00:00,struct10,ema20,EMA20,0.3936291240045526,9,2022
2022-05-16 16:00:00,struct10,ema20,EMA20,0.4301886792452448,2,2022
2022-07-25 20:00:00,struct10,ema20,EMA20,0.4105419450631197,6,2022
2022-08-11 08:00:00,struct10,ema20,EMA20,0.4948770491803228,6,2022
2022-12-02 20:00:00,struct10,ema20,EMA20,0.7761363636363617,5,2022
2022-12-14 04:00:00,struct10,ema20,EMA20,0.419743178170143,7,2022
2023-01-17 08:00:00,struct10,ema20,SL,-1.0,4,2023
2023-07-07 00:00:00,struct10,ema20,TIME,-5.5408163265306625,20,2023
2023-09-01 08:00:00,struct10,ema20,SL,-1.0,2,2023
2023-12-11 20:00:00,struct10,ema20,EMA20,-0.7476808905380882,4,2023
2024-03-01 12:00:00,struct10,ema20,EMA20,0.3089700996677512,5,2024
2024-06-06 00:00:00,struct10,ema20,SL,-1.0,9,2024
2024-07-07 20:00:00,struct10,ema20,EMA20,0.4940554821664369,3,2024
2024-07-25 20:00:00,struct10,ema20,EMA20,0.6720827178729808,3,2024
2024-08-01 16:00:00,struct10,ema20,TIME,-1.2207130730050846,20,2024
2024-10-31 16:00:00,struct10,ema20,EMA20,0.6017857142857195,5,2024
2024-11-28 16:00:00,struct10,ema20,TIME,-1.2244632400780726,20,2024
2025-02-18 08:00:00,struct10,ema20,TIME,-4.453201970443521,20,2025
2025-04-01 04:00:00,struct10,ema20,EMA20,0.5480059084194946,8,2025
2025-04-13 20:00:00,struct10,ema20,TIME,-0.292504570383918,20,2025
2025-04-23 04:00:00,struct10,ema20,SL,-1.0,3,2025
2025-06-25 16:00:00,struct10,ema20,TIME,-0.8776371308016653,20,2025
2025-10-03 08:00:00,struct10,ema20,SL,-1.0,4,2025
2026-04-01 08:00:00,struct10,ema20,EMA20,0.6289230769230716,4,2026
2021-04-06 16:00:00,struct10,structure5,STRUCT5,-0.10659340659341623,16,2021
2021-04-14 12:00:00,struct10,structure5,TIME,-0.9264705882352916,20,2021
2021-05-10 12:00:00,struct10,structure5,SL,-1.0,12,2021
2021-07-28 16:00:00,struct10,structure5,STRUCT5,-0.306866952789705,11,2021
2022-01-21 12:00:00,struct10,structure5,STRUCT5,0.3936291240045526,9,2022
2022-05-16 16:00:00,struct10,structure5,SL,-1.0,5,2022
2022-07-25 20:00:00,struct10,structure5,STRUCT5,0.4105419450631197,6,2022
2022-08-11 08:00:00,struct10,structure5,STRUCT5,0.4948770491803228,6,2022
2022-12-02 20:00:00,struct10,structure5,STRUCT5,0.9094696969696958,6,2022
2022-12-14 04:00:00,struct10,structure5,STRUCT5,0.419743178170143,7,2022
2023-01-17 08:00:00,struct10,structure5,SL,-1.0,4,2023
2023-07-07 00:00:00,struct10,structure5,TIME,-5.5408163265306625,20,2023
2023-09-01 08:00:00,struct10,structure5,SL,-1.0,2,2023
2023-12-11 20:00:00,struct10,structure5,TIME,-7.562152133580871,20,2023
2024-03-01 12:00:00,struct10,structure5,STRUCT5,0.5,6,2024
2024-06-06 00:00:00,struct10,structure5,SL,-1.0,9,2024
2024-07-07 20:00:00,struct10,structure5,SL,-1.0,10,2024
2024-07-25 20:00:00,struct10,structure5,SL,-1.0,15,2024
2024-08-01 16:00:00,struct10,structure5,TIME,-1.2207130730050846,20,2024
2024-10-31 16:00:00,struct10,structure5,STRUCT5,0.2678571428571395,15,2024
2024-11-28 16:00:00,struct10,structure5,TIME,-1.2244632400780726,20,2024
2025-02-18 08:00:00,struct10,structure5,TIME,-4.453201970443521,20,2025
2025-04-01 04:00:00,struct10,structure5,SL,-1.0,10,2025
2025-04-13 20:00:00,struct10,structure5,TIME,-0.292504570383918,20,2025
2025-04-23 04:00:00,struct10,structure5,SL,-1.0,3,2025
2025-06-25 16:00:00,struct10,structure5,TIME,-0.8776371308016653,20,2025
2025-10-03 08:00:00,struct10,structure5,SL,-1.0,4,2025
2026-04-01 08:00:00,struct10,structure5,TIME,0.8375384615384553,20,2026
2021-04-06 16:00:00,struct10,structure10,TIME,-0.09890109890110302,20,2021
2021-04-14 12:00:00,struct10,structure10,TIME,-0.9264705882352916,20,2021
2021-05-10 12:00:00,struct10,structure10,SL,-1.0,12,2021
2021-07-28 16:00:00,struct10,structure10,TIME,-1.2725321888412258,20,2021
2022-01-21 12:00:00,struct10,structure10,STRUCT10,0.6018202502844067,18,2022
2022-05-16 16:00:00,struct10,structure10,SL,-1.0,5,2022
2022-07-25 20:00:00,struct10,structure10,TIME,-2.7015590200445128,20,2022
2022-08-11 08:00:00,struct10,structure10,STRUCT10,0.44193989071037704,18,2022
2022-12-02 20:00:00,struct10,structure10,SL,-1.0,8,2022
2022-12-14 04:00:00,struct10,structure10,SL,-1.0,9,2022
2023-01-17 08:00:00,struct10,structure10,SL,-1.0,4,2023
2023-07-07 00:00:00,struct10,structure10,TIME,-5.5408163265306625,20,2023
2023-09-01 08:00:00,struct10,structure10,SL,-1.0,2,2023
2023-12-11 20:00:00,struct10,structure10,TIME,-7.562152133580871,20,2023
2024-03-01 12:00:00,struct10,structure10,TIME,-1.2923588039867968,20,2024
2024-06-06 00:00:00,struct10,structure10,SL,-1.0,9,2024
2024-07-07 20:00:00,struct10,structure10,SL,-1.0,10,2024
2024-07-25 20:00:00,struct10,structure10,SL,-1.0,15,2024
2024-08-01 16:00:00,struct10,structure10,TIME,-1.2207130730050846,20,2024
2024-10-31 16:00:00,struct10,structure10,TIME,-0.29226190476191677,20,2024
2024-11-28 16:00:00,struct10,structure10,TIME,-1.2244632400780726,20,2024
2025-02-18 08:00:00,struct10,structure10,TIME,-4.453201970443521,20,2025
2025-04-01 04:00:00,struct10,structure10,SL,-1.0,10,2025
2025-04-13 20:00:00,struct10,structure10,TIME,-0.292504570383918,20,2025
2025-04-23 04:00:00,struct10,structure10,SL,-1.0,3,2025
2025-06-25 16:00:00,struct10,structure10,TIME,-0.8776371308016653,20,2025
2025-10-03 08:00:00,struct10,structure10,SL,-1.0,4,2025
2026-04-01 08:00:00,struct10,structure10,TIME,0.8375384615384553,20,2026
2021-04-06 16:00:00,struct10,bear_momentum,2UP,0.023076923076908423,4,2021
2021-04-14 12:00:00,struct10,bear_momentum,2UP,-0.11397058823529808,9,2021
2021-05-10 12:00:00,struct10,bear_momentum,2UP,0.2422680412371193,2,2021
2021-07-28 16:00:00,struct10,bear_momentum,2UP,-0.7253218884120134,9,2021
2022-01-21 12:00:00,struct10,bear_momentum,2UP,0.22070534698521221,4,2022
2022-05-16 16:00:00,struct10,bear_momentum,2UP,0.5301886792452394,3,2022
2022-07-25 20:00:00,struct10,bear_momentum,2UP,0.18188567186340238,2,2022
2022-08-11 08:00:00,struct10,bear_momentum,2UP,0.25239071038250566,2,2022
2022-12-02 20:00:00,struct10,bear_momentum,2UP,0.381060606060604,4,2022
2022-12-14 04:00:00,struct10,bear_momentum,2UP,0.15489566613162006,6,2022
2023-01-17 08:00:00,struct10,bear_momentum,SL,-1.0,4,2023
2023-07-07 00:00:00,struct10,bear_momentum,2UP,-1.4579081632653221,7,2023
2023-09-01 08:00:00,struct10,bear_momentum,SL,-1.0,2,2023
2023-12-11 20:00:00,struct10,bear_momentum,2UP,-0.43970315398886894,8,2023
2024-03-01 12:00:00,struct10,bear_momentum,2UP,0.06312292358801336,4,2024
2024-06-06 00:00:00,struct10,bear_momentum,2UP,0.19978165938866388,6,2024
2024-07-07 20:00:00,struct10,bear_momentum,2UP,0.4940554821664369,3,2024
2024-07-25 20:00:00,struct10,bear_momentum,2UP,0.16100443131463485,2,2024
2024-08-01 16:00:00,struct10,bear_momentum,TIME,-1.2207130730050846,20,2024
2024-10-31 16:00:00,struct10,bear_momentum,2UP,0.2874999999999892,2,2024
2024-11-28 16:00:00,struct10,bear_momentum,2UP,-0.8562134027325942,5,2024
2025-02-18 08:00:00,struct10,bear_momentum,2UP,-2.0311986863712033,17,2025
2025-04-01 04:00:00,struct10,bear_momentum,2UP,-0.0014771048744111111,3,2025
2025-04-13 20:00:00,struct10,bear_momentum,2UP,-0.16453382084094736,3,2025
2025-04-23 04:00:00,struct10,bear_momentum,SL,-1.0,3,2025
2025-06-25 16:00:00,struct10,bear_momentum,2UP,-0.7946554149085621,7,2025
2025-10-03 08:00:00,struct10,bear_momentum,2UP,0.3358208955223999,2,2025
2026-04-01 08:00:00,struct10,bear_momentum,2UP,0.3378461538461579,2,2026
2021-04-06 16:00:00,struct10,range_reentry,TIME,-0.09890109890110302,20,2021
2021-04-14 12:00:00,struct10,range_reentry,TIME,-0.9264705882352916,20,2021
2021-05-10 12:00:00,struct10,range_reentry,REENTRY,0.39690721649485505,4,2021
2021-07-28 16:00:00,struct10,range_reentry,TIME,-1.2725321888412258,20,2021
2022-01-21 12:00:00,struct10,range_reentry,REENTRY,0.22070534698521221,4,2022
2022-05-16 16:00:00,struct10,range_reentry,SL,-1.0,5,2022
2022-07-25 20:00:00,struct10,range_reentry,REENTRY,0.3080920564216911,5,2022
2022-08-11 08:00:00,struct10,range_reentry,REENTRY,0.25239071038250566,2,2022
2022-12-02 20:00:00,struct10,range_reentry,REENTRY,0.7761363636363617,5,2022
2022-12-14 04:00:00,struct10,range_reentry,REENTRY,0.15489566613162006,6,2022
2023-01-17 08:00:00,struct10,range_reentry,SL,-1.0,4,2023
2023-07-07 00:00:00,struct10,range_reentry,TIME,-5.5408163265306625,20,2023
2023-09-01 08:00:00,struct10,range_reentry,REENTRY,0.9181561618062182,1,2023
2023-12-11 20:00:00,struct10,range_reentry,REENTRY,-0.8404452690167229,1,2023
2024-03-01 12:00:00,struct10,range_reentry,REENTRY,-0.01162790697675297,1,2024
2024-06-06 00:00:00,struct10,range_reentry,REENTRY,0.7751091703056642,1,2024
2024-07-07 20:00:00,struct10,range_reentry,REENTRY,0.3421400264200587,2,2024
2024-07-25 20:00:00,struct10,range_reentry,REENTRY,0.6720827178729808,3,2024
2024-08-01 16:00:00,struct10,range_reentry,TIME,-1.2207130730050846,20,2024
2024-10-31 16:00:00,struct10,range_reentry,REENTRY,0.2874999999999892,2,2024
2024-11-28 16:00:00,struct10,range_reentry,TIME,-1.2244632400780726,20,2024
2025-02-18 08:00:00,struct10,range_reentry,REENTRY,-0.21182266009856032,1,2025
2025-04-01 04:00:00,struct10,range_reentry,REENTRY,0.19645494830133778,4,2025
2025-04-13 20:00:00,struct10,range_reentry,TIME,-0.292504570383918,20,2025
2025-04-23 04:00:00,struct10,range_reentry,REENTRY,-0.16198224852072965,1,2025
2025-06-25 16:00:00,struct10,range_reentry,TIME,-0.8776371308016653,20,2025
2025-10-03 08:00:00,struct10,range_reentry,SL,-1.0,4,2025
2026-04-01 08:00:00,struct10,range_reentry,REENTRY,0.6289230769230716,4,2026
