entry_mode,sl_mode,exit_mode,n,positive_rate,expectancy_r,pf,total_r,worst_r,median_bars
retest,atr05,chandelier15,32,0.0625,-1.2607502065192635,0.00805537872582005,-40.34400660861643,-10.211673151750785,2.0
retest,atr05,chandelier15,13,0.07692307692307693,-1.0209828569273292,0.025707317162914488,-13.272777140055279,-2.6229876030739527,2.0
retest,atr05,chandelier15,2,0.0,-1.0,0.0,-2.0,-1.0,4.5
retest,atr05,chandelier20,32,0.0,-1.6272527370554548,0.0,-52.072087585774554,-9.082819489783978,2.0
retest,atr05,chandelier20,13,0.07692307692307693,-1.0209828569273292,0.025707317162914488,-13.272777140055279,-2.6229876030739527,2.0
retest,atr05,chandelier20,2,0.0,-1.0,0.0,-2.0,-1.0,4.5
retest,atr05,chandelier25,32,0.0,-1.6406650094120727,0.0,-52.50128030118633,-9.082819489783978,2.0
retest,atr05,chandelier25,13,0.0,-1.1248452002364577,0.0,-14.622987603073952,-2.6229876030739527,2.0
retest,atr05,chandelier25,2,0.0,-1.0,0.0,-2.0,-1.0,4.5
retest,atr05,ema20,32,0.0625,-1.5585974606183877,0.017014960446913873,-49.875118739788405,-9.082819489783978,2.0
retest,atr05,ema20,13,0.0,-1.1248452002364577,0.0,-14.622987603073952,-2.6229876030739527,2.0
retest,atr05,ema20,2,0.0,-1.0,0.0,-2.0,-1.0,4.5
retest,atr05,range_reentry,32,0.15625,-1.4856177282070127,0.02109672526530428,-47.539767302624405,-9.082819489783978,2.0
retest,atr05,range_reentry,13,0.23076923076923078,-0.7794265073919875,0.12823234936462774,-10.132544596095837,-2.6229876030739527,1.0
retest,atr05,range_reentry,2,0.5,-0.12422301751742554,0.7515539649651489,-0.24844603503485108,-1.0,4.0
retest,atr05,swing5trail,32,0.03125,-1.6187482140939347,0.014541661295748215,-51.79994285100591,-9.082819489783978,2.0
retest,atr05,swing5trail,13,0.0,-1.1248452002364577,0.0,-14.622987603073952,-2.6229876030739527,2.0
retest,atr05,swing5trail,2,0.0,-1.0,0.0,-2.0,-1.0,4.5
retest,atr075,chandelier15,32,0.28125,-1.1540162727768055,0.10775707168180088,-36.92852072885778,-15.607327141382271,3.0
retest,atr075,chandelier15,13,0.23076923076923078,-0.7561559085426783,0.08546476747454965,-9.830026811054818,-1.7486584020493279,2.0
retest,atr075,chandelier15,2,0.5,-0.14927481634959217,0.7014503673008157,-0.29854963269918433,-1.0,6.5
retest,atr075,chandelier20,32,0.125,-1.6817987544046986,0.04738307883346701,-53.817560140950356,-15.607327141382271,5.0
retest,atr075,chandelier20,13,0.15384615384615385,-0.850622486674598,0.058778292094959425,-11.058092326769774,-1.7486584020493279,2.0
retest,atr075,chandelier20,2,0.5,-0.1716895837257406,0.6566208325485188,-0.3433791674514812,-1.0,8.0
retest,atr075,chandelier25,32,0.0,-1.9098094527339309,0.0,-61.11390248748579,-15.607327141382271,5.0
retest,atr075,chandelier25,13,0.07692307692307693,-0.9455050745217105,0.03585415961836527,-12.291565968782237,-1.7486584020493279,2.0
retest,atr075,chandelier25,2,0.5,-0.24025240158221378,0.5194951968355724,-0.48050480316442756,-1.0,8.5
retest,atr075,ema20,32,0.25,-1.4236374270586873,0.09287302220634558,-45.556397665877995,-15.607327141382271,4.0
retest,atr075,ema20,13,0.0,-1.0575891078499482,0.0,-13.748658402049328,-1.7486584020493279,2.0
retest,atr075,ema20,2,0.0,-1.0,0.0,-2.0,-1.0,12.0
retest,atr075,range_reentry,32,0.5,-1.1568246835148428,0.15835805625247382,-37.01838987247497,-15.607327141382271,2.0
retest,atr075,range_reentry,13,0.5384615384615384,-0.29248490156018464,0.43658376320725084,-3.8023037202824006,-1.7486584020493279,1.0
retest,atr075,range_reentry,2,0.5,-0.2494820116782837,0.5010359766434326,-0.4989640233565674,-1.0,4.0
retest,atr075,swing5trail,32,0.09375,-1.784425751710524,0.0292569295667455,-57.10162405473677,-15.607327141382271,5.0
retest,atr075,swing5trail,13,0.0,-1.0575891078499482,0.0,-13.748658402049328,-1.7486584020493279,2.0
retest,atr075,swing5trail,2,0.0,-1.0,0.0,-2.0,-1.0,12.0
retest,atr10,chandelier15,32,0.40625,-0.8961279379862355,0.17566293775120967,-28.676094015559535,-11.705495356037003,5.0
retest,atr10,chandelier15,13,0.3076923076923077,-0.6437548733662001,0.10123836925293067,-8.3688133537606,-1.3114938015369764,3.0
retest,atr10,chandelier15,2,0.5,-0.23695611226219415,0.5260877754756117,-0.4739122245243883,-1.0,6.5
retest,atr10,chandelier20,32,0.3125,-1.226518639135407,0.13273690564992552,-39.248596452333025,-11.705495356037003,6.0
retest,atr10,chandelier20,13,0.3076923076923077,-0.6097166672164406,0.14875992587726453,-7.926316673813727,-1.3114938015369764,3.0
retest,atr10,chandelier20,2,0.5,-0.25376718779430546,0.4924656244113891,-0.5075343755886109,-1.0,8.0
retest,atr10,chandelier25,32,0.0625,-1.6031734425261432,0.029764347644956703,-51.301550160836584,-11.705495356037003,8.0
retest,atr10,chandelier25,13,0.15384615384615385,-0.8242282863120121,0.05273627780265104,-10.714967722056157,-1.3114938015369764,3.0
retest,atr10,chandelier25,2,0.5,-0.3051893011866603,0.38962139762667936,-0.6103786023733206,-1.0,8.5
retest,atr10,ema20,32,0.4375,-0.9579104256348709,0.20288967314233797,-30.65313362031587,-11.705495356037003,6.0
retest,atr10,ema20,13,0.15384615384615385,-0.7268002523885498,0.13467066513709744,-9.448403281051148,-1.3114938015369764,3.0
retest,atr10,ema20,2,0.5,-0.012149180636645884,0.9757016387267082,-0.02429836127329177,-1.0,12.0
retest,atr10,range_reentry,32,0.75,-0.6000288726461788,0.3658368315758845,-19.20092392467772,-11.705495356037003,2.5
retest,atr10,range_reentry,13,0.6153846153846154,-0.20118896236115316,0.507585510136873,-2.615456510694991,-1.3114938015369764,1.0
retest,atr10,range_reentry,2,0.5,-0.31211150875871274,0.37577698248257446,-0.6242230175174255,-1.0,4.0
retest,atr10,swing5trail,32,0.21875,-1.3816396702965983,0.08664883123255927,-44.212469449491145,-11.705495356037003,7.0
retest,atr10,swing5trail,13,0.0,-0.9937578765935395,0.0,-12.918852395716014,-1.3114938015369764,3.0
retest,atr10,swing5trail,2,0.5,-0.012149180636645884,0.9757016387267082,-0.02429836127329177,-1.0,12.0
retest,retest,chandelier15,32,0.15625,-1.073114200880392,0.057426320754377744,-33.266540227292154,-11.356521739129638,1.0
retest,retest,chandelier15,13,0.07692307692307693,-1.0283041613358483,0.0288375902322434,-13.367954097366027,-2.7649006622515735,1.0
retest,retest,chandelier15,2,0.0,-1.0,0.0,-2.0,-1.0,3.5
retest,retest,chandelier20,32,0.0625,-1.6019631591925607,0.02423622178081147,-49.660857934969385,-23.330434782606787,1.5
retest,retest,chandelier20,13,0.07692307692307693,-1.0283041613358483,0.0288375902322434,-13.367954097366027,-2.7649006622515735,1.0
retest,retest,chandelier20,2,0.0,-1.0,0.0,-2.0,-1.0,3.5
retest,retest,chandelier25,32,0.0,-1.7203366058905416,0.0,-53.33043478260679,-23.330434782606787,1.5
retest,retest,chandelier25,13,0.0,-1.1357615894039672,0.0,-14.764900662251573,-2.7649006622515735,1.0
retest,retest,chandelier25,2,0.0,-1.0,0.0,-2.0,-1.0,3.5
retest,retest,ema20,32,0.0625,-1.6091959149951078,0.01125100997140727,-49.885073364848346,-23.330434782606787,1.5
retest,retest,ema20,13,0.0,-1.1357615894039672,0.0,-14.764900662251573,-2.7649006622515735,1.0
retest,retest,ema20,2,0.0,-1.0,0.0,-2.0,-1.0,3.5
retest,retest,range_reentry,32,0.1875,-1.4589756948670354,0.044415147491973006,-45.2282465408781,-23.330434782606787,1.0
retest,retest,range_reentry,13,0.07692307692307693,-1.0283041613358483,0.0288375902322434,-13.367954097366027,-2.7649006622515735,1.0
retest,retest,range_reentry,2,0.0,-1.0,0.0,-2.0,-1.0,3.5
retest,retest,swing5trail,32,0.0625,-1.6160305858236534,0.024030317048697427,-50.09694816053326,-23.330434782606787,1.5
retest,retest,swing5trail,13,0.0,-1.1357615894039672,0.0,-14.764900662251573,-2.7649006622515735,1.0
retest,retest,swing5trail,2,0.0,-1.0,0.0,-2.0,-1.0,3.5
retest,struct10,chandelier15,32,0.53125,-0.41457858674678794,0.2882506709615979,-12.851936189150425,-5.6855263157893265,5.0
retest,struct10,chandelier15,13,0.6923076923076923,0.16711615059270593,2.6966749608976968,1.8382776565197654,-0.6513761467889676,3.0
retest,struct10,chandelier15,2,1.0,0.3306428060346244,,0.6612856120692489,0.20403988749680427,6.5
retest,struct10,chandelier20,32,0.53125,-0.4757288751151597,0.30160364804623946,-14.747595128569952,-5.6855263157893265,8.0
retest,struct10,chandelier20,13,0.38461538461538464,-0.22817378886179493,0.34312143821148744,-2.509911677479744,-1.0,10.0
retest,struct10,chandelier20,2,1.0,0.324122734441683,,0.648245468883366,0.19099974431092145,8.0
retest,struct10,chandelier25,32,0.4375,-0.510590771184544,0.31156367621189174,-15.828313906720863,-5.6855263157893265,12.0
retest,struct10,chandelier25,13,0.23076923076923078,-0.6548585192453008,0.11782521154565571,-7.203443711698308,-3.3445839874411245,13.0
retest,struct10,chandelier25,2,1.0,0.39778834697583276,,0.7955766939516655,0.1511122475070335,9.0
retest,struct10,ema20,32,0.65625,-0.2868280408991415,0.47383174219169305,-8.891669267873386,-5.6855263157893265,6.0
retest,struct10,ema20,13,0.5384615384615384,0.06892753829200059,1.332040862848982,0.7582029212120065,-1.0,3.0
retest,struct10,ema20,2,1.0,0.41783278302260907,,0.8356655660452181,0.37841984147277363,12.0
retest,struct10,range_reentry,32,0.75,-0.21543997236001258,0.5078179012029935,-6.67863914316039,-5.6855263157893265,2.0
retest,struct10,range_reentry,13,0.7692307692307693,0.156138239169914,4.974980382220934,1.7175206308690543,-0.4320827943078871,1.0
retest,struct10,range_reentry,2,1.0,0.30149425067793706,,0.6029885013558741,0.14574277678342956,4.0
retest,struct10,swing5trail,32,0.40625,-0.6242936559992102,0.18588758350114054,-19.353103335975515,-5.6855263157893265,9.0
retest,struct10,swing5trail,13,0.23076923076923078,-0.4848224929729048,0.27745855701,-5.333047422701953,-3.3445839874411245,13.0
retest,struct10,swing5trail,2,1.0,0.41783278302260907,,0.8356655660452181,0.37841984147277363,12.0
retest,struct5,chandelier15,32,0.40625,-0.8856894492577096,0.1792996069663409,-24.79930457921587,-8.938692098092545,2.5
retest,struct5,chandelier15,13,0.38461538461538464,-0.3673711247870531,0.3635038196755602,-4.041082372657584,-1.3489499192245462,1.0
retest,struct5,chandelier15,2,1.0,0.4530061951823552,,0.9060123903647104,0.3580080753701198,6.5
retest,struct5,chandelier20,32,0.21875,-1.1313727365659993,0.08050219329579508,-31.678436623847983,-6.442779291553035,4.0
retest,struct5,chandelier20,13,0.23076923076923078,-0.6750738622309532,0.11056928639114443,-7.425812484540486,-1.3489499192245462,2.0
retest,struct5,chandelier20,2,1.0,0.4415660875107564,,0.8831321750215128,0.3351278600269222,8.0
retest,struct5,chandelier25,32,0.1875,-1.1340552742627208,0.10770393510888188,-31.753547679356185,-6.442779291553035,5.0
retest,struct5,chandelier25,13,0.07692307692307693,-0.9236813555214181,0.01821006092017777,-10.160494910735599,-1.3489499192245462,2.0
retest,struct5,chandelier25,2,1.0,0.5187626767485316,,1.0375253534970632,0.26514131897712184,9.0
retest,struct5,ema20,32,0.4375,-0.7939988916160703,0.22794238707806178,-22.23196896524997,-7.373297002724715,2.5
retest,struct5,ema20,13,0.15384615384615385,-0.7409768371918258,0.12816463030254918,-8.150745209110084,-1.3489499192245462,2.0
retest,struct5,ema20,2,1.0,0.6059895958104422,,1.2119791916208844,0.5480043149945906,12.0
retest,struct5,range_reentry,32,0.53125,-0.6472445929101711,0.25132544493311376,-18.12284860148479,-7.373297002724715,1.0
retest,struct5,range_reentry,13,0.46153846153846156,-0.21960191982227653,0.5483933941196364,-2.415621118045042,-1.3489499192245462,1.0
retest,struct5,range_reentry,2,1.0,0.4018621844151934,,0.8037243688303868,0.2557200538357962,4.0
retest,struct5,swing5trail,32,0.1875,-1.2122018763412903,0.05419264360775306,-33.94165253755613,-7.373297002724715,4.5
retest,struct5,swing5trail,13,0.07692307692307693,-0.8813908785959664,0.06316102211053069,-9.69529966455563,-1.3489499192245462,2.0
retest,struct5,swing5trail,2,1.0,0.6059895958104422,,1.2119791916208844,0.5480043149945906,12.0
timed,atr05,chandelier15,21,0.0,-2.513362510968748,0.0,-52.780612730343705,-22.47034915942998,2.0
timed,atr05,chandelier15,6,0.0,-1.3737245873757675,0.0,-8.242347524254605,-2.1917966493356933,3.0
timed,atr05,chandelier15,1,0.0,-1.0,0.0,-1.0,-1.0,1.0
timed,atr05,chandelier20,21,0.0,-3.48150735538161,0.0,-73.1116544630138,-22.47034915942998,2.0
timed,atr05,chandelier20,6,0.0,-1.3137068832002337,0.0,-7.882241299201402,-2.264679196370613,3.0
timed,atr05,chandelier20,1,0.0,-1.0,0.0,-1.0,-1.0,1.0
timed,atr05,chandelier25,21,0.0,-3.48150735538161,0.0,-73.1116544630138,-22.47034915942998,2.0
timed,atr05,chandelier25,6,0.0,-1.3137068832002337,0.0,-7.882241299201402,-2.264679196370613,3.0
timed,atr05,chandelier25,1,0.0,-1.0,0.0,-1.0,-1.0,1.0
timed,atr05,ema20,21,0.0,-3.083776430606533,0.0,-64.7593050427372,-22.47034915942998,2.0
timed,atr05,ema20,6,0.0,-1.3137068832002337,0.0,-7.882241299201402,-2.264679196370613,3.0
timed,atr05,ema20,1,0.0,-1.0,0.0,-1.0,-1.0,1.0
timed,atr05,range_reentry,21,0.0,-3.0441860804912113,0.0,-63.927907690315436,-22.47034915942998,2.0
timed,atr05,range_reentry,6,0.0,-1.1822615658752307,0.0,-7.093569395251384,-2.264679196370613,2.5
timed,atr05,range_reentry,1,0.0,-1.0,0.0,-1.0,-1.0,1.0
timed,atr05,swing5trail,21,0.0,-3.364877379047566,0.0,-70.66242495999889,-22.47034915942998,2.0
timed,atr05,swing5trail,6,0.0,-1.3137068832002337,0.0,-7.882241299201402,-2.264679196370613,3.0
timed,atr05,swing5trail,1,0.0,-1.0,0.0,-1.0,-1.0,1.0
timed,atr075,chandelier15,21,0.0,-1.9974046710776554,0.0,-41.945498092630764,-14.98023277295332,4.0
timed,atr075,chandelier15,6,0.16666666666666666,-0.9160688493343004,0.05693297811200953,-5.496413096005803,-1.4611977662237956,4.0
timed,atr075,chandelier15,1,0.0,-1.0,0.0,-1.0,-1.0,1.0
timed,atr075,chandelier20,21,0.0,-2.5966833470081294,0.0,-54.53035028717072,-14.98023277295332,4.0
timed,atr075,chandelier20,6,0.0,-1.0980268110223865,0.0,-6.588160866134319,-1.5097861309137939,6.0
timed,atr075,chandelier20,1,0.0,-1.0,0.0,-1.0,-1.0,1.0
timed,atr075,chandelier25,21,0.0,-2.537970256036972,0.0,-53.297375376776415,-14.98023277295332,4.0
timed,atr075,chandelier25,6,0.0,-1.0980268110223865,0.0,-6.588160866134319,-1.5097861309137939,6.0
timed,atr075,chandelier25,1,0.0,-1.0,0.0,-1.0,-1.0,1.0
timed,atr075,ema20,21,0.09523809523809523,-2.1207155591144704,0.026112794272302793,-44.535026741403875,-14.98023277295332,3.0
timed,atr075,ema20,6,0.0,-1.0980268110223865,0.0,-6.588160866134319,-1.5097861309137939,6.0
timed,atr075,ema20,1,0.0,-1.0,0.0,-1.0,-1.0,1.0
timed,atr075,range_reentry,21,0.0,-2.228638134561993,0.0,-46.80140082580185,-14.98023277295332,3.0
timed,atr075,range_reentry,6,0.16666666666666666,-0.6773157238894973,0.0754868646115146,-4.063894343336984,-1.5097861309137939,4.0
timed,atr075,range_reentry,1,0.0,-1.0,0.0,-1.0,-1.0,1.0
timed,atr075,swing5trail,21,0.0,-2.460216938480938,0.0,-51.66455570809969,-14.98023277295332,4.0
timed,atr075,swing5trail,6,0.0,-1.0980268110223865,0.0,-6.588160866134319,-1.5097861309137939,6.0
timed,atr075,swing5trail,1,0.0,-1.0,0.0,-1.0,-1.0,1.0
timed,atr10,chandelier15,21,0.19047619047619047,-1.341278836005541,0.09019208851605533,-28.16685555611636,-11.235174579715816,5.0
timed,atr10,chandelier15,6,0.16666666666666666,-0.8120516370007156,0.04859509785889442,-4.8723098220042935,-1.0958983246678153,4.0
timed,atr10,chandelier15,1,0.0,-1.0,0.0,-1.0,-1.0,2.0
timed,atr10,chandelier20,21,0.0,-2.1141791769227947,0.0,-44.39776271537869,-11.235174579715816,5.0
timed,atr10,chandelier20,6,0.16666666666666666,-0.7078202062797869,0.14049432530615463,-4.2469212376787215,-1.1323395981853066,6.0
timed,atr10,chandelier20,1,0.0,-1.0,0.0,-1.0,-1.0,2.0
timed,atr10,chandelier25,21,0.0,-2.0701443586944284,0.0,-43.47303153258299,-11.235174579715816,5.0
timed,atr10,chandelier25,6,0.0,-0.9901867749334462,0.0,-5.941120649600677,-1.1323395981853066,6.5
timed,atr10,chandelier25,1,0.0,-1.0,0.0,-1.0,-1.0,2.0
timed,atr10,ema20,21,0.09523809523809523,-1.733393812193037,0.024012392536310153,-36.401270056053775,-11.235174579715816,4.0
timed,atr10,ema20,6,0.16666666666666666,-0.7078202062797869,0.14049432530615463,-4.2469212376787215,-1.1323395981853066,6.0
timed,atr10,ema20,1,0.0,-1.0,0.0,-1.0,-1.0,2.0
timed,atr10,range_reentry,21,0.19047619047619047,-1.4972189981653883,0.08469760328786001,-31.441598961473154,-11.235174579715816,4.0
timed,atr10,range_reentry,6,0.16666666666666666,-0.5496534595837802,0.07016606908493077,-3.2979207575026814,-1.1323395981853066,4.0
timed,atr10,range_reentry,1,0.0,-1.0,0.0,-1.0,-1.0,2.0
timed,atr10,swing5trail,21,0.047619047619047616,-1.9306034452217637,0.01710961259832589,-40.54267234965704,-11.235174579715816,5.0
timed,atr10,swing5trail,6,0.0,-0.9901867749334462,0.0,-5.941120649600677,-1.1323395981853066,6.5
timed,atr10,swing5trail,1,0.0,-1.0,0.0,-1.0,-1.0,2.0
timed,retest,chandelier15,21,0.19047619047619047,-1.9527783323536316,0.04427319136341233,-39.05556664707263,-19.392857142858023,4.0
timed,retest,chandelier15,6,0.16666666666666666,-0.923158235357549,0.11627314655469821,-2.7694747060726472,-2.1338582677165006,2.0
timed,retest,chandelier15,1,0.0,-1.0,0.0,-1.0,-1.0,4.0
timed,retest,chandelier20,21,0.09523809523809523,-2.553177660484042,0.018239026340478387,-51.06355320968084,-19.392857142858023,4.0
timed,retest,chandelier20,6,0.0,-1.1916010498687637,0.0,-3.574803149606291,-1.5748031496062913,2.0
timed,retest,chandelier20,1,0.0,-1.0,0.0,-1.0,-1.0,4.0
timed,retest,chandelier25,21,0.0,-2.682512616410893,0.0,-53.65025232821786,-19.392857142858023,5.0
timed,retest,chandelier25,6,0.0,-1.1916010498687637,0.0,-3.574803149606291,-1.5748031496062913,2.0
timed,retest,chandelier25,1,0.0,-1.0,0.0,-1.0,-1.0,4.0
timed,retest,ema20,21,0.14285714285714285,-2.5054312826788396,0.03437830123494862,-50.108625653576794,-19.392857142858023,3.0
timed,retest,ema20,6,0.0,-1.1916010498687637,0.0,-3.574803149606291,-1.5748031496062913,2.0
timed,retest,ema20,1,0.0,-1.0,0.0,-1.0,-1.0,4.0
timed,retest,range_reentry,21,0.19047619047619047,-2.444198345553903,0.03924570824131358,-48.88396691107806,-19.392857142858023,3.0
timed,retest,range_reentry,6,0.16666666666666666,-0.7368065293208126,0.1415189979473074,-2.2104195879624378,-1.5748031496062913,2.0
timed,retest,range_reentry,1,0.0,-1.0,0.0,-1.0,-1.0,4.0
timed,retest,swing5trail,21,0.0,-2.5282841096235584,0.0,-50.56568219247117,-19.392857142858023,5.0
timed,retest,swing5trail,6,0.0,-1.1916010498687637,0.0,-3.574803149606291,-1.5748031496062913,2.0
timed,retest,swing5trail,1,0.0,-1.0,0.0,-1.0,-1.0,4.0
timed,struct10,chandelier15,21,0.5714285714285714,-0.2998236228155691,0.44338839844897654,-6.296296079126951,-5.5408163265306625,6.0
timed,struct10,chandelier15,6,0.16666666666666666,-0.9022105618833648,0.03502046575402605,-5.4132633713001885,-2.4187192118227596,5.5
timed,struct10,chandelier15,1,1.0,0.6289230769230716,,0.6289230769230716,0.6289230769230716,4.0
timed,struct10,chandelier20,21,0.42857142857142855,-0.832679131728626,0.20970129193032172,-17.486261766301144,-7.562152133580871,9.0
timed,struct10,chandelier20,6,0.16666666666666666,-0.775555746522882,0.10535859366760422,-4.653334479137292,-2.0311986863712033,11.5
timed,struct10,chandelier20,1,1.0,0.6289230769230716,,0.6289230769230716,0.6289230769230716,4.0
timed,struct10,chandelier25,21,0.2857142857142857,-0.9923689969583275,0.17244252226566953,-20.839748936124877,-7.562152133580871,14.0
timed,struct10,chandelier25,6,0.0,-1.4372239452715174,0.0,-8.623343671629105,-4.453201970443521,13.5
timed,struct10,chandelier25,1,1.0,0.7569230769230706,,0.7569230769230706,0.7569230769230706,5.0
timed,struct10,ema20,21,0.6190476190476191,-0.23557556247249872,0.5890874671374042,-4.947086811922473,-5.5408163265306625,5.0
timed,struct10,ema20,6,0.16666666666666666,-1.179222960534935,0.07188524248997763,-7.0753377632096095,-4.453201970443521,14.0
timed,struct10,ema20,1,1.0,0.6289230769230716,,0.6289230769230716,0.6289230769230716,4.0
timed,struct10,range_reentry,21,0.5238095238095238,-0.38246925024417905,0.38856023242250043,-8.03185425512776,-5.5408163265306625,4.0
timed,struct10,range_reentry,6,0.16666666666666666,-0.3912486102505892,0.07722447772455662,-2.3474916615035353,-1.0,4.0
timed,struct10,range_reentry,1,1.0,0.6289230769230716,,0.6289230769230716,0.6289230769230716,4.0
timed,struct10,swing5trail,21,0.3333333333333333,-0.9662553498320422,0.1505652199187601,-20.291362346472887,-7.562152133580871,9.0
timed,struct10,swing5trail,6,0.0,-1.4372239452715174,0.0,-8.623343671629105,-4.453201970443521,15.0
timed,struct10,swing5trail,1,1.0,0.7569230769230706,,0.7569230769230706,0.7569230769230706,5.0
timed,struct5,chandelier15,21,0.42857142857142855,-0.7709286739092676,0.20011551123880872,-16.18950215209462,-5.878213802435681,5.0
timed,struct5,chandelier15,6,0.16666666666666666,-0.9538249234050515,0.03467380750038733,-5.722949540430309,-2.1338582677165006,4.0
timed,struct5,chandelier15,1,1.0,0.8377049180327806,,0.8377049180327806,0.8377049180327806,4.0
timed,struct5,chandelier20,21,0.3333333333333333,-1.3343187112698884,0.1253885379826991,-28.020692936667658,-7.562152133580871,9.0
timed,struct5,chandelier20,6,0.16666666666666666,-0.8131707525564013,0.10516681257931083,-4.879024515338408,-1.5748031496062913,6.0
timed,struct5,chandelier20,1,1.0,0.8377049180327806,,0.8377049180327806,0.8377049180327806,4.0
timed,struct5,chandelier25,21,0.14285714285714285,-1.6052709827303027,0.0669410255086173,-33.710690637336356,-7.562152133580871,12.0
timed,struct5,chandelier25,6,0.0,-1.075406713401326,0.0,-6.452440280407957,-1.5748031496062913,7.0
timed,struct5,chandelier25,1,0.0,-1.0,0.0,-1.0,-1.0,5.0
timed,struct5,ema20,21,0.47619047619047616,-0.8417238259433333,0.25050990046576294,-17.67620034481,-5.878213802435681,5.0
timed,struct5,ema20,6,0.16666666666666666,-0.8131707525564013,0.10516681257931083,-4.879024515338408,-1.5748031496062913,6.0
timed,struct5,ema20,1,1.0,0.8377049180327806,,0.8377049180327806,0.8377049180327806,4.0
timed,struct5,range_reentry,21,0.38095238095238093,-0.9917110861019749,0.15616291068097382,-20.825932808141474,-5.878213802435681,4.0
timed,struct5,range_reentry,6,0.16666666666666666,-0.6173421491238568,0.05257909924491135,-3.704052894743141,-1.5748031496062913,4.0
timed,struct5,range_reentry,1,1.0,0.8377049180327806,,0.8377049180327806,0.8377049180327806,4.0
timed,struct5,swing5trail,21,0.23809523809523808,-1.4964263735946943,0.07994936434806894,-31.42495384548858,-7.562152133580871,9.0
timed,struct5,swing5trail,6,0.0,-1.075406713401326,0.0,-6.452440280407957,-1.5748031496062913,7.0
timed,struct5,swing5trail,1,0.0,-1.0,0.0,-1.0,-1.0,5.0
