pair,structure,period,tp,sl,trades,win_rate,pf,expectancy_R
usdjpy,pullback_reversal,oos_first,50,50,15,0.5333333333333333,1.3333333333333333,0.13333333333333333
usdjpy,pullback_reversal,oos_second,50,50,15,0.5333333333333333,1.6,0.2
usdjpy,pullback_reversal,oos_first,50,75,15,0.6666666666666666,1.6666666666666667,0.17777777777777773
usdjpy,pullback_reversal,oos_second,50,75,15,0.8,8.0,0.46666666666666673
usdjpy,pullback_reversal,oos_first,75,50,15,0.5333333333333333,2.0,0.4
usdjpy,pullback_reversal,oos_second,75,50,15,0.26666666666666666,0.8571428571428571,-0.06666666666666667
usdjpy,pullback_reversal,oos_first,75,75,15,0.6666666666666666,2.5,0.4
usdjpy,pullback_reversal,oos_second,75,75,15,0.4,1.5,0.13333333333333333
usdjpy,pullback_reversal_rsi,oos_first,50,50,15,0.5333333333333333,1.3333333333333333,0.13333333333333333
usdjpy,pullback_reversal_rsi,oos_second,50,50,15,0.7333333333333333,3.6666666666666665,0.5333333333333333
usdjpy,pullback_reversal_rsi,oos_first,50,75,15,0.7333333333333333,2.4444444444444446,0.28888888888888886
usdjpy,pullback_reversal_rsi,oos_second,50,75,15,0.8,8.0,0.4666666666666668
usdjpy,pullback_reversal_rsi,oos_first,75,50,15,0.4,1.2857142857142858,0.13333333333333333
usdjpy,pullback_reversal_rsi,oos_second,75,50,15,0.4,1.5,0.2
usdjpy,pullback_reversal_rsi,oos_first,75,75,15,0.5333333333333333,2.6666666666666665,0.3333333333333333
usdjpy,pullback_reversal_rsi,oos_second,75,75,15,0.4666666666666667,1.75,0.2
usdjpy,mid_rsi_reversal,oos_first,50,50,11,0.8181818181818182,4.5,0.6363636363636364
usdjpy,mid_rsi_reversal,oos_second,50,50,7,0.42857142857142855,1.0,0.0
usdjpy,mid_rsi_reversal,oos_first,50,75,11,0.9090909090909091,6.666666666666667,0.5151515151515151
usdjpy,mid_rsi_reversal,oos_second,50,75,7,0.8571428571428571,inf,0.5714285714285714
usdjpy,mid_rsi_reversal,oos_first,75,50,11,0.6363636363636364,3.5,0.6818181818181818
usdjpy,mid_rsi_reversal,oos_second,75,50,7,0.14285714285714285,0.3,-0.5
usdjpy,mid_rsi_reversal,oos_first,75,75,11,0.6363636363636364,7.0,0.5454545454545454
usdjpy,mid_rsi_reversal,oos_second,75,75,7,0.42857142857142855,1.5,0.14285714285714285
usdjpy,pullback_reversal_macd,oos_first,50,50,14,0.6428571428571429,2.25,0.35714285714285715
usdjpy,pullback_reversal_macd,oos_second,50,50,15,0.5333333333333333,1.3333333333333333,0.13333333333333333
usdjpy,pullback_reversal_macd,oos_first,50,75,14,0.7857142857142857,3.666666666666667,0.38095238095238093
usdjpy,pullback_reversal_macd,oos_second,50,75,15,0.6666666666666666,3.3333333333333335,0.31111111111111106
usdjpy,pullback_reversal_macd,oos_first,75,50,14,0.6428571428571429,3.375,0.6785714285714286
usdjpy,pullback_reversal_macd,oos_second,75,50,15,0.3333333333333333,0.9375,-0.03333333333333333
usdjpy,pullback_reversal_macd,oos_first,75,75,14,0.7142857142857143,3.3333333333333335,0.5
usdjpy,pullback_reversal_macd,oos_second,75,75,15,0.4666666666666667,1.75,0.2
eurjpy,pullback_reversal,oos_first,50,50,9,0.6666666666666666,2.0,0.3333333333333333
eurjpy,pullback_reversal,oos_second,50,50,18,0.6666666666666666,2.0,0.3333333333333333
eurjpy,pullback_reversal,oos_first,50,75,9,0.7777777777777778,2.333333333333333,0.2962962962962963
eurjpy,pullback_reversal,oos_second,50,75,18,0.7777777777777778,2.333333333333333,0.2962962962962963
eurjpy,pullback_reversal,oos_first,75,50,9,0.4444444444444444,1.5,0.2222222222222222
eurjpy,pullback_reversal,oos_second,75,50,18,0.3888888888888889,1.5,0.19444444444444445
eurjpy,pullback_reversal,oos_first,75,75,9,0.5555555555555556,1.6666666666666667,0.2222222222222222
eurjpy,pullback_reversal,oos_second,75,75,18,0.5,1.8,0.2222222222222222
eurjpy,pullback_reversal_rsi,oos_first,50,50,9,0.6666666666666666,2.0,0.3333333333333333
eurjpy,pullback_reversal_rsi,oos_second,50,50,21,0.6666666666666666,2.3333333333333335,0.38095238095238093
eurjpy,pullback_reversal_rsi,oos_first,50,75,9,0.7777777777777778,2.333333333333333,0.2962962962962963
eurjpy,pullback_reversal_rsi,oos_second,50,75,21,0.7619047619047619,3.5555555555555554,0.3650793650793651
eurjpy,pullback_reversal_rsi,oos_first,75,50,9,0.4444444444444444,1.5,0.2222222222222222
eurjpy,pullback_reversal_rsi,oos_second,75,50,21,0.47619047619047616,2.142857142857143,0.38095238095238093
eurjpy,pullback_reversal_rsi,oos_first,75,75,9,0.5555555555555556,1.6666666666666667,0.2222222222222222
eurjpy,pullback_reversal_rsi,oos_second,75,75,21,0.5238095238095238,2.75,0.3333333333333333
eurjpy,mid_rsi_reversal,oos_first,50,50,6,0.5,1.0,0.0
eurjpy,mid_rsi_reversal,oos_second,50,50,14,0.5714285714285714,1.6,0.21428571428571427
eurjpy,mid_rsi_reversal,oos_first,50,75,6,0.8333333333333334,3.333333333333333,0.38888888888888884
eurjpy,mid_rsi_reversal,oos_second,50,75,14,0.7142857142857143,6.666666666666667,0.40476190476190477
eurjpy,mid_rsi_reversal,oos_first,75,50,6,0.3333333333333333,0.75,-0.16666666666666666
eurjpy,mid_rsi_reversal,oos_second,75,50,14,0.2857142857142857,1.0,0.0
eurjpy,mid_rsi_reversal,oos_first,75,75,6,0.6666666666666666,2.0,0.3333333333333333
eurjpy,mid_rsi_reversal,oos_second,75,75,14,0.35714285714285715,2.5,0.21428571428571427
eurjpy,pullback_reversal_macd,oos_first,50,50,8,0.625,1.6666666666666667,0.25
eurjpy,pullback_reversal_macd,oos_second,50,50,19,0.631578947368421,2.0,0.3157894736842105
eurjpy,pullback_reversal_macd,oos_first,50,75,8,0.75,1.9999999999999998,0.24999999999999997
eurjpy,pullback_reversal_macd,oos_second,50,75,19,0.6842105263157895,2.1666666666666665,0.24561403508771926
eurjpy,pullback_reversal_macd,oos_first,75,50,8,0.375,1.125,0.0625
eurjpy,pullback_reversal_macd,oos_second,75,50,19,0.3684210526315789,1.75,0.23684210526315788
eurjpy,pullback_reversal_macd,oos_first,75,75,8,0.5,1.3333333333333333,0.125
eurjpy,pullback_reversal_macd,oos_second,75,75,19,0.42105263157894735,2.0,0.21052631578947367
gbpjpy,pullback_reversal,oos_first,50,50,13,0.6153846153846154,2.0,0.3076923076923077
gbpjpy,pullback_reversal,oos_second,50,50,13,0.6923076923076923,2.25,0.38461538461538464
gbpjpy,pullback_reversal,oos_first,50,75,13,0.7692307692307693,3.3333333333333335,0.3589743589743589
gbpjpy,pullback_reversal,oos_second,50,75,13,0.6923076923076923,1.5,0.1538461538461538
gbpjpy,pullback_reversal,oos_first,75,50,13,0.6153846153846154,3.0,0.6153846153846154
gbpjpy,pullback_reversal,oos_second,75,50,13,0.6153846153846154,2.4,0.5384615384615384
gbpjpy,pullback_reversal,oos_first,75,75,13,0.7692307692307693,5.0,0.6153846153846154
gbpjpy,pullback_reversal,oos_second,75,75,13,0.6153846153846154,2.0,0.3076923076923077
gbpjpy,pullback_reversal_rsi,oos_first,50,50,13,0.6153846153846154,2.0,0.3076923076923077
gbpjpy,pullback_reversal_rsi,oos_second,50,50,15,0.6,1.5,0.2
gbpjpy,pullback_reversal_rsi,oos_first,50,75,13,0.7692307692307693,3.3333333333333335,0.3589743589743589
gbpjpy,pullback_reversal_rsi,oos_second,50,75,15,0.6666666666666666,1.3333333333333335,0.11111111111111108
gbpjpy,pullback_reversal_rsi,oos_first,75,50,13,0.5384615384615384,2.1,0.4230769230769231
gbpjpy,pullback_reversal_rsi,oos_second,75,50,15,0.4666666666666667,1.3125,0.16666666666666666
gbpjpy,pullback_reversal_rsi,oos_first,75,75,13,0.7692307692307693,5.0,0.6153846153846154
gbpjpy,pullback_reversal_rsi,oos_second,75,75,15,0.4666666666666667,1.1666666666666667,0.06666666666666667
gbpjpy,mid_rsi_reversal,oos_first,50,50,7,0.5714285714285714,1.3333333333333333,0.14285714285714285
gbpjpy,mid_rsi_reversal,oos_second,50,50,8,0.875,7.0,0.75
gbpjpy,mid_rsi_reversal,oos_first,50,75,7,0.8571428571428571,3.9999999999999996,0.4285714285714285
gbpjpy,mid_rsi_reversal,oos_second,50,75,8,0.875,4.666666666666666,0.4583333333333333
gbpjpy,mid_rsi_reversal,oos_first,75,50,7,0.5714285714285714,2.0,0.42857142857142855
gbpjpy,mid_rsi_reversal,oos_second,75,50,8,0.75,4.5,0.875
gbpjpy,mid_rsi_reversal,oos_first,75,75,7,0.7142857142857143,5.0,0.5714285714285714
gbpjpy,mid_rsi_reversal,oos_second,75,75,8,0.75,3.0,0.5
gbpjpy,pullback_reversal_macd,oos_first,50,50,10,0.5,1.25,0.1
gbpjpy,pullback_reversal_macd,oos_second,50,50,16,0.6875,2.2,0.375
gbpjpy,pullback_reversal_macd,oos_first,50,75,10,0.6,1.9999999999999998,0.19999999999999996
gbpjpy,pullback_reversal_macd,oos_second,50,75,16,0.6875,1.4666666666666668,0.14583333333333331
gbpjpy,pullback_reversal_macd,oos_first,75,50,10,0.5,1.875,0.35
gbpjpy,pullback_reversal_macd,oos_second,75,50,16,0.5625,1.9285714285714286,0.40625
gbpjpy,pullback_reversal_macd,oos_first,75,75,10,0.6,3.0,0.4
gbpjpy,pullback_reversal_macd,oos_second,75,75,16,0.5625,1.2857142857142858,0.125
audjpy,pullback_reversal,oos_first,50,50,8,0.5,1.3333333333333333,0.125
audjpy,pullback_reversal,oos_second,50,50,14,0.21428571428571427,0.3,-0.5
audjpy,pullback_reversal,oos_first,50,75,8,0.625,1.6666666666666665,0.16666666666666663
audjpy,pullback_reversal,oos_second,50,75,14,0.2857142857142857,0.3333333333333333,-0.38095238095238093
audjpy,pullback_reversal,oos_first,75,50,8,0.375,1.125,0.0625
audjpy,pullback_reversal,oos_second,75,50,14,0.0,0.0,-0.7142857142857143
audjpy,pullback_reversal,oos_first,75,75,8,0.375,1.5,0.125
audjpy,pullback_reversal,oos_second,75,75,14,0.07142857142857142,0.125,-0.5
audjpy,pullback_reversal_rsi,oos_first,50,50,8,0.75,6.0,0.625
audjpy,pullback_reversal_rsi,oos_second,50,50,12,0.3333333333333333,0.5714285714285714,-0.25
audjpy,pullback_reversal_rsi,oos_first,50,75,8,0.75,3.9999999999999996,0.375
audjpy,pullback_reversal_rsi,oos_second,50,75,12,0.3333333333333333,0.5333333333333333,-0.19444444444444445
audjpy,pullback_reversal_rsi,oos_first,75,50,8,0.375,1.5,0.1875
audjpy,pullback_reversal_rsi,oos_second,75,50,12,0.16666666666666666,0.42857142857142855,-0.3333333333333333
audjpy,pullback_reversal_rsi,oos_first,75,75,8,0.375,3.0,0.25
audjpy,pullback_reversal_rsi,oos_second,75,75,12,0.16666666666666666,0.4,-0.25
audjpy,mid_rsi_reversal,oos_first,50,50,4,0.25,0.3333333333333333,-0.5
audjpy,mid_rsi_reversal,oos_second,50,50,5,0.4,1.0,0.0
audjpy,mid_rsi_reversal,oos_first,50,75,4,0.25,0.3333333333333333,-0.33333333333333337
audjpy,mid_rsi_reversal,oos_second,50,75,5,0.4,0.6666666666666666,-0.13333333333333336
audjpy,mid_rsi_reversal,oos_first,75,50,4,0.25,0.5,-0.375
audjpy,mid_rsi_reversal,oos_second,75,50,5,0.0,0.0,-0.4
audjpy,mid_rsi_reversal,oos_first,75,75,4,0.25,0.5,-0.25
audjpy,mid_rsi_reversal,oos_second,75,75,5,0.0,0.0,-0.4
audjpy,pullback_reversal_macd,oos_first,50,50,8,0.5,1.3333333333333333,0.125
audjpy,pullback_reversal_macd,oos_second,50,50,12,0.16666666666666666,0.2222222222222222,-0.5833333333333334
audjpy,pullback_reversal_macd,oos_first,50,75,8,0.5,0.8888888888888888,-0.0416666666666667
audjpy,pullback_reversal_macd,oos_second,50,75,12,0.16666666666666666,0.19047619047619047,-0.47222222222222227
audjpy,pullback_reversal_macd,oos_first,75,50,8,0.25,0.75,-0.125
audjpy,pullback_reversal_macd,oos_second,75,50,12,0.0,0.0,-0.75
audjpy,pullback_reversal_macd,oos_first,75,75,8,0.25,0.6666666666666666,-0.125
audjpy,pullback_reversal_macd,oos_second,75,75,12,0.0,0.0,-0.5833333333333334
eurusd,pullback_reversal,oos_first,50,50,16,0.25,0.5714285714285714,-0.1875
eurusd,pullback_reversal,oos_second,50,50,20,0.2,0.4444444444444444,-0.25
eurusd,pullback_reversal,oos_first,50,75,16,0.3125,1.111111111111111,0.020833333333333322
eurusd,pullback_reversal,oos_second,50,75,20,0.2,0.6666666666666666,-0.06666666666666668
eurusd,pullback_reversal,oos_first,75,50,16,0.1875,0.6428571428571429,-0.15625
eurusd,pullback_reversal,oos_second,75,50,20,0.15,0.5,-0.225
eurusd,pullback_reversal,oos_first,75,75,16,0.25,1.3333333333333333,0.0625
eurusd,pullback_reversal,oos_second,75,75,20,0.15,0.75,-0.05
eurusd,pullback_reversal_rsi,oos_first,50,50,14,0.35714285714285715,0.7142857142857143,-0.14285714285714285
eurusd,pullback_reversal_rsi,oos_second,50,50,21,0.2857142857142857,0.75,-0.09523809523809523
eurusd,pullback_reversal_rsi,oos_first,50,75,14,0.35714285714285715,0.8333333333333333,-0.04761904761904762
eurusd,pullback_reversal_rsi,oos_second,50,75,21,0.2857142857142857,0.9999999999999999,-2.114710523095536e-17
eurusd,pullback_reversal_rsi,oos_first,75,50,14,0.2857142857142857,0.8571428571428571,-0.07142857142857142
eurusd,pullback_reversal_rsi,oos_second,75,50,21,0.14285714285714285,0.5625,-0.16666666666666666
eurusd,pullback_reversal_rsi,oos_first,75,75,14,0.2857142857142857,1.0,0.0
eurusd,pullback_reversal_rsi,oos_second,75,75,21,0.14285714285714285,0.75,-0.047619047619047616
eurusd,mid_rsi_reversal,oos_first,50,50,11,0.45454545454545453,1.0,0.0
eurusd,mid_rsi_reversal,oos_second,50,50,14,0.21428571428571427,0.6,-0.14285714285714285
eurusd,mid_rsi_reversal,oos_first,50,75,11,0.45454545454545453,1.6666666666666665,0.12121212121212119
eurusd,mid_rsi_reversal,oos_second,50,75,14,0.21428571428571427,1.0,-7.93016446160826e-18
eurusd,mid_rsi_reversal,oos_first,75,50,11,0.2727272727272727,0.9,-0.045454545454545456
eurusd,mid_rsi_reversal,oos_second,75,50,14,0.0,0.0,-0.35714285714285715
eurusd,mid_rsi_reversal,oos_first,75,75,11,0.2727272727272727,1.5,0.09090909090909091
eurusd,mid_rsi_reversal,oos_second,75,75,14,0.0,0.0,-0.14285714285714285
eurusd,pullback_reversal_macd,oos_first,50,50,16,0.1875,0.375,-0.3125
eurusd,pullback_reversal_macd,oos_second,50,50,19,0.2631578947368421,0.7142857142857143,-0.10526315789473684
eurusd,pullback_reversal_macd,oos_first,50,75,16,0.3125,0.8333333333333333,-0.041666666666666685
eurusd,pullback_reversal_macd,oos_second,50,75,19,0.2631578947368421,1.6666666666666665,0.07017543859649121
eurusd,pullback_reversal_macd,oos_first,75,50,16,0.1875,0.5625,-0.21875
eurusd,pullback_reversal_macd,oos_second,75,50,19,0.10526315789473684,0.375,-0.2631578947368421
eurusd,pullback_reversal_macd,oos_first,75,75,16,0.25,1.0,0.0
eurusd,pullback_reversal_macd,oos_second,75,75,19,0.10526315789473684,1.0,0.0
gbpusd,pullback_reversal,oos_first,50,50,16,0.4375,0.875,-0.0625
gbpusd,pullback_reversal,oos_second,50,50,12,0.25,0.6,-0.16666666666666666
gbpusd,pullback_reversal,oos_first,50,75,16,0.5,1.3333333333333333,0.08333333333333331
gbpusd,pullback_reversal,oos_second,50,75,12,0.25,0.5,-0.16666666666666666
gbpusd,pullback_reversal,oos_first,75,50,16,0.3125,0.9375,-0.03125
gbpusd,pullback_reversal,oos_second,75,50,12,0.16666666666666666,0.6,-0.16666666666666666
gbpusd,pullback_reversal,oos_first,75,75,16,0.3125,1.25,0.0625
gbpusd,pullback_reversal,oos_second,75,75,12,0.16666666666666666,0.5,-0.16666666666666666
gbpusd,pullback_reversal_rsi,oos_first,50,50,17,0.35294117647058826,0.75,-0.11764705882352941
gbpusd,pullback_reversal_rsi,oos_second,50,50,13,0.23076923076923078,0.6,-0.15384615384615385
gbpusd,pullback_reversal_rsi,oos_first,50,75,17,0.4117647058823529,0.7777777777777777,-0.07843137254901962
gbpusd,pullback_reversal_rsi,oos_second,50,75,13,0.23076923076923078,0.5,-0.15384615384615385
gbpusd,pullback_reversal_rsi,oos_first,75,50,17,0.29411764705882354,0.9375,-0.029411764705882353
gbpusd,pullback_reversal_rsi,oos_second,75,50,13,0.15384615384615385,0.5,-0.23076923076923078
gbpusd,pullback_reversal_rsi,oos_first,75,75,17,0.29411764705882354,0.8333333333333334,-0.058823529411764705
gbpusd,pullback_reversal_rsi,oos_second,75,75,13,0.23076923076923078,0.75,-0.07692307692307693
gbpusd,mid_rsi_reversal,oos_first,50,50,8,0.625,2.5,0.375
gbpusd,mid_rsi_reversal,oos_second,50,50,8,0.25,0.5,-0.25
gbpusd,mid_rsi_reversal,oos_first,50,75,8,0.625,3.333333333333333,0.29166666666666663
gbpusd,mid_rsi_reversal,oos_second,50,75,8,0.25,0.4444444444444444,-0.20833333333333334
gbpusd,mid_rsi_reversal,oos_first,75,50,8,0.5,3.0,0.5
gbpusd,mid_rsi_reversal,oos_second,75,50,8,0.25,0.75,-0.125
gbpusd,mid_rsi_reversal,oos_first,75,75,8,0.5,4.0,0.375
gbpusd,mid_rsi_reversal,oos_second,75,75,8,0.25,0.6666666666666666,-0.125
gbpusd,pullback_reversal_macd,oos_first,50,50,14,0.42857142857142855,0.8571428571428571,-0.07142857142857142
gbpusd,pullback_reversal_macd,oos_second,50,50,12,0.25,0.6,-0.16666666666666666
gbpusd,pullback_reversal_macd,oos_first,50,75,14,0.5,0.9333333333333332,-0.02380952380952383
gbpusd,pullback_reversal_macd,oos_second,50,75,12,0.25,0.6666666666666666,-0.08333333333333333
gbpusd,pullback_reversal_macd,oos_first,75,50,14,0.21428571428571427,0.6428571428571429,-0.17857142857142858
gbpusd,pullback_reversal_macd,oos_second,75,50,12,0.16666666666666666,0.5,-0.25
gbpusd,pullback_reversal_macd,oos_first,75,75,14,0.21428571428571427,0.6,-0.14285714285714285
gbpusd,pullback_reversal_macd,oos_second,75,75,12,0.25,1.0,0.0
audusd,pullback_reversal,oos_first,50,50,13,0.3076923076923077,2.0,0.15384615384615385
audusd,pullback_reversal,oos_second,50,50,11,0.45454545454545453,1.25,0.09090909090909091
audusd,pullback_reversal,oos_first,50,75,13,0.3076923076923077,2.6666666666666665,0.1282051282051282
audusd,pullback_reversal,oos_second,50,75,11,0.45454545454545453,3.333333333333333,0.2121212121212121
audusd,pullback_reversal,oos_first,75,50,13,0.07692307692307693,0.75,-0.038461538461538464
audusd,pullback_reversal,oos_second,75,50,11,0.18181818181818182,0.75,-0.09090909090909091
audusd,pullback_reversal,oos_first,75,75,13,0.07692307692307693,1.0,0.0
audusd,pullback_reversal,oos_second,75,75,11,0.18181818181818182,2.0,0.09090909090909091
audusd,pullback_reversal_rsi,oos_first,50,50,15,0.26666666666666666,1.0,0.0
audusd,pullback_reversal_rsi,oos_second,50,50,11,0.5454545454545454,2.0,0.2727272727272727
audusd,pullback_reversal_rsi,oos_first,50,75,15,0.26666666666666666,2.6666666666666665,0.1111111111111111
audusd,pullback_reversal_rsi,oos_second,50,75,11,0.5454545454545454,3.9999999999999996,0.2727272727272727
audusd,pullback_reversal_rsi,oos_first,75,50,15,0.0,0.0,-0.26666666666666666
audusd,pullback_reversal_rsi,oos_second,75,50,11,0.18181818181818182,1.0,0.0
audusd,pullback_reversal_rsi,oos_first,75,75,15,0.0,0.0,-0.06666666666666667
audusd,pullback_reversal_rsi,oos_second,75,75,11,0.18181818181818182,2.0,0.09090909090909091
audusd,mid_rsi_reversal,oos_first,50,50,10,0.3,3.0,0.2
audusd,mid_rsi_reversal,oos_second,50,50,6,0.16666666666666666,0.5,-0.16666666666666666
audusd,mid_rsi_reversal,oos_first,50,75,10,0.3,2.0,0.09999999999999999
audusd,mid_rsi_reversal,oos_second,50,75,6,0.16666666666666666,0.6666666666666666,-0.05555555555555556
audusd,mid_rsi_reversal,oos_first,75,50,10,0.1,1.5,0.05
audusd,mid_rsi_reversal,oos_second,75,50,6,0.0,0.0,-0.3333333333333333
audusd,mid_rsi_reversal,oos_first,75,75,10,0.1,1.0,0.0
audusd,mid_rsi_reversal,oos_second,75,75,6,0.0,0.0,-0.16666666666666666
audusd,pullback_reversal_macd,oos_first,50,50,13,0.23076923076923078,0.75,-0.07692307692307693
audusd,pullback_reversal_macd,oos_second,50,50,12,0.25,0.75,-0.08333333333333333
audusd,pullback_reversal_macd,oos_first,50,75,13,0.23076923076923078,1.0,-1.708035422500241e-17
audusd,pullback_reversal_macd,oos_second,50,75,12,0.25,2.0,0.08333333333333333
audusd,pullback_reversal_macd,oos_first,75,50,13,0.07692307692307693,0.375,-0.19230769230769232
audusd,pullback_reversal_macd,oos_second,75,50,12,0.16666666666666666,0.75,-0.08333333333333333
audusd,pullback_reversal_macd,oos_first,75,75,13,0.07692307692307693,0.5,-0.07692307692307693
audusd,pullback_reversal_macd,oos_second,75,75,12,0.16666666666666666,2.0,0.08333333333333333
nzdusd,pullback_reversal,oos_first,50,50,19,0.15789473684210525,0.6,-0.10526315789473684
nzdusd,pullback_reversal,oos_second,50,50,18,0.2777777777777778,1.25,0.05555555555555555
nzdusd,pullback_reversal,oos_first,50,75,19,0.15789473684210525,1.0,-5.843279076974508e-18
nzdusd,pullback_reversal,oos_second,50,75,18,0.3333333333333333,3.9999999999999996,0.16666666666666663
nzdusd,pullback_reversal,oos_first,75,50,19,0.10526315789473684,0.6,-0.10526315789473684
nzdusd,pullback_reversal,oos_second,75,50,18,0.1111111111111111,0.75,-0.05555555555555555
nzdusd,pullback_reversal,oos_first,75,75,19,0.10526315789473684,1.0,0.0
nzdusd,pullback_reversal,oos_second,75,75,18,0.1111111111111111,2.0,0.05555555555555555
nzdusd,pullback_reversal_rsi,oos_first,50,50,21,0.14285714285714285,0.42857142857142855,-0.19047619047619047
nzdusd,pullback_reversal_rsi,oos_second,50,50,20,0.15,0.6,-0.1
nzdusd,pullback_reversal_rsi,oos_first,50,75,21,0.14285714285714285,1.0,-5.28677630773884e-18
nzdusd,pullback_reversal_rsi,oos_second,50,75,20,0.2,1.3333333333333333,0.033333333333333326
nzdusd,pullback_reversal_rsi,oos_first,75,50,21,0.09523809523809523,0.42857142857142855,-0.19047619047619047
nzdusd,pullback_reversal_rsi,oos_second,75,50,20,0.1,0.6,-0.1
nzdusd,pullback_reversal_rsi,oos_first,75,75,21,0.09523809523809523,1.0,0.0
nzdusd,pullback_reversal_rsi,oos_second,75,75,20,0.1,1.0,0.0
nzdusd,mid_rsi_reversal,oos_first,50,50,15,0.0,0.0,-0.2
nzdusd,mid_rsi_reversal,oos_second,50,50,11,0.18181818181818182,1.0,0.0
nzdusd,mid_rsi_reversal,oos_first,50,75,15,0.0,inf,0.0
nzdusd,mid_rsi_reversal,oos_second,50,75,11,0.18181818181818182,inf,0.1212121212121212
nzdusd,mid_rsi_reversal,oos_first,75,50,15,0.0,0.0,-0.2
nzdusd,mid_rsi_reversal,oos_second,75,50,11,0.18181818181818182,1.5,0.09090909090909091
nzdusd,mid_rsi_reversal,oos_first,75,75,15,0.0,inf,0.0
nzdusd,mid_rsi_reversal,oos_second,75,75,11,0.18181818181818182,inf,0.18181818181818182
nzdusd,pullback_reversal_macd,oos_first,50,50,18,0.1111111111111111,0.5,-0.1111111111111111
nzdusd,pullback_reversal_macd,oos_second,50,50,18,0.2777777777777778,0.8333333333333334,-0.05555555555555555
nzdusd,pullback_reversal_macd,oos_first,50,75,18,0.1111111111111111,0.6666666666666666,-0.03703703703703704
nzdusd,pullback_reversal_macd,oos_second,50,75,18,0.2777777777777778,inf,0.18518518518518517
nzdusd,pullback_reversal_macd,oos_first,75,50,18,0.05555555555555555,0.375,-0.1388888888888889
nzdusd,pullback_reversal_macd,oos_second,75,50,18,0.16666666666666666,0.75,-0.08333333333333333
nzdusd,pullback_reversal_macd,oos_first,75,75,18,0.05555555555555555,0.5,-0.05555555555555555
nzdusd,pullback_reversal_macd,oos_second,75,75,18,0.16666666666666666,inf,0.16666666666666666
usdcad,pullback_reversal,oos_first,50,50,14,0.35714285714285715,1.0,0.0
usdcad,pullback_reversal,oos_second,50,50,12,0.25,0.375,-0.4166666666666667
usdcad,pullback_reversal,oos_first,50,75,14,0.35714285714285715,1.111111111111111,0.023809523809523805
usdcad,pullback_reversal,oos_second,50,75,12,0.25,0.4,-0.25
usdcad,pullback_reversal,oos_first,75,50,14,0.14285714285714285,0.5,-0.21428571428571427
usdcad,pullback_reversal,oos_second,75,50,12,0.16666666666666666,0.375,-0.4166666666666667
usdcad,pullback_reversal,oos_first,75,75,14,0.14285714285714285,0.5,-0.14285714285714285
usdcad,pullback_reversal,oos_second,75,75,12,0.16666666666666666,0.4,-0.25
usdcad,pullback_reversal_rsi,oos_first,50,50,15,0.4,1.2,0.06666666666666667
usdcad,pullback_reversal_rsi,oos_second,50,50,12,0.16666666666666666,0.2857142857142857,-0.4166666666666667
usdcad,pullback_reversal_rsi,oos_first,50,75,15,0.4,1.3333333333333333,0.06666666666666667
usdcad,pullback_reversal_rsi,oos_second,50,75,12,0.16666666666666666,0.3333333333333333,-0.22222222222222224
usdcad,pullback_reversal_rsi,oos_first,75,50,15,0.26666666666666666,1.0,0.0
usdcad,pullback_reversal_rsi,oos_second,75,50,12,0.0,0.0,-0.5833333333333334
usdcad,pullback_reversal_rsi,oos_first,75,75,15,0.26666666666666666,1.0,0.0
usdcad,pullback_reversal_rsi,oos_second,75,75,12,0.0,0.0,-0.3333333333333333
usdcad,mid_rsi_reversal,oos_first,50,50,10,0.5,2.5,0.3
usdcad,mid_rsi_reversal,oos_second,50,50,9,0.2222222222222222,0.4,-0.3333333333333333
usdcad,mid_rsi_reversal,oos_first,50,75,10,0.5,3.333333333333333,0.2333333333333333
usdcad,mid_rsi_reversal,oos_second,50,75,9,0.2222222222222222,0.4444444444444444,-0.18518518518518523
usdcad,mid_rsi_reversal,oos_first,75,50,10,0.2,1.5,0.1
usdcad,mid_rsi_reversal,oos_second,75,50,9,0.1111111111111111,0.3,-0.3888888888888889
usdcad,mid_rsi_reversal,oos_first,75,75,10,0.2,2.0,0.1
usdcad,mid_rsi_reversal,oos_second,75,75,9,0.1111111111111111,0.3333333333333333,-0.2222222222222222
usdcad,pullback_reversal_macd,oos_first,50,50,13,0.46153846153846156,1.2,0.07692307692307693
usdcad,pullback_reversal_macd,oos_second,50,50,11,0.18181818181818182,0.3333333333333333,-0.36363636363636365
usdcad,pullback_reversal_macd,oos_first,50,75,13,0.46153846153846156,1.3333333333333333,0.0769230769230769
usdcad,pullback_reversal_macd,oos_second,50,75,11,0.18181818181818182,0.4444444444444444,-0.15151515151515152
usdcad,pullback_reversal_macd,oos_first,75,50,13,0.23076923076923078,0.9,-0.038461538461538464
usdcad,pullback_reversal_macd,oos_second,75,50,11,0.0,0.0,-0.5454545454545454
usdcad,pullback_reversal_macd,oos_first,75,75,13,0.23076923076923078,1.0,0.0
usdcad,pullback_reversal_macd,oos_second,75,75,11,0.0,0.0,-0.2727272727272727
usdchf,pullback_reversal,oos_first,50,50,19,0.2631578947368421,0.8333333333333334,-0.05263157894736842
usdchf,pullback_reversal,oos_second,50,50,16,0.25,1.3333333333333333,0.0625
usdchf,pullback_reversal,oos_first,50,75,19,0.2631578947368421,0.8333333333333333,-0.03508771929824565
usdchf,pullback_reversal,oos_second,50,75,16,0.25,1.3333333333333333,0.04166666666666666
usdchf,pullback_reversal,oos_first,75,50,19,0.10526315789473684,0.5,-0.15789473684210525
usdchf,pullback_reversal,oos_second,75,50,16,0.125,1.0,0.0
usdchf,pullback_reversal,oos_first,75,75,19,0.10526315789473684,0.5,-0.10526315789473684
usdchf,pullback_reversal,oos_second,75,75,16,0.125,1.0,0.0
usdchf,pullback_reversal_rsi,oos_first,50,50,19,0.3157894736842105,1.5,0.10526315789473684
usdchf,pullback_reversal_rsi,oos_second,50,50,16,0.25,2.0,0.125
usdchf,pullback_reversal_rsi,oos_first,50,75,19,0.3157894736842105,1.3333333333333333,0.05263157894736842
usdchf,pullback_reversal_rsi,oos_second,50,75,16,0.25,2.6666666666666665,0.10416666666666666
usdchf,pullback_reversal_rsi,oos_first,75,50,19,0.15789473684210525,1.125,0.02631578947368421
usdchf,pullback_reversal_rsi,oos_second,75,50,16,0.125,1.5,0.0625
usdchf,pullback_reversal_rsi,oos_first,75,75,19,0.15789473684210525,1.0,0.0
usdchf,pullback_reversal_rsi,oos_second,75,75,16,0.125,2.0,0.0625
usdchf,mid_rsi_reversal,oos_first,50,50,14,0.35714285714285715,2.5,0.21428571428571427
usdchf,mid_rsi_reversal,oos_second,50,50,13,0.38461538461538464,5.0,0.3076923076923077
usdchf,mid_rsi_reversal,oos_first,50,75,14,0.35714285714285715,inf,0.23809523809523808
usdchf,mid_rsi_reversal,oos_second,50,75,13,0.38461538461538464,3.333333333333333,0.17948717948717946
usdchf,mid_rsi_reversal,oos_first,75,50,14,0.21428571428571427,2.25,0.17857142857142858
usdchf,mid_rsi_reversal,oos_second,75,50,13,0.07692307692307693,1.5,0.038461538461538464
usdchf,mid_rsi_reversal,oos_first,75,75,14,0.21428571428571427,inf,0.21428571428571427
usdchf,mid_rsi_reversal,oos_second,75,75,13,0.07692307692307693,1.0,0.0
usdchf,pullback_reversal_macd,oos_first,50,50,20,0.3,1.2,0.05
usdchf,pullback_reversal_macd,oos_second,50,50,16,0.125,0.6666666666666666,-0.0625
usdchf,pullback_reversal_macd,oos_first,50,75,20,0.3,1.3333333333333333,0.049999999999999996
usdchf,pullback_reversal_macd,oos_second,50,75,16,0.125,0.6666666666666666,-0.04166666666666667
usdchf,pullback_reversal_macd,oos_first,75,50,20,0.1,0.6,-0.1
usdchf,pullback_reversal_macd,oos_second,75,50,16,0.0625,0.5,-0.09375
usdchf,pullback_reversal_macd,oos_first,75,75,20,0.1,0.6666666666666666,-0.05
usdchf,pullback_reversal_macd,oos_second,75,75,16,0.0625,0.5,-0.0625
eurgbp,pullback_reversal,oos_first,50,50,17,0.0,0.0,-0.058823529411764705
eurgbp,pullback_reversal,oos_second,50,50,20,0.05,1.0,0.0
eurgbp,pullback_reversal,oos_first,50,75,17,0.0,inf,0.0
eurgbp,pullback_reversal,oos_second,50,75,20,0.05,inf,0.03333333333333333
eurgbp,pullback_reversal,oos_first,75,50,17,0.0,0.0,-0.058823529411764705
eurgbp,pullback_reversal,oos_second,75,50,20,0.0,0.0,-0.05
eurgbp,pullback_reversal,oos_first,75,75,17,0.0,inf,0.0
eurgbp,pullback_reversal,oos_second,75,75,20,0.0,inf,0.0
eurgbp,pullback_reversal_rsi,oos_first,50,50,18,0.05555555555555555,1.0,0.0
eurgbp,pullback_reversal_rsi,oos_second,50,50,23,0.0,0.0,-0.043478260869565216
eurgbp,pullback_reversal_rsi,oos_first,50,75,18,0.05555555555555555,inf,0.037037037037037035
eurgbp,pullback_reversal_rsi,oos_second,50,75,23,0.0,inf,0.0
eurgbp,pullback_reversal_rsi,oos_first,75,50,18,0.0,0.0,-0.05555555555555555
eurgbp,pullback_reversal_rsi,oos_second,75,50,23,0.0,0.0,-0.043478260869565216
eurgbp,pullback_reversal_rsi,oos_first,75,75,18,0.0,inf,0.0
eurgbp,pullback_reversal_rsi,oos_second,75,75,23,0.0,inf,0.0
eurgbp,mid_rsi_reversal,oos_first,50,50,11,0.0,inf,0.0
eurgbp,mid_rsi_reversal,oos_second,50,50,12,0.0,0.0,-0.08333333333333333
eurgbp,mid_rsi_reversal,oos_first,50,75,11,0.0,inf,0.0
eurgbp,mid_rsi_reversal,oos_second,50,75,12,0.0,inf,0.0
eurgbp,mid_rsi_reversal,oos_first,75,50,11,0.0,inf,0.0
eurgbp,mid_rsi_reversal,oos_second,75,50,12,0.0,0.0,-0.08333333333333333
eurgbp,mid_rsi_reversal,oos_first,75,75,11,0.0,inf,0.0
eurgbp,mid_rsi_reversal,oos_second,75,75,12,0.0,inf,0.0
eurgbp,pullback_reversal_macd,oos_first,50,50,16,0.0625,1.0,0.0
eurgbp,pullback_reversal_macd,oos_second,50,50,21,0.0,0.0,-0.047619047619047616
eurgbp,pullback_reversal_macd,oos_first,50,75,16,0.0625,inf,0.041666666666666664
eurgbp,pullback_reversal_macd,oos_second,50,75,21,0.0,inf,0.0
eurgbp,pullback_reversal_macd,oos_first,75,50,16,0.0,0.0,-0.0625
eurgbp,pullback_reversal_macd,oos_second,75,50,21,0.0,0.0,-0.047619047619047616
eurgbp,pullback_reversal_macd,oos_first,75,75,16,0.0,inf,0.0
eurgbp,pullback_reversal_macd,oos_second,75,75,21,0.0,inf,0.0
audnzd,pullback_reversal,oos_first,50,50,10,0.4,4.0,0.3
audnzd,pullback_reversal,oos_second,50,50,11,0.5454545454545454,3.0,0.36363636363636365
audnzd,pullback_reversal,oos_first,50,75,10,0.4,2.6666666666666665,0.16666666666666666
audnzd,pullback_reversal,oos_second,50,75,11,0.5454545454545454,3.9999999999999996,0.2727272727272727
audnzd,pullback_reversal,oos_first,75,50,10,0.1,1.5,0.05
audnzd,pullback_reversal,oos_second,75,50,11,0.18181818181818182,1.5,0.09090909090909091
audnzd,pullback_reversal,oos_first,75,75,10,0.1,1.0,0.0
audnzd,pullback_reversal,oos_second,75,75,11,0.18181818181818182,2.0,0.09090909090909091
audnzd,pullback_reversal_rsi,oos_first,50,50,10,0.3,1.0,0.0
audnzd,pullback_reversal_rsi,oos_second,50,50,13,0.46153846153846156,1.5,0.15384615384615385
audnzd,pullback_reversal_rsi,oos_first,50,75,10,0.3,2.0,0.09999999999999999
audnzd,pullback_reversal_rsi,oos_second,50,75,13,0.46153846153846156,1.9999999999999998,0.1538461538461538
audnzd,pullback_reversal_rsi,oos_first,75,50,10,0.2,1.0,0.0
audnzd,pullback_reversal_rsi,oos_second,75,50,13,0.15384615384615385,0.75,-0.07692307692307693
audnzd,pullback_reversal_rsi,oos_first,75,75,10,0.2,2.0,0.1
audnzd,pullback_reversal_rsi,oos_second,75,75,13,0.15384615384615385,1.0,0.0
audnzd,mid_rsi_reversal,oos_first,50,50,6,0.16666666666666666,0.5,-0.16666666666666666
audnzd,mid_rsi_reversal,oos_second,50,50,8,0.625,5.0,0.5
audnzd,mid_rsi_reversal,oos_first,50,75,6,0.16666666666666666,0.6666666666666666,-0.05555555555555556
audnzd,mid_rsi_reversal,oos_second,50,75,8,0.625,inf,0.41666666666666663
audnzd,mid_rsi_reversal,oos_first,75,50,6,0.16666666666666666,0.75,-0.08333333333333333
audnzd,mid_rsi_reversal,oos_second,75,50,8,0.25,3.0,0.25
audnzd,mid_rsi_reversal,oos_first,75,75,6,0.16666666666666666,1.0,0.0
audnzd,mid_rsi_reversal,oos_second,75,75,8,0.25,inf,0.25
audnzd,pullback_reversal_macd,oos_first,50,50,9,0.2222222222222222,1.0,0.0
audnzd,pullback_reversal_macd,oos_second,50,50,13,0.46153846153846156,1.5,0.15384615384615385
audnzd,pullback_reversal_macd,oos_first,50,75,9,0.2222222222222222,1.3333333333333333,0.03703703703703703
audnzd,pullback_reversal_macd,oos_second,50,75,13,0.46153846153846156,1.9999999999999998,0.1538461538461538
audnzd,pullback_reversal_macd,oos_first,75,50,9,0.1111111111111111,0.75,-0.05555555555555555
audnzd,pullback_reversal_macd,oos_second,75,50,13,0.07692307692307693,0.375,-0.19230769230769232
audnzd,pullback_reversal_macd,oos_first,75,75,9,0.1111111111111111,1.0,0.0
audnzd,pullback_reversal_macd,oos_second,75,75,13,0.07692307692307693,0.5,-0.07692307692307693
