pair,structure,split,tp,sl,cost_pips,signals,resolved,wins,win_rate,pf,expectancy_R,net_R
usdjpy,pullback_reversal_rsi,discovery,50,75,0.5,79,60,33,0.55,0.8013245033112584,-0.08999999999999994,-5.399999999999997
usdjpy,pullback_reversal_rsi,discovery,50,75,1.0,79,60,33,0.55,0.7880116959064328,-0.0966666666666667,-5.8000000000000025
usdjpy,pullback_reversal_rsi,discovery,50,75,2.0,79,60,33,0.55,0.7619047619047619,-0.10999999999999996,-6.599999999999998
usdjpy,pullback_reversal_rsi,discovery,50,75,3.0,79,60,33,0.55,0.7364672364672366,-0.12333333333333331,-7.399999999999999
usdjpy,pullback_reversal_rsi,discovery,50,75,5.0,79,60,33,0.55,0.6875,-0.15,-9.0
usdjpy,pullback_reversal_rsi,validation,50,75,0.5,35,35,21,0.6,0.983443708609272,-0.006666666666666643,-0.2333333333333325
usdjpy,pullback_reversal_rsi,validation,50,75,1.0,35,35,21,0.6,0.9671052631578942,-0.013333333333333355,-0.46666666666666745
usdjpy,pullback_reversal_rsi,validation,50,75,2.0,35,35,21,0.6,0.935064935064935,-0.026666666666666665,-0.9333333333333332
usdjpy,pullback_reversal_rsi,validation,50,75,3.0,35,35,21,0.6,0.9038461538461543,-0.039999999999999966,-1.3999999999999988
usdjpy,pullback_reversal_rsi,validation,50,75,5.0,35,35,21,0.6,0.8437499999999999,-0.0666666666666667,-2.3333333333333344
usdjpy,pullback_reversal_rsi,oos,50,75,0.5,30,27,23,0.8518518518518519,3.769867549668875,0.41308641975308646,11.153333333333334
usdjpy,pullback_reversal_rsi,oos,50,75,1.0,30,27,23,0.8518518518518519,3.707236842105261,0.40641975308641975,10.973333333333333
usdjpy,pullback_reversal_rsi,oos,50,75,2.0,30,27,23,0.8518518518518519,3.5844155844155856,0.3930864197530864,10.613333333333333
usdjpy,pullback_reversal_rsi,oos,50,75,3.0,30,27,23,0.8518518518518519,3.4647435897435903,0.3797530864197531,10.253333333333334
usdjpy,pullback_reversal_rsi,oos,50,75,5.0,30,27,23,0.8518518518518519,3.2343749999999996,0.35308641975308636,9.533333333333331
eurjpy,pullback_reversal_rsi,discovery,50,75,0.5,97,84,58,0.6904761904761905,1.4625573102394294,0.1441269841269842,12.106666666666673
eurjpy,pullback_reversal_rsi,discovery,50,75,1.0,97,84,58,0.6904761904761905,1.4382591093117412,0.1374603174603174,11.546666666666662
eurjpy,pullback_reversal_rsi,discovery,50,75,2.0,97,84,58,0.6904761904761905,1.3906093906093906,0.12412698412698418,10.426666666666671
eurjpy,pullback_reversal_rsi,discovery,50,75,3.0,97,84,58,0.6904761904761905,1.3441814595660753,0.11079365079365086,9.306666666666672
eurjpy,pullback_reversal_rsi,discovery,50,75,5.0,97,84,58,0.6904761904761905,1.2548076923076925,0.08412698412698412,7.066666666666666
eurjpy,pullback_reversal_rsi,validation,50,75,0.5,30,30,19,0.6333333333333333,1.1324503311258283,0.04888888888888894,1.4666666666666681
eurjpy,pullback_reversal_rsi,validation,50,75,1.0,30,30,19,0.6333333333333333,1.1136363636363633,0.04222222222222217,1.266666666666665
eurjpy,pullback_reversal_rsi,validation,50,75,2.0,30,30,19,0.6333333333333333,1.076741440377804,0.02888888888888892,0.8666666666666676
eurjpy,pullback_reversal_rsi,validation,50,75,3.0,30,30,19,0.6333333333333333,1.0407925407925411,0.015555555555555581,0.46666666666666745
eurjpy,pullback_reversal_rsi,validation,50,75,5.0,30,30,19,0.6333333333333333,0.9715909090909091,-0.011111111111111124,-0.3333333333333337
eurjpy,pullback_reversal_rsi,oos,50,75,0.5,30,28,23,0.8214285714285714,3.0158940397350995,0.3623809523809524,10.146666666666668
eurjpy,pullback_reversal_rsi,oos,50,75,1.0,30,28,23,0.8214285714285714,2.9657894736842088,0.3557142857142856,9.959999999999997
eurjpy,pullback_reversal_rsi,oos,50,75,2.0,30,28,23,0.8214285714285714,2.8675324675324685,0.3423809523809524,9.586666666666668
eurjpy,pullback_reversal_rsi,oos,50,75,3.0,30,28,23,0.8214285714285714,2.771794871794872,0.3290476190476191,9.213333333333335
eurjpy,pullback_reversal_rsi,oos,50,75,5.0,30,28,23,0.8214285714285714,2.5874999999999995,0.3023809523809523,8.466666666666665
gbpjpy,pullback_reversal,discovery,75,50,0.5,82,80,39,0.4875,1.403284230862111,0.20875000000000005,16.700000000000003
gbpjpy,pullback_reversal,discovery,75,50,1.0,82,80,39,0.4875,1.3802008608321372,0.19875,15.9
gbpjpy,pullback_reversal,discovery,75,50,2.0,82,80,39,0.4875,1.3353658536585367,0.17874999999999996,14.299999999999997
gbpjpy,pullback_reversal,discovery,75,50,3.0,82,80,39,0.4875,1.2922227335480896,0.15874999999999992,12.699999999999994
gbpjpy,pullback_reversal,discovery,75,50,5.0,82,80,39,0.4875,1.210643015521064,0.11874999999999994,9.499999999999995
gbpjpy,pullback_reversal,validation,75,50,0.5,33,32,11,0.34375,0.7727487034417725,-0.150625,-4.82
gbpjpy,pullback_reversal,validation,75,50,1.0,33,32,11,0.34375,0.7600373482726425,-0.16062500000000002,-5.140000000000001
gbpjpy,pullback_reversal,validation,75,50,2.0,33,32,11,0.34375,0.7353479853479856,-0.18062500000000004,-5.780000000000001
gbpjpy,pullback_reversal,validation,75,50,3.0,33,32,11,0.34375,0.711590296495957,-0.20062500000000005,-6.420000000000002
gbpjpy,pullback_reversal,validation,75,50,5.0,33,32,11,0.34375,0.6666666666666664,-0.2406250000000001,-7.700000000000003
gbpjpy,pullback_reversal,oos,75,50,0.5,26,25,16,0.64,2.6226622662266226,0.59,14.749999999999998
gbpjpy,pullback_reversal,oos,75,50,1.0,26,25,16,0.64,2.579520697167756,0.58,14.5
gbpjpy,pullback_reversal,oos,75,50,2.0,26,25,16,0.64,2.4957264957264957,0.56,14.0
gbpjpy,pullback_reversal,oos,75,50,3.0,26,25,16,0.64,2.415094339622641,0.5399999999999999,13.499999999999998
gbpjpy,pullback_reversal,oos,75,50,5.0,26,25,16,0.64,2.2626262626262625,0.49999999999999994,12.499999999999998
usdchf,pullback_reversal_rsi,discovery,50,50,0.5,111,79,47,0.5949367088607594,1.4396658415841588,0.17987341772151902,14.210000000000003
usdchf,pullback_reversal_rsi,discovery,50,50,1.0,111,79,47,0.5949367088607594,1.411151960784313,0.169873417721519,13.420000000000002
usdchf,pullback_reversal_rsi,discovery,50,50,2.0,111,79,47,0.5949367088607594,1.3557692307692308,0.14987341772151902,11.840000000000003
usdchf,pullback_reversal_rsi,discovery,50,50,3.0,111,79,47,0.5949367088607594,1.3024764150943389,0.1298734177215189,10.259999999999993
usdchf,pullback_reversal_rsi,discovery,50,50,5.0,111,79,47,0.5949367088607594,1.201704545454545,0.08987341772151898,7.1
usdchf,pullback_reversal_rsi,validation,50,50,0.5,42,31,16,0.5161290322580645,1.0455445544554456,0.022258064516129022,0.6899999999999997
usdchf,pullback_reversal_rsi,validation,50,50,1.0,42,31,16,0.5161290322580645,1.0248366013071897,0.012258064516129015,0.37999999999999945
usdchf,pullback_reversal_rsi,validation,50,50,2.0,42,31,16,0.5161290322580645,0.9846153846153849,-0.007741935483871003,-0.2400000000000011
usdchf,pullback_reversal_rsi,validation,50,50,3.0,42,31,16,0.5161290322580645,0.9459119496855343,-0.027741935483871022,-0.8600000000000017
usdchf,pullback_reversal_rsi,validation,50,50,5.0,42,31,16,0.5161290322580645,0.8727272727272728,-0.06774193548387103,-2.100000000000002
usdchf,pullback_reversal_rsi,oos,50,50,0.5,35,16,10,0.625,1.6336633663366338,0.24,3.84
usdchf,pullback_reversal_rsi,oos,50,50,1.0,35,16,10,0.625,1.601307189542484,0.22999999999999998,3.6799999999999997
usdchf,pullback_reversal_rsi,oos,50,50,2.0,35,16,10,0.625,1.5384615384615385,0.20999999999999996,3.3599999999999994
usdchf,pullback_reversal_rsi,oos,50,50,3.0,35,16,10,0.625,1.4779874213836472,0.18999999999999995,3.039999999999999
usdchf,pullback_reversal_rsi,oos,50,50,5.0,35,16,10,0.625,1.3636363636363638,0.15,2.4
audusd,pullback_reversal_rsi,discovery,50,75,0.5,136,91,57,0.6263736263736264,1.0991429684456564,0.03728937728937734,3.393333333333338
audusd,pullback_reversal_rsi,discovery,50,75,1.0,136,91,57,0.6263736263736264,1.0808823529411764,0.030622710622710568,2.7866666666666617
audusd,pullback_reversal_rsi,discovery,50,75,2.0,136,91,57,0.6263736263736264,1.0450725744843394,0.017289377289377326,1.5733333333333366
audusd,pullback_reversal_rsi,discovery,50,75,3.0,136,91,57,0.6263736263736264,1.0101809954751133,0.0039560439560439985,0.3600000000000039
audusd,pullback_reversal_rsi,discovery,50,75,5.0,136,91,57,0.6263736263736264,0.9430147058823528,-0.022710622710622717,-2.0666666666666673
audusd,pullback_reversal_rsi,validation,50,75,0.5,42,21,14,0.6666666666666666,1.3112582781456954,0.10444444444444449,2.1933333333333342
audusd,pullback_reversal_rsi,validation,50,75,1.0,42,21,14,0.6666666666666666,1.2894736842105259,0.09777777777777776,2.053333333333333
audusd,pullback_reversal_rsi,validation,50,75,2.0,42,21,14,0.6666666666666666,1.2467532467532467,0.08444444444444447,1.7733333333333339
audusd,pullback_reversal_rsi,validation,50,75,3.0,42,21,14,0.6666666666666666,1.2051282051282053,0.07111111111111114,1.4933333333333338
audusd,pullback_reversal_rsi,validation,50,75,5.0,42,21,14,0.6666666666666666,1.125,0.04444444444444443,0.933333333333333
audusd,pullback_reversal_rsi,oos,50,75,0.5,27,13,11,0.8461538461538461,3.605960264900663,0.40358974358974364,5.246666666666667
audusd,pullback_reversal_rsi,oos,50,75,1.0,27,13,11,0.8461538461538461,3.546052631578947,0.3969230769230769,5.159999999999999
audusd,pullback_reversal_rsi,oos,50,75,2.0,27,13,11,0.8461538461538461,3.4285714285714284,0.38358974358974357,4.986666666666666
audusd,pullback_reversal_rsi,oos,50,75,3.0,27,13,11,0.8461538461538461,3.3141025641025643,0.3702564102564103,4.813333333333334
audusd,pullback_reversal_rsi,oos,50,75,5.0,27,13,11,0.8461538461538461,3.0937499999999996,0.34358974358974353,4.466666666666666
audnzd,pullback_reversal,discovery,50,50,0.5,110,57,26,0.45614035087719296,0.8221015649952087,-0.09771929824561404,-5.57
audnzd,pullback_reversal,discovery,50,50,1.0,110,57,26,0.45614035087719296,0.8058191018342822,-0.10771929824561405,-6.140000000000001
audnzd,pullback_reversal,discovery,50,50,2.0,110,57,26,0.45614035087719296,0.774193548387097,-0.12771929824561407,-7.280000000000002
audnzd,pullback_reversal,discovery,50,50,3.0,110,57,26,0.45614035087719296,0.7437614120511262,-0.14771929824561408,-8.420000000000003
audnzd,pullback_reversal,discovery,50,50,5.0,110,57,26,0.45614035087719296,0.6862170087976538,-0.1877192982456141,-10.700000000000003
audnzd,pullback_reversal,validation,50,50,0.5,35,12,6,0.5,0.9801980198019803,-0.010000000000000009,-0.1200000000000001
audnzd,pullback_reversal,validation,50,50,1.0,35,12,6,0.5,0.9607843137254904,-0.020000000000000018,-0.2400000000000002
audnzd,pullback_reversal,validation,50,50,2.0,35,12,6,0.5,0.923076923076923,-0.040000000000000036,-0.4800000000000004
audnzd,pullback_reversal,validation,50,50,3.0,35,12,6,0.5,0.8867924528301884,-0.06000000000000005,-0.7200000000000006
audnzd,pullback_reversal,validation,50,50,5.0,35,12,6,0.5,0.8181818181818182,-0.10000000000000005,-1.2000000000000006
audnzd,pullback_reversal,oos,50,50,0.5,21,13,10,0.7692307692307693,3.267326732673267,0.5284615384615385,6.870000000000001
audnzd,pullback_reversal,oos,50,50,1.0,21,13,10,0.7692307692307693,3.2026143790849675,0.5184615384615386,6.740000000000002
audnzd,pullback_reversal,oos,50,50,2.0,21,13,10,0.7692307692307693,3.076923076923077,0.4984615384615384,6.4799999999999995
audnzd,pullback_reversal,oos,50,50,3.0,21,13,10,0.7692307692307693,2.955974842767295,0.4784615384615382,6.219999999999997
audnzd,pullback_reversal,oos,50,50,5.0,21,13,10,0.7692307692307693,2.727272727272727,0.43846153846153846,5.7
