pair,split,entry,tp,sl,horizon,trades,win_rate,pf_3p,expR_3p,netR_3p,pf_5p,expR_5p,netR_5p,is_frozen
eurjpy,discovery,next_open,75,20,48,97,0.25773195876288657,1.0791062801932367,0.06752577319587659,6.550000000000029,0.9650000000000003,-0.03247422680412348,-3.1499999999999773,0
eurjpy,discovery,next_open,75,20,72,82,0.23170731707317074,0.9440993788819869,-0.04939024390243898,-4.049999999999996,0.8444444444444444,-0.14939024390243902,-12.25,0
eurjpy,discovery,next_open,75,20,96,76,0.2631578947368421,1.1180124223602481,0.10000000000000002,7.600000000000001,1.0,0.0,0.0,0
eurjpy,discovery,next_open,75,40,48,97,0.44329896907216493,1.31059726810106,0.17932989690721582,17.394999999999936,1.2136137244050897,0.12932989690721577,12.54499999999993,0
eurjpy,discovery,next_open,75,40,72,82,0.3902439024390244,1.0614159795280065,0.03951219512195106,3.239999999999987,0.9844357976653694,-0.010487804878048948,-0.8600000000000136,0
eurjpy,discovery,next_open,75,40,96,76,0.4342105263157895,1.2903491888919445,0.1736842105263163,13.200000000000038,1.1974271462326078,0.12368421052631624,9.400000000000034,0
eurjpy,discovery,next_open,75,65,48,97,0.5567010309278351,1.4539770189613825,0.17733544805709625,17.201538461538338,1.3621365310760989,0.14656621728786556,14.21692307692296,0
eurjpy,discovery,next_open,75,65,72,82,0.5121951219512195,1.119851975647604,0.05651031894934218,4.633846153846059,1.0529096448266533,0.025741088180111477,2.110769230769141,0
eurjpy,discovery,next_open,75,65,96,76,0.5526315789473685,1.328286743581558,0.14572874493927107,11.075384615384602,1.2511831571498073,0.1149595141700404,8.73692307692307,0
eurjpy,discovery,next_open,100,20,48,97,0.24742268041237114,1.2481834425253127,0.21479381443299003,20.835000000000033,1.1220273972602743,0.11479381443299004,11.135000000000034,0
eurjpy,discovery,next_open,100,20,72,82,0.1951219512195122,0.9282608695652179,-0.06640243902438955,-5.444999999999943,0.8346060606060614,-0.1664024390243895,-13.64499999999994,0
eurjpy,discovery,next_open,100,20,96,76,0.23684210526315788,1.3035158326372531,0.262960526315789,19.984999999999964,1.1728662153674363,0.16296052631578897,12.384999999999962,0
eurjpy,discovery,next_open,100,40,48,97,0.422680412371134,1.4068867681196782,0.2439432989690715,23.662499999999934,1.3085154360214817,0.1939432989690715,18.812499999999936,0
eurjpy,discovery,next_open,100,40,72,82,0.34146341463414637,1.0144159144684954,0.010030487804878557,0.8225000000000418,0.9451510333863283,-0.03996951219512138,-3.2774999999999537,1
eurjpy,discovery,next_open,100,40,96,76,0.3815789473684211,1.3765229855636314,0.2419407894736839,18.387499999999974,1.284995604180912,0.1919407894736839,14.587499999999977,0
eurjpy,discovery,next_open,100,65,48,97,0.5051546391752577,1.3817813325612502,0.16731165741474904,16.229230769230657,1.3008036338224982,0.13654242664551838,13.244615384615283,0
eurjpy,discovery,next_open,100,65,72,82,0.43902439024390244,0.9562665921475478,-0.023489681050656575,-1.926153846153839,0.9021253553540005,-0.05425891181988726,-4.4492307692307556,0
eurjpy,discovery,next_open,100,65,96,76,0.4605263157894737,1.230094043887146,0.11886639676113298,9.033846153846106,1.1652239939255873,0.08809716599190232,6.695384615384576,0
eurjpy,discovery,next_open,125,20,48,97,0.2268041237113402,1.252811594202897,0.22479381443298896,21.80499999999993,1.1291199999999992,0.124793814432989,12.104999999999933,0
eurjpy,discovery,next_open,125,20,72,82,0.18292682926829268,1.0256327060350423,0.024085365853659016,1.9750000000000392,0.9256716417910453,-0.07591463414634088,-6.224999999999952,0
eurjpy,discovery,next_open,125,20,96,76,0.21052631578947367,1.353364149974319,0.31684210526315787,24.08,1.2222671791759392,0.21684210526315795,16.480000000000004,0
eurjpy,discovery,next_open,125,40,48,97,0.38144329896907214,1.3088623809142557,0.19886597938144224,19.289999999999896,1.220533771142757,0.14886597938144225,14.439999999999898,0
eurjpy,discovery,next_open,125,40,72,82,0.3048780487804878,1.0257433226944404,0.01868902439024452,1.5325000000000506,0.9588409746713699,-0.03131097560975544,-2.5674999999999457,0
eurjpy,discovery,next_open,125,40,96,76,0.32894736842105265,1.3163639785452146,0.22118421052631576,16.81,1.2336356289844663,0.17118421052631577,13.009999999999998,0
eurjpy,discovery,next_open,125,65,48,97,0.4742268041237113,1.3080111893768285,0.14494845360824593,14.059999999999857,1.234342447916663,0.11417922283901527,11.07538461538448,0
eurjpy,discovery,next_open,125,65,72,82,0.4146341463414634,1.0401521842516477,0.02217636022514087,1.8184615384615512,0.9849332192907432,-0.008592870544089791,-0.7046153846153629,0
eurjpy,discovery,next_open,125,65,96,76,0.4342105263157895,1.310193452380951,0.16878542510121414,12.827692307692274,1.2457822638788743,0.13801619433198348,10.489230769230744,0
eurjpy,discovery,break_signal_high,75,20,48,92,0.31521739130434784,1.3263630089717033,0.2570108695652174,23.645000000000003,1.1834285714285713,0.15701086956521731,14.444999999999993,0
eurjpy,discovery,break_signal_high,75,20,72,75,0.29333333333333333,1.207629204265794,0.1687333333333353,12.655000000000147,1.077811320754719,0.06873333333333524,5.155000000000143,0
eurjpy,discovery,break_signal_high,75,20,96,70,0.3,1.3416149068322978,0.2750000000000002,19.250000000000014,1.2,0.175,12.25,0
eurjpy,discovery,break_signal_high,75,40,48,92,0.40217391304347827,1.0781774792292729,0.048070652173913105,4.422500000000006,0.9970077545515847,-0.001929347826086901,-0.17749999999999488,0
eurjpy,discovery,break_signal_high,75,40,72,75,0.38666666666666666,1.0021807485546212,0.0014333333333344958,0.10750000000008719,0.9294020738443665,-0.04856666666666551,-3.642499999999913,0
eurjpy,discovery,break_signal_high,75,40,96,70,0.37142857142857144,1.0244623214578887,0.01596428571428604,1.117500000000023,0.9502427818096386,-0.03403571428571398,-2.382499999999979,0
eurjpy,discovery,break_signal_high,75,65,48,92,0.5652173913043478,1.445413159250991,0.17342809364548561,15.955384615384677,1.3542185683441321,0.14265886287625495,13.124615384615456,0
eurjpy,discovery,break_signal_high,75,65,72,75,0.56,1.3107699464991867,0.13702564102564146,10.27692307692311,1.2338072669826234,0.1062564102564108,7.96923076923081,0
eurjpy,discovery,break_signal_high,75,65,96,70,0.5285714285714286,1.2469247209688932,0.11426373626373691,7.998461538461584,1.1749481924936702,0.08349450549450625,5.844615384615437,0
eurjpy,discovery,break_signal_high,100,20,48,92,0.30434782608695654,1.5637228260869582,0.45097826086956694,41.49000000000016,1.4036250000000021,0.35097826086956696,32.29000000000016,0
eurjpy,discovery,break_signal_high,100,20,72,75,0.24,1.1515901880368369,0.13060000000000319,9.79500000000024,1.032638839507932,0.030600000000003243,2.2950000000002433,0
eurjpy,discovery,break_signal_high,100,20,96,70,0.2571428571428571,1.391053511705686,0.3340714285714291,23.385000000000034,1.2520769230769235,0.23407142857142904,16.385000000000034,0
eurjpy,discovery,break_signal_high,100,40,48,92,0.3804347826086957,1.1862653269754793,0.11888586956521908,10.937500000000156,1.1029316225434491,0.06888586956521915,6.337500000000162,0
eurjpy,discovery,break_signal_high,100,40,72,75,0.32,0.937011948442941,-0.04463333333333185,-3.347499999999889,0.8725648621958904,-0.09463333333333178,-7.097499999999883,0
eurjpy,discovery,break_signal_high,100,40,96,70,0.3142857142857143,1.026209173210624,0.0187142857142862,1.310000000000034,0.9581921443230094,-0.031285714285713744,-2.189999999999962,0
eurjpy,discovery,break_signal_high,100,65,48,92,0.5217391304347826,1.4991754358410614,0.2125919732441494,19.558461538461746,1.4126688932746374,0.18182274247491875,16.727692307692525,0
eurjpy,discovery,break_signal_high,100,65,72,75,0.48,1.1967891634265677,0.09655384615384797,7.241538461538598,1.1298433134944765,0.06578461538461726,4.933846153846295,0
eurjpy,discovery,break_signal_high,100,65,96,70,0.45714285714285713,1.214151377105364,0.11261538461538582,7.883076923077008,1.150848624782276,0.08184615384615516,5.7292307692308615,0
eurjpy,discovery,break_signal_high,125,20,48,92,0.29347826086956524,1.642541806020069,0.5220652173913066,48.03000000000021,1.4779076923076948,0.42206521739130665,38.83000000000021,0
eurjpy,discovery,break_signal_high,125,20,72,75,0.22666666666666666,1.2582680757241729,0.22646666666667017,16.985000000000262,1.132536854607703,0.12646666666667025,9.48500000000027,0
eurjpy,discovery,break_signal_high,125,20,96,70,0.2571428571428571,1.6772575250836137,0.5785714285714302,40.500000000000114,1.515384615384617,0.4785714285714302,33.500000000000114,0
eurjpy,discovery,break_signal_high,125,40,48,92,0.358695652173913,1.1984967964514566,0.1313315217391324,12.08250000000018,1.1172438107176463,0.08133152173913247,7.4825000000001864,0
eurjpy,discovery,break_signal_high,125,40,72,75,0.29333333333333333,0.9773487657111871,-0.01669999999999833,-1.252499999999875,0.9136681335749439,-0.06669999999999826,-5.00249999999987,0
eurjpy,discovery,break_signal_high,125,40,96,70,0.3,1.1614356362924165,0.11775000000000106,8.242500000000074,1.0886324347054166,0.06775000000000111,4.742500000000078,0
eurjpy,discovery,break_signal_high,125,65,48,92,0.5,1.472901446250194,0.21215719063545474,19.518461538461835,1.390911056652739,0.18138795986622408,16.687692307692615,0
eurjpy,discovery,break_signal_high,125,65,72,75,0.4533333333333333,1.2244550812927772,0.11638974358974591,8.729230769230943,1.159929499214534,0.08562051282051525,6.421538461538644,0
eurjpy,discovery,break_signal_high,125,65,96,70,0.44285714285714284,1.3725769090096347,0.2014945054945074,14.104615384615517,1.3059833773191036,0.17072527472527674,11.950769230769371,0
eurjpy,discovery,confirm_1bar,75,20,48,80,0.3375,1.4867345236108802,0.3646250000000009,29.170000000000073,1.3245439215085093,0.2646250000000009,21.170000000000073,0
eurjpy,discovery,confirm_1bar,75,20,72,70,0.2857142857142857,1.270737733851043,0.21914285714285858,15.340000000000101,1.1352578657152141,0.11914285714285841,8.340000000000089,0
eurjpy,discovery,confirm_1bar,75,20,96,65,0.2923076923076923,1.2930056710775049,0.23846153846153853,15.500000000000005,1.1565217391304348,0.13846153846153847,9.0,0
eurjpy,discovery,confirm_1bar,75,40,48,80,0.425,1.1718865728494323,0.10153124999999949,8.12249999999996,1.0831903945111483,0.051531249999999494,4.12249999999996,0
eurjpy,discovery,confirm_1bar,75,40,72,70,0.4,1.1394980782274482,0.08814285714285779,6.170000000000045,1.0576300453270029,0.038142857142857776,2.6700000000000443,0
eurjpy,discovery,confirm_1bar,75,40,96,65,0.38461538461538464,1.0465116279069768,0.03076923076923081,2.0000000000000027,0.9722222222222222,-0.019230769230769232,-1.25,0
eurjpy,discovery,confirm_1bar,75,65,48,80,0.55,1.2990373044524623,0.1242499999999985,9.93999999999988,1.2177282092627388,0.09348076923076783,7.478461538461426,0
eurjpy,discovery,confirm_1bar,75,65,72,70,0.5571428571428572,1.4067610062893097,0.17057142857142849,11.939999999999994,1.32289340101523,0.13980219780219783,9.786153846153848,0
eurjpy,discovery,confirm_1bar,75,65,96,65,0.5384615384615384,1.257542831151767,0.12061538461538472,7.840000000000007,1.1861970863785753,0.08984615384615405,5.840000000000013,0
eurjpy,discovery,confirm_1bar,100,20,48,80,0.325,1.732400130975769,0.5591875000000002,44.735000000000014,1.5525722021660648,0.4591875000000002,36.735000000000014,0
eurjpy,discovery,confirm_1bar,100,20,72,70,0.2571428571428571,1.3574457259158768,0.30107142857142966,21.075000000000077,1.2193734413965103,0.20107142857142962,14.075000000000074,0
eurjpy,discovery,confirm_1bar,100,20,96,65,0.26153846153846155,1.3678442028985496,0.31238461538461454,20.304999999999946,1.2300833333333325,0.21238461538461462,13.80499999999995,0
eurjpy,discovery,confirm_1bar,100,40,48,80,0.4,1.3042202206254407,0.1878749999999991,15.029999999999928,1.2129138114081635,0.13787499999999914,11.02999999999993,0
eurjpy,discovery,confirm_1bar,100,40,72,70,0.32857142857142857,1.0506147540983595,0.03528571428571402,2.469999999999981,0.9798631476050828,-0.014714285714285933,-1.0300000000000153,0
eurjpy,discovery,confirm_1bar,100,40,96,65,0.3230769230769231,1.0032241014799144,0.0023461538461534374,0.15249999999997343,0.9374242424242419,-0.04765384615384654,-3.097500000000025,0
eurjpy,discovery,confirm_1bar,100,65,48,80,0.5125,1.3837435507062452,0.17449999999999838,13.95999999999987,1.3059854253664078,0.14373076923076772,11.498461538461417,0
eurjpy,discovery,confirm_1bar,100,65,72,70,0.4714285714285714,1.2750358294518074,0.13496703296703216,9.447692307692252,1.205522802150163,0.10419780219780149,7.293846153846104,0
eurjpy,discovery,confirm_1bar,100,65,96,65,0.47692307692307695,1.2177100457635401,0.11597633136094689,7.538461538461547,1.1552594126018891,0.08520710059171621,5.538461538461553,0
eurjpy,discovery,confirm_1bar,125,20,48,80,0.3125,1.8369757351759586,0.6510624999999994,52.08499999999995,1.6508932526206987,0.5510624999999993,44.08499999999995,0
eurjpy,discovery,confirm_1bar,125,20,72,70,0.24285714285714285,1.4620695391781746,0.3967857142857148,27.775000000000034,1.3176119859348734,0.29678571428571476,20.775000000000034,0
eurjpy,discovery,confirm_1bar,125,20,96,65,0.24615384615384617,1.5422360248447196,0.47007692307692234,30.554999999999954,1.3927346938775502,0.3700769230769223,24.05499999999995,0
eurjpy,discovery,confirm_1bar,125,40,48,80,0.4,1.4772796275680569,0.2947499999999987,23.579999999999895,1.3779557957726063,0.24474999999999875,19.5799999999999,0
eurjpy,discovery,confirm_1bar,125,40,72,70,0.3142857142857143,1.1567919799498736,0.11171428571428514,7.81999999999996,1.082639885222381,0.06171428571428521,4.319999999999965,0
eurjpy,discovery,confirm_1bar,125,40,96,65,0.3076923076923077,1.0970025839793267,0.072192307692307,4.6924999999999555,1.028493827160493,0.022192307692307074,1.44249999999996,0
eurjpy,discovery,confirm_1bar,125,65,48,80,0.5125,1.5883447517550473,0.2675384615384598,21.40307692307678,1.5040530582166485,0.23676923076922912,18.94153846153833,0
eurjpy,discovery,confirm_1bar,125,65,72,70,0.45714285714285713,1.4271557719054218,0.2159999999999989,15.119999999999923,1.3545944126556695,0.18523076923076826,12.966153846153778,0
eurjpy,discovery,confirm_1bar,125,65,96,65,0.46153846153846156,1.3651183853021087,0.20037869822485202,13.024615384615382,1.2999958136224725,0.16960946745562136,11.02461538461539,0
eurjpy,validation,next_open,75,20,48,30,0.3,1.3416149068322984,0.275,8.25,1.2,0.175,5.25,0
eurjpy,validation,next_open,75,20,72,27,0.37037037037037035,1.8414322250639388,0.6092592592592595,16.450000000000006,1.6470588235294117,0.5092592592592593,13.75,0
eurjpy,validation,next_open,75,20,96,25,0.32,1.4731457800511512,0.37000000000000016,9.250000000000004,1.3176470588235294,0.27,6.75,0
eurjpy,validation,next_open,75,40,48,30,0.4,1.116279069767442,0.0750000000000001,2.2500000000000027,1.037037037037037,0.025,0.75,0
eurjpy,validation,next_open,75,40,72,27,0.48148148148148145,1.554817275747509,0.3092592592592594,8.350000000000003,1.4444444444444444,0.25925925925925924,7.0,0
eurjpy,validation,next_open,75,40,96,25,0.44,1.3156146179401997,0.1900000000000001,4.750000000000003,1.2222222222222223,0.14,3.5,0
eurjpy,validation,next_open,75,65,48,30,0.5,1.0588235294117647,0.030769230769230653,0.9230769230769196,1.0,-1.4802973661668754e-17,-4.440892098500626e-16,0
eurjpy,validation,next_open,75,65,72,27,0.5555555555555556,1.3235294117647056,0.1504273504273503,4.061538461538459,1.25,0.11965811965811966,3.230769230769231,0
eurjpy,validation,next_open,75,65,96,25,0.52,1.1470588235294115,0.07384615384615371,1.846153846153843,1.0833333333333333,0.043076923076923054,1.0769230769230764,0
eurjpy,validation,next_open,100,20,48,30,0.2,0.9545289855072487,-0.04183333333333126,-1.2549999999999377,0.8581666666666687,-0.14183333333333129,-4.254999999999939,0
eurjpy,validation,next_open,100,20,72,27,0.25925925925925924,1.4760869565217396,0.4055555555555554,10.949999999999996,1.33,0.3055555555555556,8.25,0
eurjpy,validation,next_open,100,20,96,25,0.2,1.0543478260869568,0.04999999999999995,1.2499999999999987,0.95,-0.05,-1.25,0
eurjpy,validation,next_open,100,40,48,30,0.4,1.3032299741602074,0.19558333333333347,5.867500000000004,1.2156790123456793,0.14558333333333356,4.367500000000007,0
eurjpy,validation,next_open,100,40,72,27,0.4444444444444444,1.8046511627906983,0.48055555555555546,12.974999999999998,1.6888888888888889,0.4305555555555556,11.625,1
eurjpy,validation,next_open,100,40,96,25,0.4,1.5038759689922483,0.325,8.125,1.4074074074074074,0.275,6.875,0
eurjpy,validation,next_open,100,65,48,30,0.5,1.2356862745098038,0.1232820512820514,3.698461538461542,1.1718095238095239,0.09251282051282071,2.7753846153846213,0
eurjpy,validation,next_open,100,65,72,27,0.5185185185185185,1.4316742081447957,0.21743589743589703,5.87076923076922,1.3599999999999997,0.18666666666666637,5.039999999999992,0
eurjpy,validation,next_open,100,65,96,25,0.44,1.1207983193277313,0.07076923076923072,1.769230769230768,1.0663265306122454,0.04000000000000006,1.0000000000000016,0
eurjpy,validation,next_open,125,20,48,30,0.13333333333333333,0.6821070234113733,-0.31683333333333136,-9.50499999999994,0.6152307692307711,-0.4168333333333313,-12.504999999999939,0
eurjpy,validation,next_open,125,20,72,27,0.14814814814814814,0.9598741148701814,-0.037777777777777743,-1.0199999999999991,0.8658008658008658,-0.13777777777777775,-3.719999999999999,0
eurjpy,validation,next_open,125,20,96,25,0.08,0.4612476370510399,-0.57,-14.25,0.41739130434782606,-0.67,-16.75,0
eurjpy,validation,next_open,125,40,48,30,0.3333333333333333,1.1508139534883726,0.10808333333333356,3.242500000000007,1.0774444444444446,0.05808333333333356,1.7425000000000068,0
eurjpy,validation,next_open,125,40,72,27,0.3333333333333333,1.497136623943278,0.3375925925925926,9.115,1.4036911879386536,0.2875925925925926,7.765000000000001,0
eurjpy,validation,next_open,125,40,96,25,0.28,1.1033591731266152,0.07999999999999997,1.9999999999999993,1.037037037037037,0.03,0.75,0
eurjpy,validation,next_open,125,65,48,30,0.43333333333333335,1.117128027681661,0.06943589743589751,2.0830769230769253,1.0633613445378156,0.038666666666666814,1.1600000000000044,0
eurjpy,validation,next_open,125,65,72,27,0.4074074074074074,1.1977699530516424,0.11521367521367482,3.11076923076922,1.1405538694992408,0.08444444444444416,2.2799999999999923,0
eurjpy,validation,next_open,125,65,96,25,0.32,0.8929551692589194,-0.07200000000000067,-1.8000000000000167,0.8518189884649504,-0.10276923076923133,-2.569230769230783,0
eurjpy,validation,break_signal_high,75,20,48,29,0.20689655172413793,0.8166351606805297,-0.1672413793103447,-4.849999999999996,0.7304347826086957,-0.2672413793103448,-7.75,0
eurjpy,validation,break_signal_high,75,20,72,27,0.2222222222222222,0.8944099378881991,-0.09444444444444436,-2.5499999999999976,0.8,-0.19444444444444445,-5.25,0
eurjpy,validation,break_signal_high,75,20,96,24,0.20833333333333334,0.8237986270022886,-0.16041666666666654,-3.849999999999997,0.7368421052631579,-0.2604166666666667,-6.25,0
eurjpy,validation,break_signal_high,75,40,48,29,0.3793103448275862,1.0232558139534884,0.015517241379310428,0.4500000000000024,0.9506172839506173,-0.034482758620689655,-1.0,0
eurjpy,validation,break_signal_high,75,40,72,27,0.4074074074074074,1.1511627906976745,0.09629629629629638,2.6000000000000023,1.0694444444444444,0.046296296296296294,1.25,0
eurjpy,validation,break_signal_high,75,40,96,24,0.4166666666666667,1.1960132890365451,0.12291666666666679,2.950000000000003,1.1111111111111112,0.07291666666666667,1.75,0
eurjpy,validation,break_signal_high,75,65,48,29,0.5517241379310345,1.3031674208144794,0.14217506631299723,4.12307692307692,1.2307692307692308,0.11140583554376658,3.230769230769231,0
eurjpy,validation,break_signal_high,75,65,72,27,0.6296296296296297,1.7999999999999996,0.30997150997150985,8.369230769230766,1.7,0.2792022792022792,7.538461538461538,0
eurjpy,validation,break_signal_high,75,65,96,24,0.625,1.764705882352941,0.2999999999999999,7.1999999999999975,1.6666666666666667,0.2692307692307692,6.461538461538462,0
eurjpy,validation,break_signal_high,100,20,48,29,0.13793103448275862,0.5707826086956549,-0.42551724137930774,-12.339999999999925,0.5123200000000024,-0.5255172413793077,-15.239999999999924,0
eurjpy,validation,break_signal_high,100,20,72,27,0.1111111111111111,0.5428091773922779,-0.4538888888888883,-12.254999999999983,0.48793014894709835,-0.5538888888888883,-14.954999999999984,0
eurjpy,validation,break_signal_high,100,20,96,24,0.08333333333333333,0.3833992094861661,-0.6499999999999999,-15.599999999999998,0.34545454545454546,-0.75,-18.0,0
eurjpy,validation,break_signal_high,100,40,48,29,0.27586206896551724,0.7931339977851624,-0.1610344827586194,-4.669999999999963,0.7409523809523826,-0.21103448275861938,-6.119999999999962,0
eurjpy,validation,break_signal_high,100,40,72,27,0.25925925925925924,0.8239291348137368,-0.13435185185185158,-3.6274999999999924,0.7695868533734525,-0.18435185185185154,-4.977499999999992,0
eurjpy,validation,break_signal_high,100,40,96,24,0.25,0.7519379844961241,-0.20000000000000004,-4.800000000000001,0.7037037037037037,-0.25,-6.0,0
eurjpy,validation,break_signal_high,100,65,48,29,0.5172413793103449,1.344747899159668,0.17411140583554577,5.049230769230827,1.27571428571429,0.1433421750663151,4.156923076923138,0
eurjpy,validation,break_signal_high,100,65,72,27,0.5185185185185185,1.7951090548579032,0.342735042735044,9.253846153846188,1.6996805111821136,0.31196581196581336,8.42307692307696,0
eurjpy,validation,break_signal_high,100,65,96,24,0.5,1.5362280585983885,0.26044871794871743,6.250769230769219,1.4583599846488413,0.2296794871794868,5.512307692307683,0
eurjpy,validation,break_signal_high,125,20,48,29,0.10344827586206896,0.47023411371237717,-0.5462068965517216,-15.839999999999925,0.42338461538461775,-0.6462068965517215,-18.739999999999924,0
eurjpy,validation,break_signal_high,125,20,72,27,0.07407407407407407,0.43641566803791837,-0.583518518518518,-15.754999999999985,0.39402396979149584,-0.683518518518518,-18.454999999999984,0
eurjpy,validation,break_signal_high,125,20,96,24,0.041666666666666664,0.23062381852551994,-0.8479166666666665,-20.349999999999998,0.20869565217391303,-0.9479166666666666,-22.75,0
eurjpy,validation,break_signal_high,125,40,48,29,0.20689655172413793,0.6543983822042484,-0.29465517241379174,-8.54499999999996,0.6137198067632865,-0.3446551724137918,-9.994999999999962,0
eurjpy,validation,break_signal_high,125,40,72,27,0.18518518518518517,0.6702560158224374,-0.27787037037037005,-7.5024999999999915,0.6288648988575624,-0.3278703703703701,-8.852499999999992,0
eurjpy,validation,break_signal_high,125,40,96,24,0.16666666666666666,0.5674418604651164,-0.38749999999999996,-9.299999999999999,0.5333333333333333,-0.4375,-10.5,0
eurjpy,validation,break_signal_high,125,65,48,29,0.4482758620689655,1.2281250000000035,0.13167108753315848,3.8184615384615963,1.1698214285714321,0.10090185676392784,2.926153846153907,0
eurjpy,validation,break_signal_high,125,65,72,27,0.4444444444444444,1.6403361344537857,0.325641025641027,8.792307692307729,1.5609756097561018,0.29487179487179627,7.961538461538499,0
eurjpy,validation,break_signal_high,125,65,96,24,0.4166666666666667,1.3651113348998536,0.2091666666666662,5.019999999999989,1.3019420635781702,0.1783974358974355,4.281538461538452,0
eurjpy,validation,confirm_1bar,75,20,48,27,0.2962962962962963,1.3180778032036617,0.25740740740740753,6.950000000000003,1.1789473684210525,0.1574074074074074,4.25,0
eurjpy,validation,confirm_1bar,75,20,72,26,0.23076923076923078,0.939130434782609,-0.05384615384615369,-1.399999999999996,0.84,-0.15384615384615385,-4.0,0
eurjpy,validation,confirm_1bar,75,20,96,23,0.2608695652173913,1.1048593350383633,0.08913043478260876,2.0500000000000016,0.9882352941176471,-0.010869565217391304,-0.25,0
eurjpy,validation,confirm_1bar,75,40,48,27,0.48148148148148145,1.554817275747509,0.30925925925925946,8.350000000000005,1.4444444444444444,0.25925925925925924,7.0,0
eurjpy,validation,confirm_1bar,75,40,72,26,0.4230769230769231,1.2279069767441864,0.14134615384615395,3.6750000000000025,1.1407407407407408,0.09134615384615384,2.375,0
eurjpy,validation,confirm_1bar,75,40,96,23,0.4782608695652174,1.534883720930233,0.3,6.9,1.4259259259259258,0.25,5.75,0
eurjpy,validation,confirm_1bar,75,65,48,27,0.6296296296296297,1.7999999999999996,0.3099715099715099,8.369230769230768,1.7,0.27920227920227925,7.53846153846154,0
eurjpy,validation,confirm_1bar,75,65,72,26,0.5769230769230769,1.443850267379679,0.1964497041420117,5.107692307692305,1.3636363636363638,0.16568047337278105,4.3076923076923075,0
eurjpy,validation,confirm_1bar,75,65,96,23,0.6521739130434783,1.9852941176470584,0.3585284280936454,8.246153846153844,1.875,0.3277591973244147,7.538461538461538,0
eurjpy,validation,confirm_1bar,100,20,48,27,0.25925925925925924,1.2967391304347795,0.25277777777777455,6.824999999999912,1.1649999999999965,0.15277777777777463,4.124999999999915,0
eurjpy,validation,confirm_1bar,100,20,72,26,0.15384615384615385,0.7667984189723323,-0.22692307692307695,-5.9,0.6909090909090909,-0.3269230769230769,-8.5,0
eurjpy,validation,confirm_1bar,100,20,96,23,0.17391304347826086,0.8878718535469109,-0.10652173913043479,-2.45,0.8,-0.20652173913043478,-4.75,0
eurjpy,validation,confirm_1bar,100,40,48,27,0.4074074074074074,1.430959302325579,0.2745370370370354,7.412499999999956,1.3368055555555531,0.22453703703703545,6.062499999999957,0
eurjpy,validation,confirm_1bar,100,40,72,26,0.3076923076923077,1.0527743861077186,0.03740384615384555,0.9724999999999844,0.9830552321821232,-0.012596153846154414,-0.3275000000000148,0
eurjpy,validation,confirm_1bar,100,40,96,23,0.34782608695652173,1.2031007751937985,0.142391304347826,3.2749999999999977,1.125925925925926,0.09239130434782608,2.125,0
eurjpy,validation,confirm_1bar,100,65,48,27,0.5925925925925926,1.9335561497326184,0.397891737891737,10.743076923076899,1.8367532467532448,0.3671225071225063,9.912307692307671,0
eurjpy,validation,confirm_1bar,100,65,72,26,0.5,1.5338766573409548,0.25970414201183395,6.752307692307682,1.4561962032779145,0.2289349112426033,5.952307692307685,0
eurjpy,validation,confirm_1bar,100,65,96,23,0.5652173913043478,1.8544117647058822,0.388628762541806,8.938461538461539,1.7642857142857145,0.35785953177257546,8.230769230769235,0
eurjpy,validation,confirm_1bar,125,20,48,27,0.25925925925925924,1.451956521739127,0.3849999999999965,10.394999999999905,1.3077999999999963,0.2849999999999966,7.694999999999908,0
eurjpy,validation,confirm_1bar,125,20,72,26,0.15384615384615385,0.964426877470356,-0.034615384615384666,-0.9000000000000012,0.8727272727272727,-0.1346153846153846,-3.5,0
eurjpy,validation,confirm_1bar,125,20,96,23,0.17391304347826086,1.116704805491991,0.11086956521739114,2.5499999999999963,1.0105263157894737,0.010869565217391304,0.25,0
eurjpy,validation,confirm_1bar,125,40,48,27,0.3333333333333333,1.1781653746770002,0.12768518518518343,3.4474999999999527,1.103580246913578,0.07768518518518348,2.097499999999954,0
eurjpy,validation,confirm_1bar,125,40,72,26,0.23076923076923078,0.8893208601627988,-0.08759615384615443,-2.2775000000000154,0.8342022940563081,-0.13759615384615442,-3.577500000000015,0
eurjpy,validation,confirm_1bar,125,40,96,23,0.2608695652173913,1.0013679890560876,0.001086956521739088,0.024999999999999023,0.9411764705882353,-0.04891304347826087,-1.125,0
eurjpy,validation,confirm_1bar,125,65,48,27,0.48148148148148145,1.4198529411764689,0.22774928774928668,6.149230769230741,1.3527551020408148,0.19698005698005602,5.318461538461513,0
eurjpy,validation,confirm_1bar,125,65,72,26,0.38461538461538464,1.1889679368482597,0.11473372781065051,2.983076923076913,1.1341083073433509,0.08396449704141981,2.183076923076915,0
eurjpy,validation,confirm_1bar,125,65,96,23,0.43478260869565216,1.3800904977375568,0.22474916387959865,5.169230769230769,1.3186813186813189,0.19397993311036799,4.4615384615384635,0
eurjpy,oos,next_open,75,20,48,30,0.36666666666666664,1.812356979405035,0.5916666666666669,17.750000000000007,1.6210526315789473,0.49166666666666664,14.75,0
eurjpy,oos,next_open,75,20,72,29,0.3103448275862069,1.4086956521739133,0.32413793103448285,9.400000000000002,1.26,0.22413793103448276,6.5,0
eurjpy,oos,next_open,75,20,96,24,0.3333333333333333,1.565217391304348,0.4333333333333334,10.400000000000002,1.4,0.3333333333333333,8.0,0
eurjpy,oos,next_open,75,40,48,30,0.5333333333333333,1.874062445491016,0.41758333333333275,12.527499999999982,1.7335772492931965,0.3675833333333325,11.027499999999975,0
eurjpy,oos,next_open,75,40,72,29,0.4827586206896552,1.552233848197972,0.2866379310344819,8.312499999999975,1.434266729947791,0.2366379310344817,6.862499999999969,0
eurjpy,oos,next_open,75,40,96,24,0.5416666666666666,1.8285412262156426,0.4082291666666655,9.797499999999971,1.6947474747474722,0.3582291666666653,8.597499999999968,0
eurjpy,oos,next_open,75,65,48,30,0.5666666666666667,1.4690431519699836,0.17948717948717968,5.38461538461539,1.3755503755503777,0.14871794871794902,4.461538461538471,0
eurjpy,oos,next_open,75,65,72,29,0.5172413793103449,1.2100012020675563,0.09267904509283825,2.687692307692309,1.1357134550529135,0.06190981432360758,1.7953846153846198,0
eurjpy,oos,next_open,75,65,96,24,0.625,1.6485294117647034,0.254423076923076,6.106153846153823,1.5538095238095215,0.22365384615384531,5.367692307692288,0
eurjpy,oos,next_open,100,20,48,30,0.3333333333333333,1.9339130434782672,0.7160000000000046,21.48000000000014,1.7392000000000052,0.6160000000000044,18.480000000000132,0
eurjpy,oos,next_open,100,20,72,29,0.27586206896551724,1.6066252587991723,0.5051724137931034,14.649999999999999,1.4476190476190476,0.4051724137931034,11.75,0
eurjpy,oos,next_open,100,20,96,24,0.3333333333333333,2.108695652173913,0.85,20.4,1.9,0.75,18.0,0
eurjpy,oos,next_open,100,40,48,30,0.4666666666666667,1.7145457303200395,0.392583333333335,11.77750000000005,1.5946766960798522,0.34258333333333485,10.277500000000046,0
eurjpy,oos,next_open,100,40,72,29,0.4482758620689655,1.7634475275151118,0.42456896551724027,12.312499999999968,1.6417072810515412,0.3745689655172403,10.862499999999969,1
eurjpy,oos,next_open,100,40,96,24,0.5,2.02112403100775,0.5488541666666653,13.172499999999967,1.8868518518518496,0.4988541666666653,11.972499999999968,0
eurjpy,oos,next_open,100,65,48,30,0.5,1.3060530491951985,0.13846153846154022,4.153846153846207,1.230212672659509,0.10769230769230953,3.230769230769286,0
eurjpy,oos,next_open,100,65,72,29,0.4827586206896552,1.3719302144682746,0.17755968169761285,5.149230769230773,1.2975588772986353,0.1467904509283822,4.2569230769230835,0
eurjpy,oos,next_open,100,65,96,24,0.5833333333333334,1.7654411764705895,0.3336538461538469,8.007692307692325,1.6750000000000016,0.30288461538461625,7.26923076923079,0
eurjpy,oos,next_open,125,20,48,30,0.3333333333333333,2.2334782608695747,0.9456666666666736,28.37000000000021,2.014800000000008,0.8456666666666734,25.370000000000203,0
eurjpy,oos,next_open,125,20,72,29,0.27586206896551724,1.9581780538302298,0.79793103448276,23.14000000000004,1.7710476190476205,0.69793103448276,20.240000000000038,0
eurjpy,oos,next_open,125,20,96,24,0.3333333333333333,2.396467391304347,1.0706249999999995,25.694999999999986,2.1647499999999993,0.9706249999999995,23.294999999999987,0
eurjpy,oos,next_open,125,40,48,30,0.4666666666666667,1.9614742909146117,0.5282500000000029,15.847500000000085,1.8301750325473793,0.47825000000000273,14.347500000000082,0
eurjpy,oos,next_open,125,40,72,29,0.4482758620689655,2.0846380406138563,0.603189655172413,17.492499999999975,1.94771821001329,0.5531896551724129,16.042499999999976,0
eurjpy,oos,next_open,125,40,96,24,0.5,2.323255813953486,0.7112499999999983,17.069999999999958,2.175555555555553,0.6612499999999985,15.869999999999962,0
eurjpy,oos,next_open,125,65,48,30,0.5,1.4905917025617843,0.22194871794872043,6.658461538461613,1.4086823065117366,0.19117948717948977,5.735384615384693,0
eurjpy,oos,next_open,125,65,72,29,0.4827586206896552,1.614290476719638,0.29326259946949673,8.504615384615406,1.5321002258307368,0.26249336870026607,7.612307692307716,0
eurjpy,oos,next_open,125,65,96,24,0.5833333333333334,1.9332352941176476,0.40679487179487195,9.763076923076927,1.8380000000000007,0.3760256410256413,9.024615384615391,0
eurjpy,oos,break_signal_high,75,20,48,28,0.39285714285714285,2.0255754475703327,0.716071428571429,20.05000000000001,1.811764705882353,0.6160714285714286,17.25,0
eurjpy,oos,break_signal_high,75,20,72,28,0.35714285714285715,1.739130434782609,0.5464285714285718,15.30000000000001,1.5555555555555556,0.44642857142857145,12.5,0
eurjpy,oos,break_signal_high,75,20,96,23,0.391304347826087,2.012422360248447,0.7086956521739134,16.300000000000008,1.8,0.6086956521739131,14.0,0
eurjpy,oos,break_signal_high,75,40,48,28,0.5,1.6579038395019015,0.3396428571428568,9.509999999999991,1.5351369185087416,0.2896428571428566,8.109999999999985,0
eurjpy,oos,break_signal_high,75,40,72,28,0.5357142857142857,1.781574239713774,0.3900892857142852,10.922499999999985,1.6511111111111096,0.340089285714285,9.52249999999998,0
eurjpy,oos,break_signal_high,75,40,96,23,0.4782608695652174,1.41220930232558,0.23119565217391197,5.317499999999975,1.308703703703702,0.18119565217391198,4.167499999999976,0
eurjpy,oos,break_signal_high,75,65,48,28,0.5714285714285714,1.4504400519405642,0.17153846153846367,4.803076923076983,1.3572723469530121,0.14076923076923298,3.9415384615385234,0
eurjpy,oos,break_signal_high,75,65,72,28,0.5714285714285714,1.5083333333333384,0.19774725274725385,5.536923076923108,1.4151639344262343,0.16697802197802317,4.675384615384648,0
eurjpy,oos,break_signal_high,75,65,96,23,0.6086956521739131,1.4844771241830101,0.1983277591973259,4.561538461538496,1.3976190476190513,0.16755852842809524,3.853846153846191,0
eurjpy,oos,break_signal_high,100,20,48,28,0.35714285714285715,2.0644927536231976,0.7869642857142923,22.035000000000185,1.854888888888897,0.6869642857142922,19.235000000000184,0
eurjpy,oos,break_signal_high,100,20,72,28,0.32142857142857145,1.9977116704805498,0.7785714285714286,21.8,1.8,0.6785714285714286,19.0,0
eurjpy,oos,break_signal_high,100,20,96,23,0.391304347826087,2.711180124223602,1.1978260869565218,27.550000000000004,2.442857142857143,1.0978260869565217,25.25,0
eurjpy,oos,break_signal_high,100,40,48,28,0.4642857142857143,1.6751448808757314,0.37446428571428964,10.48500000000011,1.558046683046689,0.32446428571428954,9.085000000000107,0
eurjpy,oos,break_signal_high,100,40,72,28,0.5,2.033056478405315,0.5552678571428563,15.547499999999978,1.898253968253967,0.5052678571428564,14.14749999999998,0
eurjpy,oos,break_signal_high,100,40,96,23,0.4782608695652174,1.8967054263565877,0.5029347826086947,11.567499999999978,1.771666666666665,0.4529347826086946,10.417499999999976,0
eurjpy,oos,break_signal_high,100,65,48,28,0.5357142857142857,1.4285901983970701,0.17923076923077413,5.0184615384616755,1.3432854783382164,0.14846153846154345,4.156923076923216,0
eurjpy,oos,break_signal_high,100,65,72,28,0.5357142857142857,1.7021907216494898,0.2993956043956056,8.383076923076956,1.6096009975062393,0.2686263736263749,7.521538461538498,0
eurjpy,oos,break_signal_high,100,65,96,23,0.6086956521739131,1.933823529411769,0.38227424749164046,8.79230769230773,1.8341269841269885,0.3515050167224097,8.084615384615423,0
eurjpy,oos,break_signal_high,125,20,48,28,0.32142857142857145,2.077116704805501,0.840535714285721,23.53500000000019,1.873052631578955,0.7405357142857208,20.735000000000184,0
eurjpy,oos,break_signal_high,125,20,72,28,0.2857142857142857,2.023695652173915,0.8408928571428584,23.545000000000037,1.8298000000000014,0.7408928571428584,20.745000000000033,0
eurjpy,oos,break_signal_high,125,20,96,23,0.34782608695652173,2.532173913043478,1.1491304347826088,26.43,2.2869333333333333,1.0491304347826085,24.129999999999995,0
eurjpy,oos,break_signal_high,125,40,48,28,0.42857142857142855,1.6373080397470734,0.3779464285714344,10.582500000000163,1.5275782821028527,0.3279464285714343,9.18250000000016,0
eurjpy,oos,break_signal_high,125,40,72,28,0.4642857142857143,2.0432558139534915,0.6008035714285729,16.82250000000004,1.9139259259259285,0.550803571428573,15.422500000000042,0
eurjpy,oos,break_signal_high,125,40,96,23,0.43478260869565216,1.796601073345258,0.4840217391304337,11.132499999999975,1.6825641025641007,0.4340217391304336,9.982499999999973,0
eurjpy,oos,break_signal_high,125,65,48,28,0.5357142857142857,1.5070292996978238,0.212032967032974,5.936923076923272,1.4191335281412956,0.18126373626374329,5.075384615384812,0
eurjpy,oos,break_signal_high,125,65,72,28,0.5357142857142857,1.9167525773196004,0.39087912087912474,10.944615384615492,1.8172069825436532,0.3601098901098941,10.083076923077034,0
eurjpy,oos,break_signal_high,125,65,96,23,0.6086956521739131,2.0954248366013117,0.4484280936454869,10.3138461538462,1.991111111111116,0.41765886287625625,9.606153846153894,0
eurjpy,oos,confirm_1bar,75,20,48,27,0.4074074074074074,2.1521739130434785,0.7851851851851855,21.20000000000001,1.925,0.6851851851851852,18.5,0
eurjpy,oos,confirm_1bar,75,20,72,26,0.4230769230769231,2.2956521739130435,0.8596153846153849,22.35000000000001,2.0533333333333332,0.7596153846153846,19.75,0
eurjpy,oos,confirm_1bar,75,20,96,22,0.36363636363636365,1.7888198757763973,0.5772727272727273,12.700000000000001,1.6,0.4772727272727273,10.5,0
eurjpy,oos,confirm_1bar,75,40,48,27,0.5555555555555556,1.949806201550382,0.4537962962962934,12.252499999999923,1.8075925925925864,0.40379629629629327,10.902499999999918,0
eurjpy,oos,confirm_1bar,75,40,72,26,0.5769230769230769,2.1877378435517922,0.5401923076923053,14.044999999999938,2.0298989898989843,0.49019230769230515,12.744999999999933,0
eurjpy,oos,confirm_1bar,75,40,96,22,0.5454545454545454,2.009302325581396,0.4931818181818184,10.850000000000005,1.8666666666666667,0.4431818181818182,9.75,0
eurjpy,oos,confirm_1bar,75,65,48,27,0.5925925925925926,1.642443631931747,0.24028490028489913,6.487692307692276,1.5420106132075455,0.2095156695156684,5.656923076923047,0
eurjpy,oos,confirm_1bar,75,65,72,26,0.6153846153846154,1.5834733465709472,0.22603550295857916,5.876923076923058,1.4890337877889739,0.19526627218934842,5.076923076923059,0
eurjpy,oos,confirm_1bar,75,65,96,22,0.5909090909090909,1.6983281278706572,0.2658041958041958,5.8476923076923075,1.597723635070246,0.23503496503496513,5.170769230769233,0
eurjpy,oos,confirm_1bar,100,20,48,27,0.37037037037037035,2.2283887468030708,0.8894444444444455,24.01500000000003,2.003058823529413,0.7894444444444454,21.315000000000026,0
eurjpy,oos,confirm_1bar,100,20,72,26,0.38461538461538464,2.4323369565217408,1.013653846153847,26.35500000000002,2.187750000000001,0.913653846153847,23.755000000000024,0
eurjpy,oos,confirm_1bar,100,20,96,22,0.36363636363636365,2.349378881987579,0.9875000000000017,21.725000000000037,2.115714285714288,0.8875000000000015,19.525000000000034,0
eurjpy,oos,confirm_1bar,100,40,48,27,0.5185185185185185,1.9864042933810333,0.5105555555555529,13.784999999999929,1.8502564102564056,0.460555555555553,12.434999999999931,0
eurjpy,oos,confirm_1bar,100,40,72,26,0.5384615384615384,2.285465116279064,0.6377884615384581,16.58249999999991,2.1320370370370307,0.5877884615384582,15.282499999999914,0
eurjpy,oos,confirm_1bar,100,40,96,22,0.5454545454545454,2.5246511627906933,0.7449999999999978,16.38999999999995,2.3591111111111065,0.6949999999999977,15.28999999999995,0
eurjpy,oos,confirm_1bar,100,65,48,27,0.5555555555555556,1.595665378244065,0.24586894586894584,6.638461538461538,1.5044094067343678,0.21509971509971515,5.807692307692309,0
eurjpy,oos,confirm_1bar,100,65,72,26,0.5769230769230769,1.6344264563442623,0.2713017751479278,7.0538461538461235,1.5457841031149289,0.24053254437869717,6.253846153846126,0
eurjpy,oos,confirm_1bar,100,65,96,22,0.5909090909090909,2.1054565496968514,0.42076923076922945,9.256923076923048,1.9918193135336952,0.3899999999999988,8.579999999999973,0
eurjpy,oos,confirm_1bar,125,20,48,27,0.3333333333333333,2.1200483091787437,0.8587037037037033,23.184999999999988,1.9104444444444437,0.7587037037037031,20.484999999999985,0
eurjpy,oos,confirm_1bar,125,20,72,26,0.34615384615384615,2.488746803069055,1.1194230769230777,29.10500000000002,2.2472941176470598,1.0194230769230779,26.505000000000024,0
eurjpy,oos,confirm_1bar,125,20,96,22,0.3181818181818182,2.093623188405795,0.8574999999999985,18.864999999999966,1.888799999999998,0.7574999999999984,16.664999999999964,0
eurjpy,oos,confirm_1bar,125,40,48,27,0.48148148148148145,1.8114617940199274,0.45231481481481106,12.212499999999899,1.6896825396825332,0.402314814814811,10.862499999999898,0
eurjpy,oos,confirm_1bar,125,40,72,26,0.5,2.3386404293380982,0.7195192307692273,18.70749999999991,2.190256410256404,0.6695192307692275,17.407499999999914,0
eurjpy,oos,confirm_1bar,125,40,96,22,0.5,2.328541226215638,0.7140909090909052,15.709999999999916,2.1806060606060536,0.6640909090909052,14.609999999999914,0
eurjpy,oos,confirm_1bar,125,65,48,27,0.5555555555555556,1.5871065709552727,0.24233618233618165,6.543076923076905,1.4961250668091923,0.2115669515669509,5.712307692307674,0
eurjpy,oos,confirm_1bar,125,65,72,26,0.5769230769230769,1.8875051888750474,0.3795266272189325,9.867692307692245,1.7913533834586435,0.34875739644970183,9.067692307692248,0
eurjpy,oos,confirm_1bar,125,65,96,22,0.5909090909090909,2.3586257578541145,0.5171328671328649,11.376923076923028,2.2368842255023917,0.4863636363636342,10.699999999999953,0
audnzd,discovery,next_open,50,50,48,111,0.4954954954954955,0.7931975937066201,-0.08052252252252134,-8.93799999999987,0.7059650973669197,-0.12052252252252127,-13.377999999999862,0
audnzd,discovery,next_open,50,50,72,94,0.48936170212765956,0.9161972182062921,-0.03576595744680809,-3.3619999999999606,0.8305818545125847,-0.07576595744680806,-7.121999999999957,0
audnzd,discovery,next_open,50,50,96,86,0.47674418604651164,0.788209299045648,-0.10476744186046563,-9.010000000000044,0.719379705179641,-0.14476744186046558,-12.45000000000004,0
audnzd,discovery,next_open,50,75,48,111,0.5045045045045045,0.7398338999096364,-0.07262462462462417,-8.061333333333282,0.6606453731833501,-0.09929129129129077,-11.021333333333276,0
audnzd,discovery,next_open,50,75,72,94,0.5212765957446809,0.8167216163665573,-0.061503546099290624,-5.781333333333318,0.7470497273541147,-0.08817021276595724,-8.28799999999998,0
audnzd,discovery,next_open,50,75,96,86,0.5116279069767442,0.74868043722206,-0.09375193798449645,-8.062666666666695,0.6882350580018457,-0.1204186046511631,-10.356000000000027,0
audnzd,discovery,next_open,50,100,48,111,0.5045045045045045,0.7285169491525444,-0.05772072072072029,-6.406999999999952,0.6509972086249464,-0.07772072072072027,-8.62699999999995,0
audnzd,discovery,next_open,50,100,72,94,0.5212765957446809,0.7722621902478031,-0.06061702127659526,-5.697999999999954,0.7078192473781628,-0.08061702127659524,-7.577999999999953,0
audnzd,discovery,next_open,50,100,96,86,0.5232558139534884,0.7455076277807461,-0.0719651162790703,-6.189000000000046,0.6855393423720715,-0.09196511627907027,-7.909000000000042,0
audnzd,discovery,next_open,75,50,48,111,0.4954954954954955,1.0182322998611795,0.00709909909910065,0.7880000000001721,0.9197327355048611,-0.03290090090089935,-3.6519999999998283,0
audnzd,discovery,next_open,75,50,72,94,0.4787234042553192,1.13351789790665,0.058489361702128116,5.498000000000043,1.0402893040938395,0.01848936170212811,1.7380000000000422,0
audnzd,discovery,next_open,75,50,96,86,0.4418604651162791,1.0191323093505786,0.00990697674418574,0.8519999999999737,0.9443153455546942,-0.030093023255814266,-2.5880000000000267,0
audnzd,discovery,next_open,75,75,48,111,0.5045045045045045,0.9490941951030623,-0.01421021021020949,-1.5773333333332533,0.8602923064291018,-0.04087687687687612,-4.537333333333249,0
audnzd,discovery,next_open,75,75,72,94,0.5106382978723404,1.000982077093053,0.00034042553191535095,0.03200000000004299,0.9268542602664156,-0.026326241134751273,-2.4746666666666197,1
audnzd,discovery,next_open,75,75,96,86,0.47674418604651164,0.9473247451197343,-0.02066666666666676,-1.7773333333333414,0.883553284003356,-0.04733333333333339,-4.070666666666671,0
audnzd,discovery,next_open,75,100,48,111,0.5045045045045045,0.9345762711864434,-0.013909909909909285,-1.5439999999999305,0.8477284679800992,-0.03390990990990926,-3.7639999999999283,0
audnzd,discovery,next_open,75,100,72,94,0.5106382978723404,0.9596704590035332,-0.010936170212765226,-1.0279999999999312,0.889956860667527,-0.030936170212765214,-2.90799999999993,0
audnzd,discovery,next_open,75,100,96,86,0.4883720930232558,0.9551167677728863,-0.013162790697674787,-1.1320000000000316,0.8907823689350121,-0.0331627906976748,-2.8520000000000323,0
audnzd,discovery,next_open,100,50,48,111,0.4774774774774775,1.0031773807331024,0.0012432432432442236,0.1380000000001088,0.906049355754534,-0.03875675675675576,-4.3019999999998895,0
audnzd,discovery,next_open,100,50,72,94,0.46808510638297873,1.119655286708654,0.05376595744680998,5.054000000000138,1.0292508702925118,0.01376595744680998,1.2940000000001382,0
audnzd,discovery,next_open,100,50,96,86,0.3953488372093023,0.9910614525139655,-0.004837209302325947,-0.4160000000000314,0.9207302031082962,-0.04483720930232594,-3.856000000000031,0
audnzd,discovery,next_open,100,75,48,111,0.4864864864864865,0.9354037267080758,-0.018114114114113775,-2.010666666666629,0.8478615736206347,-0.04478078078078042,-4.970666666666626,0
audnzd,discovery,next_open,100,75,72,94,0.48936170212765956,0.9489799944757954,-0.018340425531913777,-1.7239999999998952,0.8794407082335984,-0.04500709219858038,-4.230666666666556,0
audnzd,discovery,next_open,100,75,96,86,0.43023255813953487,0.9165286144578311,-0.034372093023255966,-2.9560000000000133,0.8571065621370494,-0.06103875968992258,-5.249333333333342,0
audnzd,discovery,next_open,100,100,48,111,0.4864864864864865,0.921159200202482,-0.016837837837837495,-1.868999999999962,0.8355519806957588,-0.03683783783783748,-4.08899999999996,0
audnzd,discovery,next_open,100,100,72,94,0.48936170212765956,0.9026083693000603,-0.027606382978722158,-2.594999999999883,0.8379855906737668,-0.047606382978722134,-4.474999999999881,0
audnzd,discovery,next_open,100,100,96,86,0.4418604651162791,0.9152104770813831,-0.026348837209302724,-2.266000000000034,0.8560854966241819,-0.046348837209302725,-3.9860000000000344,0
audnzd,discovery,break_signal_high,50,50,48,102,0.49019607843137253,0.7390428211586743,-0.11172549019608598,-11.39600000000077,0.6617859172166473,-0.15172549019608592,-15.476000000000765,0
audnzd,discovery,break_signal_high,50,50,72,90,0.4666666666666667,0.8097706786231296,-0.09051111111111536,-8.146000000000383,0.7374726208037118,-0.13051111111111535,-11.74600000000038,0
audnzd,discovery,break_signal_high,50,50,96,83,0.4457831325301205,0.7313100705458956,-0.13674698795181084,-11.3500000000003,0.6675278759858523,-0.17674698795181076,-14.670000000000293,0
audnzd,discovery,break_signal_high,50,75,48,102,0.5392156862745098,0.8442270058708129,-0.04162091503268806,-4.245333333334182,0.755819388613605,-0.06828758169935469,-6.965333333334178,0
audnzd,discovery,break_signal_high,50,75,72,90,0.5222222222222223,0.8465624861658192,-0.05134814814815317,-4.621333333333785,0.7754562510659953,-0.0780148148148198,-7.021333333333781,0
audnzd,discovery,break_signal_high,50,75,96,83,0.5180722891566265,0.7726634488810777,-0.0832289156626549,-6.908000000000357,0.7102621659395953,-0.10989558232932152,-9.121333333333686,0
audnzd,discovery,break_signal_high,50,100,48,102,0.5392156862745098,0.8198403648802433,-0.037176470588242354,-3.79200000000072,0.7349331878919827,-0.05717647058824233,-5.8320000000007175,0
audnzd,discovery,break_signal_high,50,100,72,90,0.5222222222222223,0.7829914424927188,-0.05888888888889321,-5.300000000000389,0.7192122122913744,-0.07888888888889317,-7.100000000000386,0
audnzd,discovery,break_signal_high,50,100,96,83,0.5301204819277109,0.7560934110340582,-0.0690843373494021,-5.734000000000374,0.6958453311394365,-0.08908433734940206,-7.394000000000371,0
audnzd,discovery,break_signal_high,75,50,48,102,0.49019607843137253,0.8508816120906584,-0.06384313725491171,-6.512000000000995,0.7685213514576485,-0.1038431372549117,-10.592000000000994,0
audnzd,discovery,break_signal_high,75,50,72,90,0.45555555555555555,0.9175060389225514,-0.04022222222222893,-3.620000000000604,0.8425025086165402,-0.08022222222222893,-7.220000000000603,0
audnzd,discovery,break_signal_high,75,50,96,83,0.40963855421686746,0.8589897909143502,-0.07621686746988461,-6.326000000000423,0.7941703653123848,-0.11621686746988458,-9.64600000000042,0
audnzd,discovery,break_signal_high,75,75,48,102,0.5392156862745098,0.9881604696672824,-0.0031633986928202296,-0.3226666666676634,0.8933345797886929,-0.02983006535948689,-3.042666666667663,0
audnzd,discovery,break_signal_high,75,75,72,90,0.5111111111111111,0.9573794342932758,-0.014755555555562225,-1.3280000000006003,0.8847105393369447,-0.04142222222222887,-3.728000000000598,0
audnzd,discovery,break_signal_high,75,75,96,83,0.4819277108433735,0.9116401463755452,-0.034522088353419716,-2.8653333333338367,0.8488612014919316,-0.06118875502008634,-5.078666666667166,0
audnzd,discovery,break_signal_high,75,100,48,102,0.5392156862745098,0.9596161155453813,-0.008333333333341525,-0.8500000000008354,0.8686483046995376,-0.028333333333341502,-2.8900000000008332,0
audnzd,discovery,break_signal_high,75,100,72,90,0.5111111111111111,0.9015554480979812,-0.027144444444450293,-2.4430000000005263,0.8348962994668868,-0.04714444444445028,-4.243000000000525,0
audnzd,discovery,break_signal_high,75,100,96,83,0.4939759036144578,0.9016711068055024,-0.02934939759036748,-2.436000000000501,0.8402184513360459,-0.04934939759036747,-4.0960000000005,0
audnzd,discovery,break_signal_high,100,50,48,102,0.4803921568627451,0.858611707718291,-0.06066666666667958,-6.188000000001317,0.776267050159035,-0.10066666666667956,-10.268000000001315,0
audnzd,discovery,break_signal_high,100,50,72,90,0.4444444444444444,0.9416136353522159,-0.029155555555563633,-2.624000000000727,0.8674108474287271,-0.06915555555556363,-6.224000000000727,0
audnzd,discovery,break_signal_high,100,50,96,83,0.3614457831325301,0.8570010787486383,-0.0798554216867545,-6.628000000000624,0.7949373350923361,-0.11985542168675446,-9.94800000000062,0
audnzd,discovery,break_signal_high,100,75,48,102,0.5196078431372549,0.9696527575138167,-0.00815686274510993,-0.8320000000012129,0.8764149192799751,-0.03482352941177659,-3.552000000001212,0
audnzd,discovery,break_signal_high,100,75,72,90,0.4888888888888889,0.9411450851631236,-0.021244444444451997,-1.9120000000006798,0.8721132552989369,-0.04791111111111863,-4.312000000000676,0
audnzd,discovery,break_signal_high,100,75,96,83,0.43373493975903615,0.8992297057080597,-0.04097991967872273,-3.4013333333339864,0.8397396864058284,-0.06764658634538936,-5.6146666666673175,0
audnzd,discovery,break_signal_high,100,100,48,102,0.5196078431372549,0.9418044402455851,-0.012078431372558804,-1.232000000000998,0.8523732178306748,-0.03207843137255876,-3.2720000000009932,0
audnzd,discovery,break_signal_high,100,100,72,90,0.4888888888888889,0.8798634026551857,-0.03478888888889538,-3.131000000000584,0.8172688530664987,-0.05478888888889538,-4.9310000000005845,0
audnzd,discovery,break_signal_high,100,100,96,83,0.4457831325301205,0.8813129371973025,-0.03720481927711581,-3.088000000000612,0.8238807077413645,-0.057204819277115806,-4.748000000000612,0
audnzd,discovery,confirm_1bar,50,50,48,86,0.4883720930232558,0.7059255374934438,-0.13041860465116326,-11.21600000000004,0.6332882950507919,-0.17041860465116318,-14.656000000000033,0
audnzd,discovery,confirm_1bar,50,50,72,81,0.48148148148148145,0.8212967295793709,-0.08486419753086319,-6.873999999999918,0.7480695461565304,-0.12486419753086313,-10.113999999999914,0
audnzd,discovery,confirm_1bar,50,50,96,72,0.4583333333333333,0.7957430079748423,-0.10102777777777641,-7.273999999999901,0.7268374044980113,-0.1410277777777764,-10.1539999999999,0
audnzd,discovery,confirm_1bar,50,75,48,86,0.5,0.7182183730281472,-0.08474418604651134,-7.287999999999975,0.6458528411611061,-0.11141085271317797,-9.581333333333305,0
audnzd,discovery,confirm_1bar,50,75,72,81,0.5185185185185185,0.8748220459629894,-0.04052674897119203,-3.2826666666665547,0.8003716744913967,-0.06719341563785862,-5.442666666666549,0
audnzd,discovery,confirm_1bar,50,75,96,72,0.5277777777777778,0.8622047244094497,-0.04666666666666633,-3.3599999999999755,0.7912273302404063,-0.07333333333333295,-5.279999999999972,0
audnzd,discovery,confirm_1bar,50,100,48,86,0.5,0.7005581535676555,-0.06924418604651203,-5.955000000000035,0.6306544754571687,-0.08924418604651199,-7.675000000000032,0
audnzd,discovery,confirm_1bar,50,100,72,81,0.5185185185185185,0.8106860158311369,-0.04960493827160419,-4.017999999999939,0.7437738592983115,-0.06960493827160417,-5.637999999999939,0
audnzd,discovery,confirm_1bar,50,100,96,72,0.5277777777777778,0.835656367587048,-0.04306944444444438,-3.1009999999999955,0.7677119034221701,-0.0630694444444444,-4.540999999999997,0
audnzd,discovery,confirm_1bar,75,50,48,86,0.45348837209302323,0.7597723151319753,-0.11090697674418643,-9.538000000000032,0.6884033613445367,-0.15090697674418635,-12.978000000000026,0
audnzd,discovery,confirm_1bar,75,50,72,81,0.4444444444444444,0.8443067761609779,-0.0800493827160482,-6.483999999999904,0.7761819269898285,-0.12004938271604813,-9.723999999999899,0
audnzd,discovery,confirm_1bar,75,50,96,72,0.4166666666666667,0.9570593759782974,-0.022861111111109937,-1.6459999999999155,0.886883934819556,-0.06286111111110997,-4.525999999999917,0
audnzd,discovery,confirm_1bar,75,75,48,86,0.46511627906976744,0.743906020558003,-0.08111627906976716,-6.975999999999976,0.6748819155403827,-0.10778294573643381,-9.269333333333307,0
audnzd,discovery,confirm_1bar,75,75,72,81,0.4691358024691358,0.8281284606866037,-0.06386831275720013,-5.17333333333321,0.7653082995519559,-0.09053497942386675,-7.333333333333207,0
audnzd,discovery,confirm_1bar,75,75,96,72,0.4861111111111111,1.0241996091988577,0.00894444444444447,0.6440000000000019,0.9537658824097784,-0.017722222222222174,-1.2759999999999965,0
audnzd,discovery,confirm_1bar,75,100,48,86,0.46511627906976744,0.7179366054135746,-0.06943023255813996,-5.9710000000000365,0.6523370400506268,-0.08943023255813994,-7.6910000000000345,0
audnzd,discovery,confirm_1bar,75,100,72,81,0.4691358024691358,0.7930683408984881,-0.06022222222222147,-4.877999999999939,0.7340482134817686,-0.08022222222222146,-6.497999999999938,0
audnzd,discovery,confirm_1bar,75,100,96,72,0.4861111111111111,0.9832611832611826,-0.004833333333333547,-0.3480000000000154,0.9169530887134224,-0.024833333333333554,-1.7880000000000158,0
audnzd,discovery,confirm_1bar,100,50,48,86,0.45348837209302323,0.6958492847068289,-0.14041860465116326,-12.07600000000004,0.6274669867947167,-0.18041860465116322,-15.516000000000036,0
audnzd,discovery,confirm_1bar,100,50,72,81,0.43209876543209874,0.8491933935087425,-0.07755555555555342,-6.281999999999827,0.7810833180062574,-0.11755555555555335,-9.52199999999982,0
audnzd,discovery,confirm_1bar,100,50,96,72,0.375,0.9003446725610671,-0.055416666666666475,-3.989999999999986,0.8357952100960846,-0.09541666666666648,-6.869999999999987,0
audnzd,discovery,confirm_1bar,100,75,48,86,0.46511627906976744,0.6817914831130686,-0.1007906976744184,-8.667999999999981,0.6155357059346207,-0.12745736434108504,-10.961333333333313,0
audnzd,discovery,confirm_1bar,100,75,72,81,0.4567901234567901,0.8326395039858334,-0.062205761316870306,-5.0386666666664945,0.7698635976129636,-0.08887242798353692,-7.198666666666491,0
audnzd,discovery,confirm_1bar,100,75,96,72,0.4444444444444444,0.976804745141532,-0.008907407407408315,-0.6413333333333986,0.9108046617449019,-0.03557407407407493,-2.561333333333395,0
audnzd,discovery,confirm_1bar,100,100,48,86,0.46511627906976744,0.6579904577448135,-0.08418604651162838,-7.24000000000004,0.5949733297170221,-0.10418604651162836,-8.960000000000038,0
audnzd,discovery,confirm_1bar,100,100,72,81,0.4567901234567901,0.79739587751294,-0.05897530864197408,-4.776999999999901,0.7384495870471867,-0.07897530864197407,-6.396999999999899,0
audnzd,discovery,confirm_1bar,100,100,96,72,0.4444444444444444,0.9391691394658725,-0.01822222222222312,-1.3120000000000647,0.8769670958512135,-0.03822222222222312,-2.7520000000000646,0
audnzd,validation,next_open,50,50,48,35,0.5428571428571428,0.8679894715529449,-0.03725714285714298,-1.3040000000000043,0.7435994689929812,-0.07725714285714297,-2.7040000000000037,0
audnzd,validation,next_open,50,50,72,29,0.4827586206896552,0.8970866439651913,-0.03751724137931012,-1.0879999999999934,0.7998575498575505,-0.07751724137931007,-2.2479999999999922,0
audnzd,validation,next_open,50,50,96,25,0.6,1.3195156031672097,0.10975999999999994,2.7439999999999984,1.194036493101914,0.06975999999999997,1.7439999999999993,0
audnzd,validation,next_open,50,75,48,35,0.5714285714285714,1.201869631126836,0.03043809523809561,1.0653333333333463,1.0231741573033732,0.003771428571428951,0.13200000000001327,0
audnzd,validation,next_open,50,75,72,29,0.5517241379310345,1.22174405436015,0.04501149425287599,1.3053333333334036,1.0848034006376313,0.018344827586209346,0.5320000000000711,0
audnzd,validation,next_open,50,75,96,25,0.68,2.0509158646383234,0.18053333333333424,4.513333333333356,1.8532978408754919,0.1538666666666676,3.8466666666666898,0
audnzd,validation,next_open,50,100,48,35,0.5714285714285714,1.1901426069552203,0.021714285714285967,0.7600000000000089,1.0139178844815613,0.001714285714285987,0.060000000000009546,0
audnzd,validation,next_open,50,100,72,29,0.5517241379310345,1.3262847307597914,0.04575862068965711,1.3270000000000561,1.1714482442047431,0.02575862068965713,0.7470000000000567,0
audnzd,validation,next_open,50,100,96,25,0.68,1.9446570503385523,0.12836000000000117,3.209000000000029,1.7615968512791838,0.10836000000000119,2.70900000000003,0
audnzd,validation,next_open,75,50,48,35,0.5142857142857142,0.6344852806728815,-0.1142285714285716,-3.998000000000006,0.5364932165550369,-0.15422857142857158,-5.398000000000005,0
audnzd,validation,next_open,75,50,72,29,0.4482758620689655,0.7291953232462202,-0.10862068965517117,-3.149999999999964,0.6505027570548197,-0.14862068965517114,-4.309999999999963,0
audnzd,validation,next_open,75,50,96,25,0.52,0.9825825825825775,-0.006960000000001942,-0.17400000000004856,0.887870105062078,-0.04696000000000195,-1.1740000000000488,0
audnzd,validation,next_open,75,75,48,35,0.5714285714285714,1.0866599292572012,0.013066666666666655,0.4573333333333329,0.9164325842696618,-0.013599999999999998,-0.4759999999999999,0
audnzd,validation,next_open,75,75,72,29,0.5517241379310345,1.3279728199320684,0.06657471264368128,1.9306666666667571,1.1844845908608022,0.03990804597701462,1.157333333333424,1
audnzd,validation,next_open,75,75,96,25,0.64,1.987028301886797,0.17856000000000027,4.464000000000007,1.797312430011202,0.15189333333333363,3.797333333333341,0
audnzd,validation,next_open,75,100,48,35,0.5714285714285714,1.076057042782087,0.008685714285714246,0.3039999999999986,0.9081419624217107,-0.011314285714285749,-0.3960000000000012,0
audnzd,validation,next_open,75,100,72,29,0.5517241379310345,1.4416031472830322,0.061931034482761056,1.7960000000000707,1.2790911177415847,0.04193103448276105,1.2160000000000706,0
audnzd,validation,next_open,75,100,96,25,0.64,1.8890134529148086,0.12688000000000066,3.1720000000000166,1.7129135538954194,0.10688000000000067,2.6720000000000166,0
audnzd,validation,next_open,100,50,48,35,0.5142857142857142,0.6339367343207163,-0.11439999999999965,-4.003999999999988,0.5359780182036732,-0.15439999999999965,-5.4039999999999875,0
audnzd,validation,next_open,100,50,72,29,0.4482758620689655,0.6989339752407215,-0.12075862068965251,-3.501999999999923,0.6219591307168405,-0.1607586206896525,-4.661999999999923,0
audnzd,validation,next_open,100,50,96,25,0.52,0.9529529529529489,-0.018800000000001635,-0.47000000000004083,0.8595988538681915,-0.05880000000000164,-1.470000000000041,0
audnzd,validation,next_open,100,75,48,35,0.5714285714285714,1.1490651844365873,0.0224761904761908,0.786666666666678,0.9742509363295895,-0.004190476190475852,-0.14666666666665484,0
audnzd,validation,next_open,100,75,72,29,0.5517241379310345,1.4013590033975325,0.08147126436782012,2.3626666666667835,1.2533475026567686,0.05480459770115348,1.589333333333451,0
audnzd,validation,next_open,100,75,96,25,0.64,2.0908018867924585,0.1973333333333338,4.933333333333345,1.8958566629339355,0.17066666666666713,4.266666666666678,0
audnzd,validation,next_open,100,100,48,35,0.5714285714285714,1.137853390042535,0.015742857142857346,0.5510000000000072,0.9654372535374638,-0.0042571428571426375,-0.1489999999999923,0
audnzd,validation,next_open,100,100,72,29,0.5517241379310345,1.5212687484632692,0.0731034482758652,2.1200000000000907,1.3534542116135202,0.0531034482758652,1.5400000000000909,0
audnzd,validation,next_open,100,100,96,25,0.64,1.9876681614349896,0.14096000000000086,3.5240000000000213,1.8068303094984093,0.12096000000000082,3.0240000000000204,0
audnzd,validation,break_signal_high,50,50,48,32,0.46875,0.8413266523502263,-0.04156250000001388,-1.3300000000004442,0.7119841094680678,-0.08156250000001385,-2.610000000000443,0
audnzd,validation,break_signal_high,50,50,72,27,0.48148148148148145,0.930098209127659,-0.026888888888894062,-0.7260000000001396,0.8350082221816078,-0.06688888888889405,-1.8060000000001395,0
audnzd,validation,break_signal_high,50,50,96,23,0.5652173913043478,1.2445369406867601,0.08173913043477551,1.879999999999837,1.1186943620177827,0.04173913043477556,0.959999999999838,0
audnzd,validation,break_signal_high,50,75,48,32,0.46875,0.8674046740466812,-0.022458333333344287,-0.7186666666670172,0.7323496027241273,-0.04912500000001094,-1.57200000000035,0
audnzd,validation,break_signal_high,50,75,72,27,0.5185185185185185,1.0070408368537291,0.0017283950617228798,0.04666666666651775,0.9034601414643271,-0.02493827160494377,-0.6733333333334818,0
audnzd,validation,break_signal_high,50,75,96,23,0.6086956521739131,1.5562796208530232,0.10886956521738358,2.5039999999998224,1.398762654668117,0.08220289855071694,1.8906666666664895,0
audnzd,validation,break_signal_high,50,100,48,32,0.5,1.3798342541435287,0.034374999999991426,1.0999999999997256,1.143034825870554,0.01437499999999145,0.4599999999997264,0
audnzd,validation,break_signal_high,50,100,72,27,0.5555555555555556,1.4062660503338023,0.05859259259258772,1.5819999999998684,1.2520561199806106,0.038592592592587745,1.041999999999869,0
audnzd,validation,break_signal_high,50,100,96,23,0.6521739130434783,2.0112438510188886,0.12513043478260294,2.8779999999998678,1.8043912175647974,0.10513043478260294,2.4179999999998674,0
audnzd,validation,break_signal_high,75,50,48,32,0.4375,0.6045329379368374,-0.11668750000001499,-3.7340000000004796,0.5076590730557397,-0.15668750000001497,-5.014000000000479,0
audnzd,validation,break_signal_high,75,50,72,27,0.4444444444444444,0.733706098200228,-0.11288888888889687,-3.0480000000002154,0.6573136310808417,-0.15288888888889685,-4.128000000000215,0
audnzd,validation,break_signal_high,75,50,96,23,0.4782608695652174,0.880838061981646,-0.04747826086957437,-1.0920000000002106,0.7913728743259871,-0.08747826086957437,-2.0120000000002105,0
audnzd,validation,break_signal_high,75,75,48,32,0.46875,0.7138991389913324,-0.048458333333345,-1.55066666666704,0.5917119565216917,-0.07512500000001168,-2.404000000000374,0
audnzd,validation,break_signal_high,75,75,72,27,0.5185185185185185,1.0249446791389758,0.006123456790116084,0.16533333333313427,0.9204740967309993,-0.020543209876550547,-0.5546666666668648,0
audnzd,validation,break_signal_high,75,75,96,23,0.5652173913043478,1.4347098214285112,0.09031884057970072,2.0773333333331165,1.2901691331923373,0.06365217391303406,1.4639999999997835,0
audnzd,validation,break_signal_high,75,100,48,32,0.5,1.2506906077346907,0.02268749999999087,0.7259999999997079,1.0266501394483127,0.002687499999990895,0.08599999999970864,0
audnzd,validation,break_signal_high,75,100,72,27,0.5555555555555556,1.4933230611196149,0.07114814814814188,1.9209999999998308,1.3340590227382192,0.051148148148141885,1.3809999999998308,0
audnzd,validation,break_signal_high,75,100,96,23,0.6086956521739131,1.9194499017680835,0.1220869565217321,2.807999999999838,1.726035868892935,0.10208695652173205,2.3479999999998373,0
audnzd,validation,break_signal_high,100,50,48,32,0.4375,0.5871637364964607,-0.12181250000001625,-3.89800000000052,0.49155538098975027,-0.16181250000001624,-5.1780000000005195,0
audnzd,validation,break_signal_high,100,50,72,27,0.4444444444444444,0.6919447842040699,-0.13059259259260167,-3.5260000000002454,0.6176324090984388,-0.17059259259260168,-4.606000000000245,0
audnzd,validation,break_signal_high,100,50,96,23,0.4782608695652174,0.7992143168921594,-0.08000000000001206,-1.8400000000002774,0.7138116963915142,-0.12000000000001206,-2.7600000000002773,0
audnzd,validation,break_signal_high,100,75,48,32,0.46875,0.693726937269311,-0.05187500000001252,-1.6600000000004007,0.5731431159419778,-0.0785416666666792,-2.513333333333734,0
audnzd,validation,break_signal_high,100,75,72,27,0.5185185185185185,1.0271575135787232,0.00666666666665856,0.1799999999997811,0.9225769451347432,-0.020000000000008084,-0.5400000000002183,0
audnzd,validation,break_signal_high,100,75,96,23,0.5652173913043478,1.4001116071427886,0.08313043478259732,1.9119999999997384,1.2573995771669593,0.056463768115930686,1.2986666666664057,0
audnzd,validation,break_signal_high,100,100,48,32,0.46875,0.8918406072105299,-0.0106875000000102,-0.3420000000003264,0.7204668374607831,-0.030687500000010172,-0.9820000000003255,0
audnzd,validation,break_signal_high,100,100,72,27,0.5185185185185185,1.2545454545453953,0.038370370370362665,1.035999999999792,1.1145496535796255,0.018370370370362668,0.49599999999979205,0
audnzd,validation,break_signal_high,100,100,96,23,0.6086956521739131,1.6797642436148323,0.0902608695652078,2.0759999999997794,1.4996907854049848,0.07026086956520779,1.6159999999997792,0
audnzd,validation,confirm_1bar,50,50,48,27,0.5185185185185185,0.8966910836069596,-0.030296296296299974,-0.8180000000000993,0.7755970678647329,-0.07029629629629995,-1.8980000000000987,0
audnzd,validation,confirm_1bar,50,50,72,25,0.52,0.858776201566796,-0.053360000000001816,-1.3340000000000454,0.7648599637316099,-0.09336000000000177,-2.3340000000000445,0
audnzd,validation,confirm_1bar,50,50,96,22,0.5454545454545454,1.056444026340556,0.02181818181818584,0.48000000000008847,0.9550763701707198,-0.018181818181814146,-0.3999999999999112,0
audnzd,validation,confirm_1bar,50,75,48,27,0.5185185185185185,0.9949551569506591,-0.0008888888888912828,-0.024000000000064636,0.8546117769671583,-0.027555555555557932,-0.7440000000000642,0
audnzd,validation,confirm_1bar,50,75,72,25,0.56,0.9743647912885566,-0.006026666666668885,-0.15066666666672213,0.8675453759723335,-0.032693333333335545,-0.8173333333333885,0
audnzd,validation,confirm_1bar,50,75,96,22,0.5909090909090909,1.13521863117872,0.03448484848485153,0.7586666666667338,1.0293983591613607,0.007818181818184881,0.17200000000006738,0
audnzd,validation,confirm_1bar,50,100,48,27,0.5555555555555556,1.441893830702995,0.04562962962962783,1.2319999999999514,1.227781435154691,0.025629629629627854,0.6919999999999521,0
audnzd,validation,confirm_1bar,50,100,72,25,0.6,1.3254520166898367,0.04679999999999852,1.169999999999963,1.1765480895915583,0.02679999999999854,0.6699999999999635,0
audnzd,validation,confirm_1bar,50,100,96,22,0.6363636363636364,1.4048192771084484,0.06872727272727491,1.512000000000048,1.275224646983326,0.04872727272727493,1.0720000000000485,0
audnzd,validation,confirm_1bar,75,50,48,27,0.4444444444444444,0.6128250330542011,-0.13014814814815076,-3.514000000000071,0.526196369636957,-0.1701481481481507,-4.59400000000007,0
audnzd,validation,confirm_1bar,75,50,72,25,0.48,0.6758043023034412,-0.13624000000000192,-3.406000000000048,0.6003990567748917,-0.17624000000000187,-4.406000000000047,0
audnzd,validation,confirm_1bar,75,50,96,22,0.45454545454545453,0.6976510740815174,-0.13690909090908693,-3.0119999999999125,0.6272744684926332,-0.1769090909090869,-3.891999999999912,0
audnzd,validation,confirm_1bar,75,75,48,27,0.4444444444444444,0.6324766886513454,-0.07980246913580412,-2.1546666666667114,0.5419587847886058,-0.1064691358024708,-2.8746666666667116,0
audnzd,validation,confirm_1bar,75,75,72,25,0.52,0.7303392444101694,-0.07461333333333561,-1.8653333333333904,0.6501473839351437,-0.10128000000000227,-2.532000000000057,0
audnzd,validation,confirm_1bar,75,75,96,22,0.5,0.7248891459417858,-0.08648484848484544,-1.9026666666665997,0.6547068614758724,-0.11315151515151212,-2.4893333333332666,0
audnzd,validation,confirm_1bar,75,100,48,27,0.48148148148148145,1.0034393809114295,0.00044444444444357824,0.011999999999976613,0.8602804974861014,-0.019555555555556423,-0.5280000000000235,0
audnzd,validation,confirm_1bar,75,100,72,25,0.6,1.3268428372739798,0.04699999999999834,1.1749999999999585,1.1778656126482105,0.026999999999998345,0.6749999999999586,0
audnzd,validation,confirm_1bar,75,100,96,22,0.5909090909090909,1.1703101169293493,0.030454545454548055,0.6700000000000572,1.0559066601847495,0.010454545454548065,0.23000000000005744,0
audnzd,validation,confirm_1bar,100,50,48,27,0.4444444444444444,0.608417805200518,-0.1316296296296333,-3.5540000000000984,0.5220709570957001,-0.17162962962963327,-4.634000000000098,0
audnzd,validation,confirm_1bar,100,50,72,25,0.48,0.6548638873024899,-0.14504000000000172,-3.6260000000000434,0.5804462180301071,-0.18504000000000168,-4.626000000000042,0
audnzd,validation,confirm_1bar,100,50,96,22,0.45454545454545453,0.6440473800441788,-0.1611818181818126,-3.5459999999998773,0.5761348400689628,-0.20118181818181255,-4.425999999999876,0
audnzd,validation,confirm_1bar,100,75,48,27,0.4444444444444444,0.6279281328178195,-0.08079012345679246,-2.1813333333333964,0.5377097939239333,-0.10745679012345913,-2.9013333333333966,0
audnzd,validation,confirm_1bar,100,75,72,25,0.52,0.7091364687740865,-0.08048000000000216,-2.012000000000054,0.6298820928518722,-0.10714666666666883,-2.6786666666667207,0
audnzd,validation,confirm_1bar,100,75,96,22,0.5,0.6734143049932637,-0.10266666666666255,-2.258666666666576,0.6053264287035433,-0.12933333333332925,-2.8453333333332433,0
audnzd,validation,confirm_1bar,100,100,48,27,0.48148148148148145,0.9552880481513261,-0.005777777777778649,-0.15600000000002354,0.8158242921407718,-0.025777777777778652,-0.6960000000000236,0
audnzd,validation,confirm_1bar,100,100,72,25,0.6,1.1057023643949835,0.015199999999998593,0.3799999999999648,0.9683794466403073,-0.004800000000001397,-0.12000000000003493,0
audnzd,validation,confirm_1bar,100,100,96,22,0.5454545454545454,0.7286462530217703,-0.061227272727269334,-1.3469999999999254,0.6539504260263493,-0.0812272727272693,-1.7869999999999246,0
audnzd,oos,next_open,50,50,48,21,0.6666666666666666,2.434226804123728,0.3312380952380959,6.956000000000014,2.1922027290448485,0.29123809523809613,6.116000000000019,0
audnzd,oos,next_open,50,50,72,19,0.7894736842105263,3.1584905660377354,0.4816842105263158,9.152000000000001,2.907272727272728,0.44168421052631607,8.392000000000005,0
audnzd,oos,next_open,50,50,96,18,0.7222222222222222,2.843182875756173,0.44011111111111173,7.922000000000011,2.6011560693641695,0.4001111111111119,7.202000000000014,0
audnzd,oos,next_open,50,75,48,21,0.6666666666666666,2.250476553564627,0.20825396825396816,4.373333333333331,2.0351067680057953,0.18158730158730155,3.8133333333333326,0
audnzd,oos,next_open,50,75,72,19,0.8421052631578947,3.7526881720430225,0.3592982456140351,6.826666666666667,3.4687500000000107,0.33263157894736844,6.32,0
audnzd,oos,next_open,50,75,96,18,0.8333333333333334,4.1000629326620714,0.36488888888888965,6.568000000000014,3.768950879320817,0.338222222222223,6.088000000000013,0
audnzd,oos,next_open,50,100,48,21,0.6666666666666666,1.8901697086135159,0.13238095238095235,2.7799999999999994,1.7232608029420806,0.11238095238095237,2.36,0
audnzd,oos,next_open,50,100,72,19,0.8421052631578947,2.9576271186440746,0.2431578947368421,4.62,2.752066115702485,0.22315789473684222,4.240000000000002,0
audnzd,oos,next_open,50,100,96,18,0.8333333333333334,3.1187170895165264,0.24588888888888943,4.42600000000001,2.892042810609597,0.22588888888888953,4.066000000000011,0
audnzd,oos,next_open,75,50,48,21,0.6666666666666666,2.4882474226804296,0.3437142857142864,7.218000000000014,2.243274853801184,0.30371428571428655,6.378000000000018,0
audnzd,oos,next_open,75,50,72,19,0.7368421052631579,3.4114182147711465,0.5602105263157858,10.64399999999993,3.142175986129141,0.5202105263157859,9.883999999999933,0
audnzd,oos,next_open,75,50,96,18,0.6111111111111112,3.0967153284671296,0.5106666666666645,9.191999999999961,2.8164665523155885,0.47066666666666457,8.471999999999962,0
audnzd,oos,next_open,75,75,48,21,0.6666666666666666,2.3004193671368727,0.21657142857142853,4.547999999999999,2.0825190010857817,0.18990476190476188,3.9879999999999995,0
audnzd,oos,next_open,75,75,72,19,0.7894736842105263,4.012840267077522,0.41164912280701516,7.821333333333288,3.706462752836674,0.3849824561403486,7.314666666666623,1
audnzd,oos,next_open,75,75,96,18,0.7222222222222222,4.407475490196037,0.41192592592592486,7.414666666666648,4.002886836027679,0.3852592592592582,6.934666666666647,0
audnzd,oos,next_open,75,100,48,21,0.6666666666666666,1.9321165545949441,0.1386190476190476,2.9109999999999996,1.7634079068342048,0.11861904761904755,2.4909999999999988,0
audnzd,oos,next_open,75,100,72,19,0.7894736842105263,3.19288925214546,0.28242105263157713,5.365999999999965,2.9730906212900456,0.26242105263157717,4.985999999999966,0
audnzd,oos,next_open,75,100,96,18,0.7222222222222222,3.37382739212005,0.28116666666666584,5.060999999999985,3.106182795698904,0.2611666666666659,4.700999999999985,0
audnzd,oos,next_open,100,50,48,21,0.6666666666666666,2.6552577319587845,0.38228571428571556,8.028000000000027,2.4011695906432933,0.34228571428571575,7.188000000000031,0
audnzd,oos,next_open,100,50,72,19,0.7368421052631579,3.6823742637063526,0.623157894736839,11.839999999999941,3.4013870827914734,0.5831578947368391,11.079999999999943,0
audnzd,oos,next_open,100,50,96,18,0.6111111111111112,3.364051094890485,0.5757777777777755,10.363999999999958,3.0677530017152432,0.5357777777777755,9.64399999999996,0
audnzd,oos,next_open,100,75,48,21,0.6666666666666666,2.454822722073971,0.24228571428571463,5.088000000000007,2.229098805646045,0.215619047619048,4.528000000000008,0
audnzd,oos,next_open,100,75,72,19,0.7894736842105263,4.319979455572643,0.4536140350877172,8.618666666666627,4.001480019733567,0.4269473684210506,8.111999999999961,0
audnzd,oos,next_open,100,75,96,18,0.7222222222222222,4.766544117647012,0.45533333333333215,8.195999999999978,4.341224018475712,0.4286666666666654,7.715999999999978,0
audnzd,oos,next_open,100,100,48,21,0.6666666666666666,2.0617995517131025,0.15790476190476216,3.316000000000005,1.887526815813674,0.13790476190476214,2.8960000000000052,0
audnzd,oos,next_open,100,100,72,19,0.7894736842105263,3.4372701266857146,0.31389473684210367,5.96399999999997,3.209734863474455,0.29389473684210377,5.583999999999971,0
audnzd,oos,next_open,100,100,96,18,0.7222222222222222,3.6486866791744563,0.3137222222222213,5.646999999999983,3.3687275985662852,0.29372222222222133,5.286999999999984,0
audnzd,oos,break_signal_high,50,50,48,19,0.6842105263157895,2.2171280276816177,0.2962105263157831,5.627999999999879,2.000822368421015,0.25621052631578317,4.86799999999988,0
audnzd,oos,break_signal_high,50,50,72,17,0.7647058823529411,2.8018867924528226,0.4494117647058806,7.63999999999997,2.5818181818181754,0.40941176470588075,6.959999999999972,0
audnzd,oos,break_signal_high,50,50,96,16,0.75,2.6603773584905652,0.43999999999999995,7.039999999999999,2.4545454545454546,0.4,6.4,0
audnzd,oos,break_signal_high,50,75,48,19,0.6842105263157895,2.0284922833398844,0.18238596491227577,3.4653333333332395,1.8383075179448034,0.15571929824560912,2.9586666666665735,0
audnzd,oos,break_signal_high,50,75,72,17,0.8235294117647058,3.7034606205250284,0.35537254901960535,6.0413333333332915,3.4141705069124124,0.32870588235293874,5.587999999999958,0
audnzd,oos,break_signal_high,50,75,96,16,0.8125,3.7545626179987055,0.3647499999999987,5.835999999999979,3.4602789569435695,0.33808333333333207,5.409333333333313,0
audnzd,oos,break_signal_high,50,100,48,19,0.6842105263157895,2.3226098776619244,0.15363157894736462,2.9189999999999277,2.0911044262999057,0.13363157894736463,2.538999999999928,0
audnzd,oos,break_signal_high,50,100,72,17,0.8235294117647058,3.322805139186261,0.255235294117645,4.338999999999965,3.0741701244812973,0.23523529411764504,3.998999999999966,0
audnzd,oos,break_signal_high,50,100,96,16,0.8125,3.2213822894168143,0.2571249999999989,4.113999999999982,2.9843096234309345,0.23712499999999892,3.7939999999999827,0
audnzd,oos,break_signal_high,75,50,48,19,0.631578947368421,2.2964545066210618,0.3194736842105201,6.069999999999881,2.0701330108826737,0.2794736842105201,5.3099999999998815,0
audnzd,oos,break_signal_high,75,50,72,17,0.7058823529411765,3.0088066930867465,0.5367058823529399,9.12399999999998,2.7806832560101236,0.49670588235294,8.44399999999998,0
audnzd,oos,break_signal_high,75,50,96,16,0.6875,3.0863741339491626,0.5646249999999948,9.033999999999917,2.8399824638316273,0.5246249999999948,8.393999999999917,0
audnzd,oos,break_signal_high,75,75,48,19,0.631578947368421,2.103286384976484,0.1978947368421004,3.759999999999908,1.9050445103857192,0.1712280701754338,3.253333333333242,0
audnzd,oos,break_signal_high,75,75,72,17,0.7647058823529411,3.8861521620142137,0.4135686274509784,7.030666666666632,3.586785527005752,0.38690196078431166,6.577333333333298,0
audnzd,oos,break_signal_high,75,75,96,16,0.75,4.288861689106402,0.44783333333332864,7.165333333333258,3.9213872832369208,0.421166666666662,6.738666666666592,0
audnzd,oos,break_signal_high,75,100,48,19,0.631578947368421,2.404293381037511,0.1652631578947331,3.1399999999999286,2.1616161616161134,0.1452631578947331,2.7599999999999287,0
audnzd,oos,break_signal_high,75,100,72,17,0.7647058823529411,3.5165923724615924,0.29888235294117466,5.080999999999969,3.25869461648402,0.2788823529411747,4.7409999999999695,0
audnzd,oos,break_signal_high,75,100,96,16,0.75,3.694254085397926,0.3194374999999963,5.110999999999941,3.4039136979427376,0.2994374999999963,4.790999999999941,0
audnzd,oos,break_signal_high,100,50,48,19,0.631578947368421,2.4818453652284913,0.3651578947368354,6.937999999999873,2.2450624748085066,0.32515789473683543,6.177999999999873,0
audnzd,oos,break_signal_high,100,50,72,17,0.7058823529411765,3.24878907970056,0.6008235294117599,10.213999999999917,3.010544074230271,0.5608235294117598,9.533999999999917,0
audnzd,oos,break_signal_high,100,50,96,16,0.6875,3.3256351039260554,0.6293749999999917,10.069999999999867,3.0670758439280643,0.5893749999999917,9.429999999999866,0
audnzd,oos,break_signal_high,100,75,48,19,0.631578947368421,2.273082942096981,0.22835087719297736,4.33866666666657,2.066023738872363,0.20168421052631075,3.8319999999999044,0
audnzd,oos,break_signal_high,100,75,72,17,0.7647058823529411,4.184455391351909,0.45631372549019156,7.757333333333256,3.8725747246984468,0.42964705882352494,7.303999999999924,0
audnzd,oos,break_signal_high,100,75,96,16,0.75,4.605875152998671,0.4909999999999932,7.8559999999998915,4.220809248554822,0.46433333333332655,7.429333333333225,0
audnzd,oos,break_signal_high,100,100,48,19,0.631578947368421,2.5983899821108514,0.1881052631578908,3.5739999999999252,2.3442760942760414,0.16810526315789082,3.1939999999999253,0
audnzd,oos,break_signal_high,100,100,72,17,0.7647058823529411,3.786527984150531,0.3309411764705846,5.625999999999938,3.518342067651227,0.3109411764705846,5.285999999999938,0
audnzd,oos,break_signal_high,100,100,96,16,0.75,3.967316816025215,0.35181249999999475,5.628999999999916,3.663823381836349,0.33181249999999474,5.308999999999916,0
audnzd,oos,confirm_1bar,50,50,48,16,0.6875,1.8375216637781415,0.24162499999999543,3.865999999999927,1.6698504983388516,0.2016249999999955,3.225999999999928,0
audnzd,oos,confirm_1bar,50,50,72,16,0.6875,1.88415094339622,0.292874999999998,4.685999999999968,1.735636363636358,0.2528749999999981,4.045999999999969,0
audnzd,oos,confirm_1bar,50,50,96,14,0.6428571428571429,1.5962264150943393,0.22571428571428567,3.1599999999999993,1.4727272727272727,0.1857142857142857,2.5999999999999996,0
audnzd,oos,confirm_1bar,50,75,48,16,0.6875,1.6406189555125519,0.13799999999999651,2.2079999999999442,1.4975791433891799,0.11133333333332987,1.781333333333278,0
audnzd,oos,confirm_1bar,50,75,72,16,0.6875,1.8700374531835198,0.1935833333333326,3.0973333333333217,1.7231046931407927,0.166916666666666,2.670666666666656,0
audnzd,oos,confirm_1bar,50,75,96,14,0.7142857142857143,1.7244856797095591,0.17104761904761892,2.394666666666665,1.5924189136381388,0.14438095238095228,2.021333333333332,0
audnzd,oos,confirm_1bar,50,100,48,16,0.6875,1.820953198797742,0.11949999999999739,1.9119999999999582,1.655413750514593,0.09949999999999742,1.5919999999999588,0
audnzd,oos,confirm_1bar,50,100,72,16,0.6875,2.0068327974276325,0.15656249999999794,2.504999999999967,1.8442812982998273,0.13656249999999798,2.1849999999999676,0
audnzd,oos,confirm_1bar,50,100,96,14,0.7142857142857143,1.9008448199199446,0.14471428571428416,2.025999999999978,1.7496779733791155,0.12471428571428414,1.745999999999978,0
audnzd,oos,confirm_1bar,75,50,48,16,0.6875,2.214471403812787,0.3503749999999912,5.6059999999998595,2.0311461794019587,0.3103749999999912,4.965999999999859,0
audnzd,oos,confirm_1bar,75,50,72,16,0.625,2.1513011152416195,0.3871249999999944,6.19399999999991,1.9882562277579918,0.34712499999999435,5.55399999999991,0
audnzd,oos,confirm_1bar,75,50,96,14,0.5714285714285714,1.6201257861635159,0.28171428571428303,3.9439999999999626,1.5127272727272671,0.24171428571428302,3.383999999999962,0
audnzd,oos,confirm_1bar,75,75,48,16,0.6875,1.9771760154738516,0.21049999999999372,3.3679999999998995,1.8216014897578803,0.18383333333332708,2.941333333333233,0
audnzd,oos,confirm_1bar,75,75,72,16,0.625,2.1354243542435323,0.2564166666666636,4.102666666666617,1.9742049469964562,0.22974999999999693,3.675999999999951,0
audnzd,oos,confirm_1bar,75,75,96,14,0.6428571428571429,1.5946609389383182,0.18457142857142678,2.5839999999999748,1.4935992855016313,0.15790476190476013,2.2106666666666417,0
audnzd,oos,confirm_1bar,75,100,48,16,0.6875,2.1945040790038215,0.17387499999999528,2.7819999999999245,2.013585837793292,0.15387499999999527,2.4619999999999242,0
audnzd,oos,confirm_1bar,75,100,72,16,0.625,2.2891613924050307,0.20368749999999614,3.258999999999938,2.1098942598187014,0.18368749999999612,2.938999999999938,0
audnzd,oos,confirm_1bar,75,100,96,14,0.6428571428571429,1.5849344312290163,0.1369999999999971,1.9179999999999593,1.4847588043799786,0.1169999999999971,1.6379999999999595,0
audnzd,oos,confirm_1bar,100,50,48,16,0.6875,2.246533795493902,0.3596249999999931,5.753999999999889,2.0618770764119314,0.31962499999999305,5.113999999999889,0
audnzd,oos,confirm_1bar,100,50,72,16,0.625,2.424163568773213,0.4788749999999926,7.661999999999882,2.2494661921707984,0.4388749999999926,7.021999999999881,0
audnzd,oos,confirm_1bar,100,50,96,14,0.5714285714285714,1.7679245283018752,0.34885714285713776,4.883999999999928,1.6551515151515044,0.3088571428571377,4.323999999999928,0
audnzd,oos,confirm_1bar,100,75,48,16,0.6875,2.005802707930337,0.21666666666666162,3.466666666666586,1.8491620111731555,0.189999999999995,3.03999999999992,0
audnzd,oos,confirm_1bar,100,75,72,16,0.625,2.4062730627306124,0.317583333333329,5.081333333333264,2.2335689045936253,0.2909166666666624,4.654666666666598,0
audnzd,oos,confirm_1bar,100,75,96,14,0.6428571428571429,1.7388769561214978,0.2293333333333299,3.2106666666666186,1.6335218815123436,0.20266666666666322,2.837333333333285,0
audnzd,oos,confirm_1bar,100,100,48,16,0.6875,2.226277372262737,0.17849999999999622,2.8559999999999395,2.0440510498147058,0.1584999999999962,2.535999999999939,0
audnzd,oos,confirm_1bar,100,100,72,16,0.625,2.5795094936708463,0.24956249999999525,3.992999999999924,2.3870845921449786,0.22956249999999523,3.6729999999999237,0
audnzd,oos,confirm_1bar,100,100,96,14,0.6428571428571429,1.7282708142726209,0.17057142857142446,2.3879999999999426,1.6238532110091528,0.1505714285714245,2.107999999999943,0
