pair,kind,filter,n,win,pf,expr,net,win_lift
USDJPY,BASE,none,172,0.4941860465116279,0.8426645091693633,-3.391860465116285,-583.400000000001,
USDJPY,SINGLE,rsi<=45,56,0.5357142857142857,1.0042396313364048,0.0821428571428403,4.599999999999056,0.0415282392026578
USDJPY,SINGLE,bb_pct<=0.5,79,0.5443037974683544,1.0366996699669961,0.7037974683544185,55.599999999999056,0.05011775095672655
USDJPY,SINGLE,utc_00_06,53,0.6415094339622641,1.539779681762546,8.320754716981131,441.0,0.14732338745063622
USDJPY,PAIR,bb_pct<=0.5 + utc_00_06,15,0.7333333333333333,2.366279069767442,15.666666666666666,235.0,0.23914728682170538
EURJPY,BASE,none,260,0.3730769230769231,1.2348969079602348,6.261538461538461,1627.9999999999998,
EURJPY,SINGLE,adx>=20,195,0.4,1.3734833796398096,9.582051282051298,1868.5000000000032,0.02692307692307694
EURJPY,SINGLE,adx>=25,140,0.4,1.3331566170931117,8.528571428571452,1194.0000000000032,0.02692307692307694
EURJPY,SINGLE,adx>=30,95,0.4,1.3429361508935584,8.746315789473712,830.9000000000026,0.02692307692307694
EURJPY,SINGLE,rsi<=40,77,0.4025974025974026,1.3956790123456795,9.989610389610402,769.200000000001,0.029520479520479537
EURJPY,SINGLE,rsi<=45,118,0.4322033898305085,1.5241548469659798,12.49576271186439,1474.4999999999982,0.059126466753585405
EURJPY,SINGLE,rsi>=45,205,0.36097560975609755,1.1755965214891473,4.76731707317072,977.2999999999977,-0.012101313320825535
EURJPY,SINGLE,rsi>=50,174,0.3218390804597701,1.0208026472427914,0.592528735632167,103.09999999999707,-0.05123784261715297
EURJPY,SINGLE,rsi_change6>=2,260,0.3730769230769231,1.2348969079602348,6.261538461538461,1627.9999999999998,0.0
EURJPY,SINGLE,rsi_change6>=3,260,0.3730769230769231,1.2348969079602348,6.261538461538461,1627.9999999999998,0.0
EURJPY,SINGLE,atr_pct>=0.002,106,0.3490566037735849,1.1845972362655883,5.166981132075477,547.7000000000005,-0.0240203193033382
EURJPY,SINGLE,atr_pct<=0.006,258,0.375968992248062,1.2504127280961912,6.643410852713178,1713.9999999999998,0.0028920691711389335
EURJPY,SINGLE,macd_hist>=0,207,0.33816425120772947,1.0635677051972399,1.7850241545893561,369.4999999999967,-0.03491267186919361
EURJPY,SINGLE,macd_hist>prev,244,0.38524590163934425,1.3099015961203444,8.092622950819672,1974.6,0.012168978562421162
EURJPY,SINGLE,bb_pct<=0.5,160,0.44375,1.6339283339097126,14.893750000000011,2383.000000000002,0.0706730769230769
EURJPY,SINGLE,bb_pct<=0.4,133,0.45112781954887216,1.6467767193005343,14.906015037593976,1982.4999999999989,0.07805089647194907
EURJPY,SINGLE,dist_ema20>=-0.75,219,0.3561643835616438,1.1609529933331073,4.3433789954337705,951.1999999999957,-0.016912539515279268
EURJPY,SINGLE,dist_ema20>=-0.5,211,0.35545023696682465,1.1723615612230516,4.637914691943115,978.5999999999972,-0.017626686110098433
EURJPY,SINGLE,dist_ema20<=0,157,0.43312101910828027,1.5565161873852786,13.324840764331222,2092.000000000002,0.060044096031357186
EURJPY,SINGLE,body_range>=0.4,229,0.3799126637554585,1.2660528997978244,6.953275109170311,1592.300000000001,0.006835740678535429
EURJPY,SINGLE,body_range>=0.6,190,0.42105263157894735,1.4912829586156304,11.983684210526313,2276.8999999999996,0.04797570850202426
EURJPY,SINGLE,lower_wick>=body,194,0.39690721649484534,1.3608757772724525,9.243814432989677,1793.2999999999972,0.023830293417922255
EURJPY,SINGLE,h4_bull,205,0.35121951219512193,1.137803072202101,3.7678048780487687,772.3999999999976,-0.021857410881801154
EURJPY,SINGLE,d1_bull,260,0.3730769230769231,1.2348969079602348,6.261538461538461,1627.9999999999998,0.0
EURJPY,SINGLE,w1_bull,145,0.36551724137931035,1.206590199190946,5.564827586206875,806.8999999999969,-0.00755968169761273
EURJPY,SINGLE,utc_00_06,109,0.3577981651376147,1.1899921547225145,5.110091743119227,556.9999999999958,-0.015278757939308385
EURJPY,SINGLE,utc_06_12,99,0.35353535353535354,1.2067587209302313,5.747474747474709,568.9999999999962,-0.019541569541569548
EURJPY,SINGLE,utc_18_24,126,0.4365079365079365,1.6395063366730813,15.298412698412704,1927.6000000000008,0.06343101343101343
EURJPY,PAIR,adx>=20 + rsi<=45,111,0.43243243243243246,1.5155731284270206,12.45225225225225,1382.1999999999998,0.05935550935550937
EURJPY,PAIR,adx>=20 + bb_pct<=0.5,136,0.4485294117647059,1.6648315555694588,15.627941176470605,2125.4000000000024,0.07545248868778281
EURJPY,PAIR,adx>=20 + bb_pct<=0.4,116,0.4482758620689655,1.626894775570272,14.68879310344827,1703.8999999999994,0.07519893899204244
EURJPY,PAIR,adx>=20 + dist_ema20<=0,133,0.42857142857142855,1.5229791042933432,12.739849624060172,1694.4000000000028,0.055494505494505464
EURJPY,PAIR,adx>=20 + body_range>=0.6,145,0.4413793103448276,1.6276193546496285,14.768965517241368,2141.499999999998,0.0683023872679045
EURJPY,PAIR,adx>=20 + utc_18_24,92,0.44565217391304346,1.673114119922631,15.886956521739135,1461.6000000000004,0.07257525083612038
EURJPY,PAIR,adx>=25 + rsi<=45,91,0.45054945054945056,1.5948442433667935,13.870329670329669,1262.1999999999998,0.07747252747252747
EURJPY,PAIR,adx>=25 + atr_pct>=0.002,62,0.43548387096774194,1.6908305647840536,16.769354838709685,1039.7000000000005,0.062406947890818854
EURJPY,PAIR,adx>=25 + bb_pct<=0.5,105,0.4380952380952381,1.5414325002989369,12.937142857142879,1358.4000000000024,0.06501831501831501
EURJPY,PAIR,adx>=25 + bb_pct<=0.4,90,0.4444444444444444,1.539650283553875,12.687777777777772,1141.8999999999994,0.07136752136752134
EURJPY,PAIR,adx>=25 + lower_wick>=body,96,0.4375,1.6600893686678757,15.541666666666663,1491.9999999999995,0.06442307692307692
EURJPY,PAIR,adx>=30 + rsi<=45,72,0.4305555555555556,1.6012450285319042,14.487500000000011,1043.1000000000008,0.057478632478632496
EURJPY,PAIR,adx>=30 + rsi>=45,51,0.43137254901960786,1.4275862068965532,10.454901960784348,533.2000000000018,0.05829562594268478
EURJPY,PAIR,adx>=30 + atr_pct>=0.002,44,0.45454545454545453,1.807848837209303,18.947727272727285,833.7000000000005,0.08146853146853145
EURJPY,PAIR,adx>=30 + body_range>=0.6,74,0.44594594594594594,1.5990167727009847,13.99594594594598,1035.7000000000025,0.07286902286902286
EURJPY,PAIR,adx>=30 + w1_bull,54,0.4444444444444444,1.5794573643410852,13.84259259259259,747.4999999999999,0.07136752136752134
EURJPY,PAIR,adx>=30 + utc_00_06,30,0.43333333333333335,1.5800256081946196,13.589999999999938,407.6999999999981,0.060256410256410264
EURJPY,PAIR,adx>=30 + utc_18_24,44,0.4772727272727273,1.8153690596562189,18.327272727272735,806.4000000000003,0.10419580419580421
EURJPY,PAIR,rsi<=40 + atr_pct>=0.002,36,0.4722222222222222,1.951529987760099,21.594444444444466,777.4000000000008,0.09914529914529913
EURJPY,PAIR,rsi<=40 + macd_hist>=0,21,0.5714285714285714,2.9747875354107602,33.19523809523804,697.0999999999988,0.1983516483516483
EURJPY,PAIR,rsi<=40 + body_range>=0.6,48,0.4791666666666667,1.9305475504322769,20.18125000000001,968.7000000000004,0.1060897435897436
EURJPY,PAIR,rsi<=40 + lower_wick>=body,40,0.5,2.086724158872832,22.367500000000035,894.7000000000014,0.12692307692307692
EURJPY,PAIR,rsi<=40 + w1_bull,52,0.4230769230769231,1.588062015503877,14.588461538461567,758.6000000000015,0.04999999999999999
EURJPY,PAIR,rsi<=45 + rsi_change6>=2,118,0.4322033898305085,1.5241548469659798,12.49576271186439,1474.4999999999982,0.059126466753585405
EURJPY,PAIR,rsi<=45 + rsi_change6>=3,118,0.4322033898305085,1.5241548469659798,12.49576271186439,1474.4999999999982,0.059126466753585405
EURJPY,PAIR,rsi<=45 + atr_pct>=0.002,46,0.5217391304347826,2.382346723044398,28.42826086956523,1307.7000000000005,0.1486622073578595
EURJPY,PAIR,rsi<=45 + atr_pct<=0.006,118,0.4322033898305085,1.5241548469659798,12.49576271186439,1474.4999999999982,0.059126466753585405
EURJPY,PAIR,rsi<=45 + macd_hist>=0,52,0.4230769230769231,1.4491639591092775,10.89999999999995,566.7999999999975,0.04999999999999999
EURJPY,PAIR,rsi<=45 + macd_hist>prev,113,0.4247787610619469,1.500458362362949,12.077876106194676,1364.7999999999984,0.05170183798502381
EURJPY,PAIR,rsi<=45 + bb_pct<=0.5,118,0.4322033898305085,1.5241548469659798,12.49576271186439,1474.4999999999982,0.059126466753585405
EURJPY,PAIR,rsi<=45 + dist_ema20<=0,118,0.4322033898305085,1.5241548469659798,12.49576271186439,1474.4999999999982,0.059126466753585405
EURJPY,PAIR,rsi<=45 + body_range>=0.4,98,0.4489795918367347,1.6324334102111862,14.270408163265278,1398.4999999999973,0.07590266875981161
EURJPY,PAIR,rsi<=45 + body_range>=0.6,69,0.5072463768115942,2.0940263101142955,22.05652173913039,1521.899999999997,0.13416945373467115
EURJPY,PAIR,rsi<=45 + lower_wick>=body,73,0.4794520547945205,1.9037299956410727,19.8808219178082,1451.2999999999986,0.10637513171759744
EURJPY,PAIR,rsi<=45 + h4_bull,85,0.4588235294117647,1.7205381917177092,16.191764705882314,1376.2999999999968,0.0857466063348416
EURJPY,PAIR,rsi<=45 + d1_bull,118,0.4322033898305085,1.5241548469659798,12.49576271186439,1474.4999999999982,0.059126466753585405
EURJPY,PAIR,rsi<=45 + utc_00_06,30,0.4666666666666667,1.6699499924230896,14.736666666666565,442.09999999999695,0.09358974358974359
EURJPY,PAIR,rsi<=45 + utc_18_24,55,0.43636363636363634,1.61575393848462,14.92363636363633,820.7999999999981,0.06328671328671326
EURJPY,PAIR,rsi>=45 + bb_pct<=0.5,88,0.4318181818181818,1.6053075768942264,14.6704545454546,1291.0000000000048,0.05874125874125874
EURJPY,PAIR,rsi>=45 + bb_pct<=0.4,38,0.5263157894736842,2.2746770025839798,25.963157894736852,986.6000000000004,0.1532388663967611
EURJPY,PAIR,rsi>=45 + dist_ema20<=0,90,0.45555555555555555,1.717560512577125,16.798888888888918,1511.9000000000026,0.08247863247863246
EURJPY,PAIR,rsi>=45 + utc_18_24,87,0.45977011494252873,1.8270608414892562,18.843678160919563,1639.400000000002,0.08669319186560565
EURJPY,PAIR,rsi_change6>=2 + bb_pct<=0.5,160,0.44375,1.6339283339097126,14.893750000000011,2383.000000000002,0.0706730769230769
EURJPY,PAIR,rsi_change6>=2 + bb_pct<=0.4,133,0.45112781954887216,1.6467767193005343,14.906015037593976,1982.4999999999989,0.07805089647194907
EURJPY,PAIR,rsi_change6>=2 + dist_ema20<=0,157,0.43312101910828027,1.5565161873852786,13.324840764331222,2092.000000000002,0.060044096031357186
EURJPY,PAIR,rsi_change6>=2 + utc_18_24,126,0.4365079365079365,1.6395063366730813,15.298412698412704,1927.6000000000008,0.06343101343101343
EURJPY,PAIR,rsi_change6>=3 + bb_pct<=0.5,160,0.44375,1.6339283339097126,14.893750000000011,2383.000000000002,0.0706730769230769
EURJPY,PAIR,rsi_change6>=3 + bb_pct<=0.4,133,0.45112781954887216,1.6467767193005343,14.906015037593976,1982.4999999999989,0.07805089647194907
EURJPY,PAIR,rsi_change6>=3 + dist_ema20<=0,157,0.43312101910828027,1.5565161873852786,13.324840764331222,2092.000000000002,0.060044096031357186
EURJPY,PAIR,rsi_change6>=3 + utc_18_24,126,0.4365079365079365,1.6395063366730813,15.298412698412704,1927.6000000000008,0.06343101343101343
EURJPY,PAIR,atr_pct>=0.002 + bb_pct<=0.5,62,0.46774193548387094,1.8773784355179717,20.080645161290352,1245.0000000000018,0.09466501240694786
EURJPY,PAIR,atr_pct>=0.002 + bb_pct<=0.4,51,0.49019607843137253,2.0357781753130606,22.705882352941213,1158.0000000000018,0.11711915535444944
EURJPY,PAIR,atr_pct>=0.002 + dist_ema20<=0,61,0.45901639344262296,1.809020436927415,18.81967213114757,1148.0000000000018,0.08593947036569988
EURJPY,PAIR,atr_pct>=0.002 + body_range>=0.6,73,0.4246575342465753,1.6068106312292367,15.012328767123304,1095.9000000000012,0.051580611169652235
EURJPY,PAIR,atr_pct>=0.002 + utc_18_24,35,0.5142857142857142,2.3469220246238027,28.131428571428565,984.5999999999998,0.14120879120879115
EURJPY,PAIR,atr_pct<=0.006 + bb_pct<=0.5,160,0.44375,1.6339283339097126,14.893750000000011,2383.000000000002,0.0706730769230769
EURJPY,PAIR,atr_pct<=0.006 + bb_pct<=0.4,133,0.45112781954887216,1.6467767193005343,14.906015037593976,1982.4999999999989,0.07805089647194907
EURJPY,PAIR,atr_pct<=0.006 + dist_ema20<=0,157,0.43312101910828027,1.5565161873852786,13.324840764331222,2092.000000000002,0.060044096031357186
EURJPY,PAIR,atr_pct<=0.006 + utc_18_24,126,0.4365079365079365,1.6395063366730813,15.298412698412704,1927.6000000000008,0.06343101343101343
EURJPY,PAIR,macd_hist>=0 + bb_pct<=0.4,41,0.4634146341463415,1.6860745614035058,15.260975609756029,625.6999999999972,0.0903377110694184
EURJPY,PAIR,macd_hist>prev + bb_pct<=0.5,153,0.4444444444444444,1.672827632349251,15.774509803921566,2413.4999999999995,0.07136752136752134
EURJPY,PAIR,macd_hist>prev + bb_pct<=0.4,124,0.45161290322580644,1.7205810118588156,16.56290322580643,2053.7999999999975,0.07853598014888336
EURJPY,PAIR,macd_hist>prev + dist_ema20<=0,148,0.44594594594594594,1.6791301581793465,15.86824324324324,2348.4999999999995,0.07286902286902286
EURJPY,PAIR,macd_hist>prev + body_range>=0.6,181,0.425414364640884,1.5661015400082263,13.688397790055259,2477.6000000000017,0.05233744156396092
EURJPY,PAIR,macd_hist>prev + utc_18_24,115,0.43478260869565216,1.64356723024454,15.424347826086962,1773.8000000000006,0.06170568561872908
EURJPY,PAIR,bb_pct<=0.5 + bb_pct<=0.4,133,0.45112781954887216,1.6467767193005343,14.906015037593976,1982.4999999999989,0.07805089647194907
EURJPY,PAIR,bb_pct<=0.5 + dist_ema20>=-0.75,113,0.4336283185840708,1.5945262363155905,13.93716814159292,1574.9,0.06055139550714772
EURJPY,PAIR,bb_pct<=0.5 + dist_ema20<=0,154,0.44805194805194803,1.6581918541440166,15.331168831168842,2361.000000000002,0.07497502497502495
EURJPY,PAIR,bb_pct<=0.5 + body_range>=0.4,136,0.4632352941176471,1.7410758511376017,16.5014705882353,2244.2000000000007,0.090158371040724
EURJPY,PAIR,bb_pct<=0.5 + body_range>=0.6,107,0.5046728971962616,2.1059381989136905,22.64485981308414,2423.0000000000027,0.13159597411933854
EURJPY,PAIR,bb_pct<=0.5 + lower_wick>=body,99,0.43434343434343436,1.5875036766250674,14.123232323232308,1398.1999999999985,0.06126651126651128
EURJPY,PAIR,bb_pct<=0.5 + d1_bull,160,0.44375,1.6339283339097126,14.893750000000011,2383.000000000002,0.0706730769230769
EURJPY,PAIR,bb_pct<=0.5 + w1_bull,96,0.4270833333333333,1.5377171856184408,13.023958333333324,1250.299999999999,0.05400641025641023
EURJPY,PAIR,bb_pct<=0.5 + utc_18_24,80,0.45,1.6919138041391093,16.215000000000003,1297.2000000000003,0.07692307692307693
EURJPY,PAIR,bb_pct<=0.4 + dist_ema20>=-0.75,70,0.4714285714285714,1.7626278875233243,16.931428571428555,1185.199999999999,0.09835164835164834
EURJPY,PAIR,bb_pct<=0.4 + dist_ema20>=-0.5,48,0.4791666666666667,1.8832482419805399,19.10208333333331,916.899999999999,0.1060897435897436
EURJPY,PAIR,bb_pct<=0.4 + dist_ema20<=0,132,0.45454545454545453,1.6702071338759836,15.344696969696962,2025.4999999999989,0.08146853146853145
EURJPY,PAIR,bb_pct<=0.4 + body_range>=0.4,106,0.49056603773584906,1.932302265635597,19.449056603773567,2061.599999999998,0.11748911465892597
EURJPY,PAIR,bb_pct<=0.4 + body_range>=0.6,83,0.5060240963855421,2.078659653684769,21.990361445783115,1825.1999999999985,0.13294717330861905
EURJPY,PAIR,bb_pct<=0.4 + lower_wick>=body,78,0.48717948717948717,1.9797421731123397,21.143589743589747,1649.2000000000003,0.11410256410256409
EURJPY,PAIR,bb_pct<=0.4 + h4_bull,88,0.4318181818181818,1.4962431364993718,11.707954545454498,1030.2999999999959,0.05874125874125874
EURJPY,PAIR,bb_pct<=0.4 + d1_bull,133,0.45112781954887216,1.6467767193005343,14.906015037593976,1982.4999999999989,0.07805089647194907
EURJPY,PAIR,bb_pct<=0.4 + w1_bull,85,0.4235294117647059,1.4491582817337454,10.923529411764685,928.4999999999982,0.05045248868778279
EURJPY,PAIR,bb_pct<=0.4 + utc_00_06,29,0.4482758620689655,1.5366972477064167,12.103448275861956,350.9999999999967,0.07519893899204244
EURJPY,PAIR,bb_pct<=0.4 + utc_18_24,63,0.47619047619047616,1.8920366455250153,20.09206349206343,1265.799999999996,0.10311355311355308
EURJPY,PAIR,dist_ema20>=-0.75 + dist_ema20<=0,113,0.4247787610619469,1.5197994056463597,12.38318584070797,1399.3000000000006,0.05170183798502381
EURJPY,PAIR,dist_ema20>=-0.5 + utc_18_24,91,0.43956043956043955,1.7113694357811178,16.542857142857155,1505.400000000001,0.06648351648351647
EURJPY,PAIR,dist_ema20<=0 + body_range>=0.4,132,0.4621212121212121,1.7260306562892973,16.183333333333337,2136.2000000000007,0.08904428904428902
EURJPY,PAIR,dist_ema20<=0 + body_range>=0.6,103,0.5145631067961165,2.1725265739983644,23.66796116504855,2437.8000000000006,0.14148618371919341
EURJPY,PAIR,dist_ema20<=0 + lower_wick>=body,97,0.44329896907216493,1.664196346832904,15.707216494845351,1523.599999999999,0.07022204599524184
EURJPY,PAIR,dist_ema20<=0 + d1_bull,157,0.43312101910828027,1.5565161873852786,13.324840764331222,2092.000000000002,0.060044096031357186
EURJPY,PAIR,dist_ema20<=0 + w1_bull,93,0.44086021505376344,1.6280393406793547,14.831182795698915,1379.299999999999,0.06778329197684035
EURJPY,PAIR,dist_ema20<=0 + utc_18_24,81,0.48148148148148145,1.903211517165005,20.138271604938254,1631.1999999999985,0.10840455840455837
EURJPY,PAIR,body_range>=0.4 + utc_18_24,107,0.4485981308411215,1.675807603778079,15.914953271028057,1702.9000000000021,0.0755212077641984
EURJPY,PAIR,body_range>=0.6 + w1_bull,103,0.42718446601941745,1.4404870142704667,10.81844660194174,1114.2999999999993,0.05410754294249437
EURJPY,PAIR,body_range>=0.6 + utc_00_06,75,0.4266666666666667,1.4478201942624758,10.57333333333323,792.9999999999922,0.05358974358974361
EURJPY,PAIR,body_range>=0.6 + utc_18_24,86,0.47674418604651164,1.92684325789968,20.668604651162838,1777.500000000004,0.10366726296958856
EURJPY,PAIR,lower_wick>=body + utc_18_24,77,0.4805194805194805,2.0309363561223273,22.67792207792206,1746.1999999999985,0.10744255744255743
EURJPY,PAIR,h4_bull + utc_18_24,87,0.45977011494252873,1.825797739321796,18.97816091954022,1651.099999999999,0.08669319186560565
EURJPY,PAIR,d1_bull + utc_18_24,126,0.4365079365079365,1.6395063366730813,15.298412698412704,1927.6000000000008,0.06343101343101343
EURJPY,PAIR,w1_bull + utc_18_24,76,0.4473684210526316,1.6826944631248582,16.028947368421008,1218.1999999999966,0.0742914979757085
GBPJPY,BASE,none,192,0.5104166666666666,0.7327007209316652,-6.778125000000013,-1301.4000000000024,
GBPJPY,SINGLE,ema20_slope>=0,95,0.631578947368421,1.2526802843922809,4.713684210526319,447.8000000000003,0.12116228070175439
GBPJPY,SINGLE,ema20_slope>=0.001,30,0.6,1.0471698113207548,1.0,30.0,0.08958333333333335
GBPJPY,PAIR,ema20_slope>=0 + ema20_slope>=0.001,30,0.6,1.0471698113207548,1.0,30.0,0.08958333333333335
USDCHF,BASE,none,246,0.5609756097560976,1.1639643191562752,2.704878048780474,665.3999999999967,
USDCHF,SINGLE,adx>=20,179,0.5586592178770949,1.1905511272279414,3.1117318435753982,556.9999999999962,-0.002316391879002677
USDCHF,SINGLE,adx>=25,123,0.5853658536585366,1.3025273481704998,4.5642276422764,561.3999999999971,0.024390243902438935
USDCHF,SINGLE,adx>=30,76,0.5131578947368421,1.0659957875029238,1.1131578947368177,84.59999999999815,-0.04781771501925547
USDCHF,SINGLE,rsi<=45,108,0.5092592592592593,1.016630736064059,0.29999999999999666,32.399999999999636,-0.051716350496838315
USDCHF,SINGLE,rsi>=45,200,0.59,1.2788978930307937,4.301999999999997,860.3999999999994,0.029024390243902354
USDCHF,SINGLE,rsi>=50,178,0.5674157303370787,1.2031910243333812,3.1337078651685313,557.7999999999986,0.00644012058098109
USDCHF,SINGLE,rsi_change6>=2,246,0.5609756097560976,1.1639643191562752,2.704878048780474,665.3999999999967,0.0
USDCHF,SINGLE,rsi_change6>=3,246,0.5609756097560976,1.1639643191562752,2.704878048780474,665.3999999999967,0.0
USDCHF,SINGLE,atr_pct<=0.006,246,0.5609756097560976,1.1639643191562752,2.704878048780474,665.3999999999967,0.0
USDCHF,SINGLE,ema20_slope>=0,154,0.577922077922078,1.2590851166674,3.8285714285714474,589.6000000000029,0.016946468165980333
USDCHF,SINGLE,macd_hist>=0,197,0.5888324873096447,1.2968133435023366,4.543654822335014,895.0999999999979,0.027856877553547044
USDCHF,SINGLE,macd_hist>prev,236,0.559322033898305,1.1451413564035215,2.3885593220338888,563.6999999999978,-0.0016535758577925774
USDCHF,SINGLE,bb_pct<=0.5,154,0.5584415584415584,1.1927658567371415,3.173376623376624,488.7000000000001,-0.0025340513145392096
USDCHF,SINGLE,bb_pct<=0.4,132,0.5378787878787878,1.1160293923527085,1.9977272727272735,263.7000000000001,-0.02309682187730977
USDCHF,SINGLE,dist_ema20>=-0.75,219,0.5844748858447488,1.221067697151853,3.526484018264835,772.2999999999988,0.02349927608865121
USDCHF,SINGLE,dist_ema20>=-0.5,206,0.5825242718446602,1.2317005201882583,3.632524271844656,748.2999999999992,0.021548662088562542
USDCHF,SINGLE,dist_ema20<=0,150,0.54,1.1138359891177612,1.9526666666666601,292.899999999999,-0.02097560975609758
USDCHF,SINGLE,body_range>=0.4,228,0.5789473684210527,1.2393020707482223,3.7355263157894667,851.6999999999985,0.01797175866495504
USDCHF,SINGLE,body_range>=0.6,203,0.5566502463054187,1.111715875573935,1.809852216748773,367.4000000000009,-0.00432536345067891
USDCHF,SINGLE,lower_wick>=body,184,0.5652173913043478,1.2064237610084607,3.248369565217381,597.6999999999981,0.0042417815482501675
USDCHF,SINGLE,close_above_ema20,190,0.5842105263157895,1.2846239245073552,4.317894736842107,820.4000000000004,0.0232349165596919
USDCHF,SINGLE,h4_bull,211,0.5639810426540285,1.1968058461266453,3.1654028436018806,667.8999999999968,0.003005432897930871
USDCHF,SINGLE,d1_bull,246,0.5609756097560976,1.1639643191562752,2.704878048780474,665.3999999999967,0.0
USDCHF,SINGLE,w1_bull,109,0.5688073394495413,1.1641698928350999,2.684403669724756,292.59999999999843,0.0078317296934437
USDCHF,SINGLE,utc_00_06,123,0.5772357723577236,1.2569666143606941,3.8609756097560886,474.8999999999989,0.016260162601625994
USDCHF,SINGLE,utc_06_12,112,0.5892857142857143,1.3414663606715755,5.04821428571425,565.399999999996,0.028310104529616686
USDCHF,PAIR,adx>=20 + rsi>=45,135,0.6296296296296297,1.5612857838627607,7.6829629629629395,1037.1999999999969,0.06865401987353204
USDCHF,PAIR,adx>=20 + rsi>=50,116,0.6120689655172413,1.4831142695427935,6.622413793103417,768.1999999999963,0.05109335576114371
USDCHF,PAIR,adx>=20 + dist_ema20>=-0.5,139,0.6187050359712231,1.4711199632296594,6.636690647481991,922.4999999999968,0.057729426215125446
USDCHF,PAIR,adx>=20 + close_above_ema20,128,0.6171875,1.5055988177115882,6.94921874999998,889.4999999999974,0.056211890243902385
USDCHF,PAIR,adx>=20 + utc_06_12,62,0.6129032258064516,1.5656166453562703,7.848387096774182,486.5999999999993,0.05192761605035401
USDCHF,PAIR,adx>=25 + rsi>=45,81,0.6666666666666666,1.925405173339056,10.644444444444426,862.1999999999985,0.10569105691056901
USDCHF,PAIR,adx>=25 + rsi>=50,62,0.7258064516129032,2.8069608216051676,15.324193548387061,950.0999999999977,0.16483084185680563
USDCHF,PAIR,adx>=25 + ema20_slope>=0,51,0.7254901960784313,2.3909868558314233,13.072549019607871,666.7000000000014,0.16451458632233373
USDCHF,PAIR,adx>=25 + macd_hist>=0,93,0.6344086021505376,1.62502056259253,8.170967741935467,759.8999999999984,0.07343299239444001
USDCHF,PAIR,adx>=25 + dist_ema20>=-0.75,94,0.6170212765957447,1.3925108160525115,5.597872340425501,526.1999999999971,0.05604566683964707
USDCHF,PAIR,adx>=25 + dist_ema20>=-0.5,86,0.6395348837209303,1.670463032113516,8.351162790697657,718.1999999999986,0.07855927396483264
USDCHF,PAIR,adx>=25 + close_above_ema20,77,0.6883116883116883,2.1726609813372866,12.322077922077904,948.7999999999986,0.1273360785555907
USDCHF,PAIR,adx>=25 + h4_bull,96,0.6145833333333334,1.482595052178353,6.888541666666641,661.2999999999976,0.053607723577235755
USDCHF,PAIR,adx>=25 + w1_bull,53,0.6226415094339622,1.4489181046288695,6.184905660377362,327.8000000000002,0.06166589967786462
USDCHF,PAIR,adx>=25 + utc_00_06,53,0.660377358490566,1.8769230769230723,10.6471698113207,564.2999999999971,0.09940174873446839
USDCHF,PAIR,adx>=30 + rsi>=50,30,0.6333333333333333,1.7343437231912993,8.559999999999933,256.79999999999797,0.07235772357723569
USDCHF,PAIR,adx>=30 + ema20_slope>=0,26,0.6153846153846154,1.3987591652566282,5.438461538461559,141.40000000000055,0.054409005628517804
USDCHF,PAIR,rsi<=45 + utc_00_06,31,0.6129032258064516,1.4171111585235705,6.3064516129031585,195.49999999999793,0.05192761605035401
USDCHF,PAIR,rsi>=45 + bb_pct<=0.4,51,0.6274509803921569,1.4886394744045972,6.999999999999978,356.99999999999886,0.06647537063605924
USDCHF,PAIR,rsi>=50 + bb_pct<=0.5,21,0.6666666666666666,2.015676567656761,11.723809523809484,246.19999999999916,0.10569105691056901
USDCHF,PAIR,bb_pct<=0.5 + dist_ema20>=-0.5,97,0.6185567010309279,1.4317637669592973,6.135051546391753,595.1,0.05758109127483024
USDCHF,PAIR,bb_pct<=0.5 + utc_00_06,45,0.6222222222222222,1.5885183911997187,7.60888888888883,342.39999999999736,0.06124661246612462
USDCHF,PAIR,bb_pct<=0.4 + dist_ema20>=-0.5,56,0.625,1.5299974470257829,7.414285714285691,415.1999999999987,0.06402439024390238
USDCHF,PAIR,bb_pct<=0.4 + utc_00_06,29,0.6551724137931034,1.7709686529228965,9.413793103448237,272.99999999999886,0.09419680403700581
USDCHF,PAIR,body_range>=0.6 + utc_06_12,79,0.620253164556962,1.3684255980654614,5.399999999999976,426.59999999999815,0.059277554800864385
AUDNZD,BASE,none,147,0.5714285714285714,1.1884860583424592,3.9823129251701266,585.4000000000086,
AUDNZD,SINGLE,adx>=20,126,0.5714285714285714,1.122869986409732,2.798412698412756,352.60000000000724,0.0
AUDNZD,SINGLE,adx>=25,98,0.5714285714285714,1.118550451300015,2.6938775510204453,264.00000000000364,0.0
AUDNZD,SINGLE,adx>=30,67,0.5671641791044776,1.0079629189446186,0.20000000000006773,13.400000000004539,-0.004264392324093813
AUDNZD,SINGLE,rsi>=45,131,0.5801526717557252,1.2267215403836293,4.70992366412219,617.0000000000069,0.008724100327153761
AUDNZD,SINGLE,rsi>=50,117,0.6068376068376068,1.2727427743200643,5.468376068376123,639.8000000000063,0.035409035409035394
AUDNZD,SINGLE,rsi_change6>=2,141,0.5460992907801419,1.0189259090217606,0.4411347517731614,62.20000000001576,-0.025329280648429542
AUDNZD,SINGLE,atr_pct<=0.006,147,0.5714285714285714,1.1884860583424592,3.9823129251701266,585.4000000000086,0.0
AUDNZD,SINGLE,ema20_slope>=0,114,0.5701754385964912,1.132740837376169,2.8561403508772383,325.60000000000514,-0.0012531328320801727
AUDNZD,SINGLE,ema20_slope>=0.001,19,0.6842105263157895,1.5712914066250478,12.52631578947348,237.99999999999613,0.1127819548872181
AUDNZD,SINGLE,ema50_slope>=0,71,0.5915492957746479,1.0399472643375134,0.8535211267606726,60.60000000000775,0.02012072434607648
AUDNZD,SINGLE,macd_hist>=0,132,0.5833333333333334,1.2216224210604207,4.540909090909178,599.4000000000115,0.011904761904761973
AUDNZD,SINGLE,macd_hist>prev,145,0.5586206896551724,1.0596665246759616,1.3524137931035474,196.10000000001438,-0.012807881773398977
AUDNZD,SINGLE,dist_ema20>=-0.75,141,0.5602836879432624,1.0804572294673072,1.8070921985816613,254.80000000001422,-0.011144883485308954
AUDNZD,SINGLE,dist_ema20>=-0.5,132,0.5984848484848485,1.2626478072144933,5.317424242424316,701.9000000000098,0.02705627705627711
AUDNZD,SINGLE,dist_ema20<=0,123,0.5365853658536586,1.019460052076199,0.46178861788625314,56.800000000009135,-0.03484320557491283
AUDNZD,SINGLE,body_range>=0.4,143,0.5454545454545454,1.142779949779093,3.14125874125877,449.20000000000414,-0.025974025974025983
AUDNZD,SINGLE,body_range>=0.6,132,0.5454545454545454,1.1464397360194511,3.193939393939395,421.60000000000014,-0.025974025974025983
AUDNZD,SINGLE,lower_wick>=body,133,0.5413533834586466,1.1377554554901315,2.9902255639098425,397.700000000009,-0.03007518796992481
AUDNZD,SINGLE,close_above_ema20,121,0.5867768595041323,1.184283620091046,3.9479338842975897,477.70000000000834,0.015348288075560879
AUDNZD,SINGLE,h4_bull,147,0.5714285714285714,1.1884860583424592,3.9823129251701266,585.4000000000086,0.0
AUDNZD,SINGLE,d1_bull,147,0.5714285714285714,1.1884860583424592,3.9823129251701266,585.4000000000086,0.0
AUDNZD,SINGLE,w1_bull,73,0.5616438356164384,1.18518518518519,3.9383561643836558,287.5000000000069,-0.009784735812133016
AUDNZD,SINGLE,utc_00_06,119,0.5798319327731093,1.1659208666980732,3.5521008403362178,422.70000000000994,0.008403361344537896
AUDNZD,SINGLE,utc_06_12,79,0.569620253164557,1.2764852653584164,5.189873417721454,409.9999999999949,-0.0018083182640143969
AUDNZD,SINGLE,utc_12_18,90,0.5666666666666667,1.0275940190303614,0.676666666666751,60.900000000007594,-0.004761904761904745
AUDNZD,SINGLE,utc_18_24,94,0.5851063829787234,1.2697527997109979,5.560638297872332,522.6999999999992,0.01367781155015202
AUDNZD,PAIR,adx>=20 + ema20_slope>=0.001,16,0.6875,1.6491435321913641,13.737499999999827,219.79999999999723,0.1160714285714286
AUDNZD,PAIR,adx>=20 + ema50_slope>=0,40,0.725,1.8810819462227935,13.762500000000014,550.5000000000006,0.15357142857142858
AUDNZD,PAIR,adx>=20 + utc_06_12,53,0.6226415094339622,1.4077992117817895,7.418867924528302,393.2,0.05121293800539084
AUDNZD,PAIR,adx>=25 + ema50_slope>=0,24,0.7083333333333334,1.6209677419354775,10.266666666666604,246.39999999999847,0.13690476190476197
AUDNZD,PAIR,adx>=25 + w1_bull,51,0.6274509803921569,1.4389687654933125,8.680392156862814,442.70000000000346,0.05602240896358546
AUDNZD,PAIR,adx>=25 + utc_06_12,35,0.6857142857142857,1.5203098106712536,8.637142857142784,302.29999999999745,0.11428571428571432
AUDNZD,PAIR,adx>=25 + utc_12_18,48,0.625,1.3015046296296309,6.512500000000036,312.6000000000017,0.0535714285714286
AUDNZD,PAIR,adx>=30 + utc_06_12,27,0.6666666666666666,1.573088297422898,10.048148148148092,271.2999999999985,0.09523809523809523
AUDNZD,PAIR,rsi>=45 + ema20_slope>=0.001,19,0.6842105263157895,1.5712914066250478,12.52631578947348,237.99999999999613,0.1127819548872181
AUDNZD,PAIR,rsi>=50 + ema20_slope>=0.001,19,0.6842105263157895,1.5712914066250478,12.52631578947348,237.99999999999613,0.1127819548872181
AUDNZD,PAIR,rsi_change6>=2 + ema20_slope>=0.001,19,0.6842105263157895,1.5712914066250478,12.52631578947348,237.99999999999613,0.1127819548872181
AUDNZD,PAIR,rsi_change6>=2 + ema50_slope>=0,53,0.6415094339622641,1.2814161067094632,5.294339622641617,280.6000000000057,0.07008086253369272
AUDNZD,PAIR,atr_pct<=0.006 + ema20_slope>=0.001,19,0.6842105263157895,1.5712914066250478,12.52631578947348,237.99999999999613,0.1127819548872181
AUDNZD,PAIR,ema20_slope>=0 + ema20_slope>=0.001,19,0.6842105263157895,1.5712914066250478,12.52631578947348,237.99999999999613,0.1127819548872181
AUDNZD,PAIR,ema20_slope>=0.001 + macd_hist>=0,19,0.6842105263157895,1.5712914066250478,12.52631578947348,237.99999999999613,0.1127819548872181
AUDNZD,PAIR,ema20_slope>=0.001 + dist_ema20>=-0.75,19,0.6842105263157895,1.5712914066250478,12.52631578947348,237.99999999999613,0.1127819548872181
AUDNZD,PAIR,ema20_slope>=0.001 + dist_ema20>=-0.5,19,0.6842105263157895,1.5712914066250478,12.52631578947348,237.99999999999613,0.1127819548872181
AUDNZD,PAIR,ema20_slope>=0.001 + close_above_ema20,19,0.6842105263157895,1.5712914066250478,12.52631578947348,237.99999999999613,0.1127819548872181
AUDNZD,PAIR,ema20_slope>=0.001 + h4_bull,19,0.6842105263157895,1.5712914066250478,12.52631578947348,237.99999999999613,0.1127819548872181
AUDNZD,PAIR,ema20_slope>=0.001 + d1_bull,19,0.6842105263157895,1.5712914066250478,12.52631578947348,237.99999999999613,0.1127819548872181
AUDNZD,PAIR,ema50_slope>=0 + lower_wick>=body,37,0.6216216216216216,1.0591044005678183,1.2378378378379011,45.80000000000234,0.050193050193050204
AUDNZD,PAIR,ema50_slope>=0 + utc_06_12,19,0.631578947368421,1.0966583816625255,1.8421052631579142,35.00000000000037,0.06015037593984962
AUDNZD,PAIR,ema50_slope>=0 + utc_12_18,22,0.6818181818181818,1.7652733118971227,12.981818181818353,285.6000000000038,0.11038961038961037
