pair,direction,conditions,n_conditions,trades,hit_rate,lcb95,mean_mfe,median_mfe,mean_mae
gbpjpy,long,adx25+ & rsi_extreme_low & atr_above_med,3,651,0.9953917050691244,0.9865394412826548,305.51198156682045,268.8999999999993,-36.80276497695861
gbpjpy,short,adx25+ & rsi_extreme_high & w1_bear,3,517,0.9961315280464217,0.9860058611103143,264.20154738878153,239.1999999999996,-19.429400386847284
gbpjpy,long,adx20+ & rsi_extreme_low & atr_above_med,3,720,0.9930555555555556,0.9838473332329408,295.4847222222224,258.2000000000008,-36.02930555555562
gbpjpy,long,rsi_extreme_low & atr_above_med & w1_bull,3,430,0.9953488372093023,0.9832016182818716,294.8309302325584,241.0499999999999,-33.90860465116286
gbpjpy,short,adx25+ & rsi_extreme_high & dist_ema20_far,3,1239,0.9903147699757869,0.9831473297080873,272.21544058205336,240.39999999999964,-20.518108326596693
gbpjpy,short,rsi_extreme_high & atr_above_med & w1_bear,3,325,0.9969230769230769,0.9827791693216585,292.2833846153847,248.90000000000043,-23.82030769230772
gbpjpy,long,rsi_extreme_low & atr_above_med,2,743,0.9919246298788694,0.9824946088228053,293.5043068640648,255.10000000000161,-36.23795423956938
gbpjpy,long,rsi_extreme_low & atr_above_med & dist_ema20_far,3,743,0.9919246298788694,0.9824946088228053,293.5043068640648,255.10000000000161,-36.23795423956938
gbpjpy,short,adx25+ & rsi_extreme_high & atr_above_med,3,723,0.9903181189488244,0.9801508491200749,309.0712309820193,265.70000000000107,-23.491839557399793
gbpjpy,short,adx20+ & rsi_extreme_high & atr_above_med,3,829,0.9891435464414958,0.9794965033952852,299.7422195416164,256.9999999999993,-23.894692400482565
gbpjpy,short,adx20+ & rsi_extreme_high & w1_bear,3,623,0.9903691813804173,0.9791489997567767,256.04911717496003,236.69999999999902,-19.29935794542544
gbpjpy,short,rsi_extreme_high & atr_above_med,2,887,0.9875986471251409,0.9779304644954484,293.77339346110483,253.20000000000107,-24.314317925591933
gbpjpy,short,rsi_extreme_high & atr_above_med & dist_ema20_far,3,887,0.9875986471251409,0.9779304644954484,293.77339346110483,253.20000000000107,-24.314317925591933
gbpjpy,short,adx20+ & rsi_extreme_high & dist_ema20_far,3,1458,0.9849108367626886,0.9772585523562093,262.9075549450549,236.44999999999783,-20.551167582417648
gbpjpy,long,rsi_extreme_low & atr_above_med & body_strong,3,289,0.9930795847750865,0.9751222274562773,298.0301038062284,260.89999999999804,-34.15640138408321
gbpjpy,short,adx25+ & rsi_extreme_high,2,1250,0.9816,0.9725405746265224,272.2154405820533,240.39999999999964,-20.518108326596693
gbpjpy,short,adx20+ & adx25+ & rsi_extreme_high,3,1250,0.9816,0.9725405746265224,272.2154405820533,240.39999999999964,-20.518108326596693
gbpjpy,short,rsi_extreme_high & w1_bear,2,696,0.9841954022988506,0.971922528316293,250.25589080459778,231.55,-19.91106321839085
gbpjpy,short,rsi_extreme_high & dist_ema20_far & w1_bear,3,696,0.9841954022988506,0.971922528316293,250.25589080459778,231.55,-19.91106321839085
gbpjpy,long,adx25+ & rsi_extreme_low,2,800,0.9825,0.9708406621926241,285.99125000000015,248.0000000000004,-33.69425000000011
gbpjpy,long,adx20+ & adx25+ & rsi_extreme_low,3,800,0.9825,0.9708406621926241,285.99125000000015,248.0000000000004,-33.69425000000011
gbpjpy,long,adx25+ & rsi_extreme_low & dist_ema20_far,3,800,0.9825,0.9708406621926241,285.99125000000015,248.0000000000004,-33.69425000000011
gbpjpy,long,adx25+ & rsi_extreme_low & body_strong,3,293,0.9897610921501706,0.9703336997368961,296.9846416382253,260.89999999999804,-31.627303754266347
gbpjpy,short,rsi_extreme_high & dist_ema20_far,2,1633,0.9779546846295162,0.9696317545900344,253.8737584304108,227.79999999999916,-20.657326793378342
gbpjpy,short,adx20+ & rsi_extreme_high,2,1469,0.9775357385976855,0.9686202134362917,262.907554945055,236.44999999999783,-20.551167582417648
gbpjpy,long,adx20+ & rsi_extreme_low,2,891,0.9797979797979798,0.9682926037922787,276.23243546576896,238.70000000000005,-33.083838383838476
gbpjpy,long,adx20+ & rsi_extreme_low & dist_ema20_far,3,891,0.9797979797979798,0.9682926037922787,276.23243546576896,238.70000000000005,-33.083838383838476
gbpjpy,short,adx25+ & rsi_extreme_high & bb_below_med,3,116,1.0,0.9679443532129076,233.65603448275883,196.65000000000106,-15.493965517241438
gbpusd,short,rsi_extreme_high & macd_neg & dist_ema20_far,3,109,1.0,0.9659558177126165,205.71651376146784,183.89999999999907,-12.381651376146685
gbpjpy,long,adx20+ & rsi_extreme_low & body_strong,3,339,0.9852507374631269,0.9659427685806129,284.32507374631274,247.20000000000084,-30.74985250737475
gbpjpy,short,adx25+ & rsi_extreme_high & body_strong,3,433,0.9815242494226328,0.9639703300861113,271.06534883720934,242.79999999999973,-20.6532558139535
gbpjpy,long,rsi30_45 & macd_pos & dist_ema20_far,3,395,0.9822784810126582,0.9638765812550492,272.3705583756347,256.74999999999955,-40.92208121827416
gbpjpy,long,rsi_extreme_low,1,928,0.9752155172413793,0.9630837887965936,273.07112068965534,234.19999999999987,-33.21778017241389
gbpjpy,long,rsi_extreme_low & dist_ema20_far,2,928,0.9752155172413793,0.9630837887965936,273.07112068965534,234.19999999999987,-33.21778017241389
gbpjpy,short,rsi_extreme_high,1,1644,0.9714111922141119,0.9621911579764493,253.8737584304108,227.79999999999916,-20.657326793378342
gbpjpy,short,rsi_extreme_high & atr_above_med & body_strong,3,336,0.9821428571428571,0.9615943711180167,289.21875,253.2500000000013,-23.755059523809525
gbpusd,short,adx25+ & rsi_extreme_high & atr_above_med,3,532,0.9755639097744361,0.9586439924953419,203.45263157894732,176.89999999999873,-16.757706766917224
gbpjpy,short,adx20+ & rsi_extreme_high & body_strong,3,527,0.9753320683111955,0.9582559665285564,260.8312977099237,238.74999999999886,-19.79904580152672
gbpjpy,long,rsi_extreme_low & atr_above_med & h4_bull,3,88,1.0,0.9581714604275188,272.521590909091,268.0499999999995,-34.18750000000014
usdjpy,short,rsi_extreme_high & macd_neg & atr_above_med,3,87,1.0,0.9577110046498521,258.181609195402,230.09999999999877,-17.378160919540292
gbpjpy,long,rsi30_45 & macd_pos & atr_above_med,3,773,0.9715394566623544,0.9572839656650504,266.7790426908151,241.9000000000011,-64.40827943078922
gbpjpy,long,adx25+ & rsi30_45 & macd_pos,3,932,0.9699570815450643,0.9569219860224295,257.83168635875415,227.60000000000105,-57.19538131041897
gbpusd,long,rsi_extreme_low & macd_pos,2,85,1.0,0.9567589957857581,232.94470588235285,221.00000000000009,-16.471764705882684
gbpusd,long,adx20+ & rsi_extreme_low & macd_pos,3,85,1.0,0.9567589957857581,232.94470588235285,221.00000000000009,-16.471764705882684
gbpusd,long,adx25+ & rsi_extreme_low & macd_pos,3,85,1.0,0.9567589957857581,232.94470588235285,221.00000000000009,-16.471764705882684
gbpusd,long,rsi_extreme_low & macd_pos & dist_ema20_far,3,85,1.0,0.9567589957857581,232.94470588235285,221.00000000000009,-16.471764705882684
gbpjpy,short,rsi55_70 & macd_neg & dist_ema20_far,3,607,0.9719934102141681,0.9556081533106849,244.2050167224081,217.65000000000043,-27.007357859531748
gbpjpy,long,rsi_extreme_low & atr_above_med & d1_bull,3,226,0.9823008849557522,0.955383012489435,266.03584070796484,218.69999999999976,-30.553097345132723
gbpjpy,short,rsi_extreme_high & body_strong & dist_ema20_far,3,599,0.9716193656093489,0.9550215243595042,252.51538461538465,227.19999999999914,-20.368896321070224
gbpjpy,short,adx25+ & rsi55_70 & macd_neg,3,1111,0.9657965796579658,0.9534023624375629,240.76379310344822,211.7999999999995,-37.443466424682434
gbpjpy,long,adx25+ & rsi_extreme_low & w1_bull,3,439,0.9726651480637813,0.9528340513406486,286.45671981776786,237.00000000000045,-31.319362186788297
gbpjpy,short,rsi_extreme_high & body_strong & w1_bear,3,264,0.9772727272727273,0.951311223157933,248.9045454545455,224.50000000000045,-19.474621212121292
gbpjpy,long,adx20+ & rsi_extreme_low & w1_bull,3,502,0.9701195219123506,0.951288383237261,273.1256972111556,224.30000000000092,-30.711553784860683
eurjpy,short,rsi_extreme_high & macd_neg & w1_bear,3,75,1.0,0.9512744540953,253.8719999999998,266.5999999999997,-16.54666666666666
gbpjpy,short,rsi_extreme_high & body_strong,2,601,0.9683860232945092,0.9511529285470431,252.51538461538465,227.19999999999914,-20.368896321070224
gbpjpy,long,rsi_extreme_low & body_strong,2,366,0.9726775956284153,0.9504428806610217,277.7756830601093,239.04999999999887,-31.25054644808757
gbpjpy,long,rsi_extreme_low & body_strong & dist_ema20_far,3,366,0.9726775956284153,0.9504428806610217,277.7756830601093,239.04999999999887,-31.25054644808757
gbpjpy,short,rsi_extreme_high & macd_neg & dist_ema20_far,3,133,0.9849624060150376,0.94682928627284,311.99007633587814,269.2000000000007,-19.740458015267098
gbpjpy,short,rsi_extreme_high & macd_neg & atr_above_med,3,68,1.0,0.9465268034119507,365.11323529411777,292.0999999999992,-22.56029411764699
usdcad,short,rsi_extreme_high & macd_neg & w1_bear,3,68,1.0,0.9465268034119507,190.78088235294118,163.25000000000034,-10.80441176470561
gbpjpy,long,rsi_extreme_low & w1_bull,2,523,0.9655831739961759,0.9462556684364911,270.1717017208415,219.90000000000123,-30.98068833652021
gbpjpy,long,rsi_extreme_low & dist_ema20_far & w1_bull,3,523,0.9655831739961759,0.9462556684364911,270.1717017208415,219.90000000000123,-30.98068833652021
usdcad,short,rsi_extreme_high & macd_neg & atr_above_med,3,66,1.0,0.9449955327483907,237.65303030303022,248.79999999999902,-13.553030303030207
gbpusd,long,rsi_extreme_low & macd_pos & atr_above_med,3,65,1.0,0.9441965323292892,247.41230769230768,227.50000000000045,-17.72615384615424
gbpjpy,short,adx20+ & rsi55_70 & macd_neg,3,1465,0.9556313993174061,0.9438419684668831,225.24368131868127,200.09999999999906,-37.93392857142863
gbpusd,short,adx25+ & rsi_extreme_high & dist_ema20_far,3,932,0.9581545064377682,0.9433075519891329,188.88150537634402,161.79999999999973,-15.068172043010717
gbpjpy,long,adx20+ & rsi30_45 & macd_pos,3,1104,0.9565217391304348,0.9428259600836739,246.6216681776973,213.70000000000005,-56.97407071622855
gbpjpy,long,adx20+ & rsi_extreme_low & h4_bull,3,94,0.9893617021276596,0.9421756818388972,260.8989361702129,254.00000000000063,-32.17765957446819
gbpjpy,long,adx25+ & rsi_extreme_low & h4_bull,3,91,0.989010989010989,0.9403491964093862,262.8406593406595,254.09999999999968,-31.09890109890117
usdcad,short,rsi_extreme_high & macd_neg,2,118,0.9830508474576272,0.9403013738539171,200.63135593220335,204.05000000000007,-11.636440677966052
usdcad,short,adx20+ & rsi_extreme_high & macd_neg,3,118,0.9830508474576272,0.9403013738539171,200.63135593220335,204.05000000000007,-11.636440677966052
usdcad,short,adx25+ & rsi_extreme_high & macd_neg,3,118,0.9830508474576272,0.9403013738539171,200.63135593220335,204.05000000000007,-11.636440677966052
usdcad,short,rsi_extreme_high & macd_neg & dist_ema20_far,3,118,0.9830508474576272,0.9403013738539171,200.63135593220335,204.05000000000007,-11.636440677966052
gbpjpy,short,rsi55_70 & macd_neg & atr_above_med,3,671,0.9567809239940388,0.9386192616803364,251.1664679582712,216.2000000000006,-45.73859910581231
gbpjpy,short,rsi_extreme_high & d1_bear & w1_bear,3,111,0.9819819819819819,0.9366731979162645,208.53513513513514,193.70000000000118,-19.842342342342146
gbpusd,short,rsi_extreme_high & macd_neg,2,111,0.9819819819819819,0.9366731979162645,205.71651376146784,183.89999999999907,-12.381651376146685
gbpusd,short,adx20+ & rsi_extreme_high & macd_neg,3,111,0.9819819819819819,0.9366731979162645,205.71651376146784,183.89999999999907,-12.381651376146685
gbpusd,short,adx25+ & rsi_extreme_high & macd_neg,3,109,0.981651376146789,0.9355541544090205,207.622429906542,185.19999999999868,-12.554205607476538
gbpjpy,long,adx25+ & rsi30_45 & roc_pos,3,318,0.9622641509433962,0.9352086728915543,247.16477987421396,218.3000000000007,-69.98993710691818
gbpusd,short,rsi_extreme_high & macd_neg & w1_bear,3,55,1.0,0.934712856210572,217.1054545454546,222.80000000000075,-11.670909090908966
