pair,direction,conditions,n_conditions,trades,hit_rate,lcb95,mean_mfe,median_mfe,mean_mae,split
gbpjpy,long,adx25+ & rsi_extreme_low & atr_above_med,3,215,0.9953488372093023,0.9741282161586808,406.2204651162792,349.1000000000014,-50.76139534883707,validation
gbpjpy,long,adx25+ & rsi_extreme_low & atr_above_med,3,169,1.0,0.9777738692536981,293.9195266272187,252.89999999999964,-39.36627218934906,oos
gbpjpy,short,adx25+ & rsi_extreme_high & w1_bear,3,123,1.0,0.9697134063272616,311.70569105691067,308.7999999999994,-19.55528455284557,validation
gbpjpy,short,adx25+ & rsi_extreme_high & w1_bear,3,146,1.0,0.9743622598797664,232.06643835616435,221.24999999999915,-15.404794520547934,oos
gbpjpy,long,adx20+ & rsi_extreme_low & atr_above_med,3,226,0.995575221238938,0.9753657248859432,398.75929203539835,343.15,-50.76327433628305,validation
gbpjpy,long,adx20+ & rsi_extreme_low & atr_above_med,3,181,1.0,0.9792167996814569,286.09502762430924,245.40000000000077,-39.662430939226454,oos
gbpjpy,long,rsi_extreme_low & atr_above_med & w1_bull,3,124,0.9919354838709677,0.9557309233977271,318.0741935483871,304.8000000000002,-49.44032258064499,validation
gbpjpy,long,rsi_extreme_low & atr_above_med & w1_bull,3,111,1.0,0.9665487070887205,277.62432432432405,255.79999999999927,-42.81081081081092,oos
gbpjpy,short,adx25+ & rsi_extreme_high & dist_ema20_far,3,302,1.0,0.9874392495984851,285.54536423841057,270.4999999999984,-20.107284768211954,validation
gbpjpy,short,adx25+ & rsi_extreme_high & dist_ema20_far,3,307,0.996742671009772,0.9817823639428666,253.1446254071661,233.59999999999843,-17.013029315960985,oos
gbpjpy,short,rsi_extreme_high & atr_above_med & w1_bear,3,59,1.0,0.9388685202159079,317.11016949152537,285.8000000000004,-21.08474576271205,validation
gbpjpy,short,rsi_extreme_high & atr_above_med & w1_bear,3,76,1.0,0.9518847317689024,234.30789473684197,226.6999999999996,-17.25789473684205,oos
gbpjpy,long,rsi_extreme_low & atr_above_med,2,231,0.9956709956709957,0.9758899261575624,395.18571428571437,333.19999999999936,-50.96623376623363,validation
gbpjpy,long,rsi_extreme_low & atr_above_med,2,186,0.9946236559139785,0.9701787472015778,282.1026881720428,239.30000000000007,-39.40806451612896,oos
gbpjpy,long,rsi_extreme_low & atr_above_med & dist_ema20_far,3,231,0.9956709956709957,0.9758899261575624,395.18571428571437,333.19999999999936,-50.96623376623363,validation
gbpjpy,long,rsi_extreme_low & atr_above_med & dist_ema20_far,3,186,0.9946236559139785,0.9701787472015778,282.1026881720428,239.30000000000007,-39.40806451612896,oos
gbpjpy,short,adx25+ & rsi_extreme_high & atr_above_med,3,128,1.0,0.9708620041018918,307.3703124999999,293.5000000000002,-22.78828125000021,validation
gbpjpy,short,adx25+ & rsi_extreme_high & atr_above_med,3,175,1.0,0.9785195390781564,277.34742857142857,260.299999999998,-18.710285714285746,oos
gbpjpy,short,adx20+ & rsi_extreme_high & atr_above_med,3,160,1.0,0.9765529633499672,303.24312499999985,281.7000000000007,-24.14812500000025,validation
gbpjpy,short,adx20+ & rsi_extreme_high & atr_above_med,3,204,1.0,0.9815166934819592,263.7504901960783,246.20000000000033,-19.751960784313788,oos
gbpjpy,short,adx20+ & rsi_extreme_high & w1_bear,3,156,1.0,0.9759662065444789,306.6878205128205,294.7000000000003,-20.364743589743682,validation
gbpjpy,short,adx20+ & rsi_extreme_high & w1_bear,3,166,1.0,0.9773812776139649,229.64939759036142,219.54999999999956,-15.216265060240975,oos
gbpjpy,short,rsi_extreme_high & atr_above_med,2,179,1.0,0.9789894641044489,297.8094972067038,273.39999999999804,-23.706703910614777,validation
gbpjpy,short,rsi_extreme_high & atr_above_med,2,217,1.0,0.9826047266457045,258.88294930875566,239.50000000000102,-19.69170506912446,oos
gbpjpy,short,rsi_extreme_high & atr_above_med & dist_ema20_far,3,179,1.0,0.9789894641044489,297.8094972067038,273.39999999999804,-23.706703910614777,validation
gbpjpy,short,rsi_extreme_high & atr_above_med & dist_ema20_far,3,217,1.0,0.9826047266457045,258.88294930875566,239.50000000000102,-19.69170506912446,oos
gbpjpy,short,adx20+ & rsi_extreme_high & dist_ema20_far,3,375,1.0,0.9898596141500827,279.28453333333334,266.4999999999992,-20.975200000000065,validation
gbpjpy,short,adx20+ & rsi_extreme_high & dist_ema20_far,3,359,0.9972144846796658,0.9843922812850853,243.4055710306406,224.0000000000009,-17.552924791086436,oos
gbpjpy,long,rsi_extreme_low & atr_above_med & body_strong,3,97,0.9896907216494846,0.9438936439364473,386.1092783505157,325.7000000000005,-48.41958762886588,validation
gbpjpy,long,rsi_extreme_low & atr_above_med & body_strong,3,65,1.0,0.9441965323292892,270.67538461538413,240.00000000000057,-42.684615384615526,oos
gbpjpy,short,adx25+ & rsi_extreme_high,2,302,1.0,0.9874392495984851,285.54536423841057,270.4999999999984,-20.107284768211954,validation
gbpjpy,short,adx25+ & rsi_extreme_high,2,307,0.996742671009772,0.9817823639428666,253.1446254071661,233.59999999999843,-17.013029315960985,oos
gbpjpy,short,adx20+ & adx25+ & rsi_extreme_high,3,302,1.0,0.9874392495984851,285.54536423841057,270.4999999999984,-20.107284768211954,validation
gbpjpy,short,adx20+ & adx25+ & rsi_extreme_high,3,307,0.996742671009772,0.9817823639428666,253.1446254071661,233.59999999999843,-17.013029315960985,oos
gbpjpy,short,rsi_extreme_high & w1_bear,2,177,1.0,0.9787571001362517,300.12485875706216,287.6000000000005,-21.51581920903964,validation
gbpjpy,short,rsi_extreme_high & w1_bear,2,182,0.9945054945054945,0.9695373289628527,226.55164835164837,216.70000000000016,-14.785164835164894,oos
gbpjpy,short,rsi_extreme_high & dist_ema20_far & w1_bear,3,177,1.0,0.9787571001362517,300.12485875706216,287.6000000000005,-21.51581920903964,validation
gbpjpy,short,rsi_extreme_high & dist_ema20_far & w1_bear,3,182,0.9945054945054945,0.9695373289628527,226.55164835164837,216.70000000000016,-14.785164835164894,oos
gbpjpy,long,adx25+ & rsi_extreme_low,2,252,0.996031746031746,0.9778679421784356,387.99126984126997,328.74999999999943,-47.1976190476189,validation
gbpjpy,long,adx25+ & rsi_extreme_low,2,219,0.9817351598173516,0.9539859847206807,279.9972602739723,237.7999999999986,-35.4091324200913,oos
gbpjpy,long,adx20+ & adx25+ & rsi_extreme_low,3,252,0.996031746031746,0.9778679421784356,387.99126984126997,328.74999999999943,-47.1976190476189,validation
gbpjpy,long,adx20+ & adx25+ & rsi_extreme_low,3,219,0.9817351598173516,0.9539859847206807,279.9972602739723,237.7999999999986,-35.4091324200913,oos
gbpjpy,long,adx25+ & rsi_extreme_low & dist_ema20_far,3,252,0.996031746031746,0.9778679421784356,387.99126984126997,328.74999999999943,-47.1976190476189,validation
gbpjpy,long,adx25+ & rsi_extreme_low & dist_ema20_far,3,219,0.9817351598173516,0.9539859847206807,279.9972602739723,237.7999999999986,-35.4091324200913,oos
gbpjpy,long,adx25+ & rsi_extreme_low & body_strong,3,105,0.9904761904761905,0.9480124705673877,378.96666666666687,322.799999999998,-43.539999999999885,validation
gbpjpy,long,adx25+ & rsi_extreme_low & body_strong,3,74,0.972972972972973,0.9067052877834563,269.4121621621616,240.94999999999942,-38.1972972972974,oos
gbpjpy,short,rsi_extreme_high & dist_ema20_far,2,419,0.9952267303102625,0.9827649467743872,272.81861575178993,260.5000000000018,-21.484486873508445,validation
gbpjpy,short,rsi_extreme_high & dist_ema20_far,2,402,0.9850746268656716,0.967823872190712,235.51417910447756,216.70000000000016,-17.110945273631927,oos
gbpjpy,short,adx20+ & rsi_extreme_high,2,375,1.0,0.9898596141500827,279.28453333333334,266.4999999999992,-20.975200000000065,validation
gbpjpy,short,adx20+ & rsi_extreme_high,2,359,0.9972144846796658,0.9843922812850853,243.4055710306406,224.0000000000009,-17.552924791086436,oos
gbpjpy,long,adx20+ & rsi_extreme_low,2,267,0.9962546816479401,0.9790931035812457,379.79588014981283,324.2999999999995,-46.94681647940062,validation
gbpjpy,long,adx20+ & rsi_extreme_low,2,247,0.97165991902834,0.9426672505915015,265.93157894736817,223.99999999999807,-35.12145748987846,oos
gbpjpy,long,adx20+ & rsi_extreme_low & dist_ema20_far,3,267,0.9962546816479401,0.9790931035812457,379.79588014981283,324.2999999999995,-46.94681647940062,validation
gbpjpy,long,adx20+ & rsi_extreme_low & dist_ema20_far,3,247,0.97165991902834,0.9426672505915015,265.93157894736817,223.99999999999807,-35.12145748987846,oos
gbpjpy,short,adx25+ & rsi_extreme_high & bb_below_med,3,22,1.0,0.8513404742740388,293.3181818181817,279.1499999999985,-13.181818181818208,validation
gbpjpy,short,adx25+ & rsi_extreme_high & bb_below_med,3,20,1.0,0.8388698745050667,205.77000000000012,198.4000000000009,-19.98999999999981,oos
gbpusd,short,rsi_extreme_high & macd_neg & dist_ema20_far,3,28,0.75,0.566439747592954,143.99285714285716,135.10000000000133,-14.139285714285561,validation
gbpusd,short,rsi_extreme_high & macd_neg & dist_ema20_far,3,28,0.8928571428571429,0.7280377463234292,173.2000000000001,166.00000000000057,-14.907142857143132,oos
gbpjpy,long,adx20+ & rsi_extreme_low & body_strong,3,113,0.9911504424778761,0.9515679439394749,370.56283185840726,312.80000000000143,-42.99115044247776,validation
gbpjpy,long,adx20+ & rsi_extreme_low & body_strong,3,89,0.9775280898876404,0.9217221314006668,254.71011235955015,216.9000000000011,-37.59662921348316,oos
gbpjpy,short,adx25+ & rsi_extreme_high & body_strong,3,92,1.0,0.9599171967079013,306.77608695652145,296.64999999999964,-17.78369565217412,validation
gbpjpy,short,adx25+ & rsi_extreme_high & body_strong,3,103,0.9902912621359223,0.9470405148534974,251.4699029126216,233.0999999999989,-18.162135922330034,oos
gbpjpy,long,rsi30_45 & macd_pos & dist_ema20_far,3,117,1.0,0.9682096231761248,373.05042735042724,296.599999999998,-54.24017094017102,validation
gbpjpy,long,rsi30_45 & macd_pos & dist_ema20_far,3,106,0.9811320754716981,0.9337994255846297,261.370754716981,213.55000000000075,-48.21603773584906,oos
gbpjpy,long,rsi_extreme_low,1,275,0.9963636363636363,0.9796926512776477,375.0898181818182,321.9999999999999,-46.832363636363496,validation
gbpjpy,long,rsi_extreme_low,1,261,0.9616858237547893,0.9309200343796037,258.73180076628324,216.39999999999873,-34.529501915708714,oos
gbpjpy,long,rsi_extreme_low & dist_ema20_far,2,275,0.9963636363636363,0.9796926512776477,375.0898181818182,321.9999999999999,-46.832363636363496,validation
gbpjpy,long,rsi_extreme_low & dist_ema20_far,2,261,0.9616858237547893,0.9309200343796037,258.73180076628324,216.39999999999873,-34.529501915708714,oos
gbpjpy,short,rsi_extreme_high,1,419,0.9952267303102625,0.9827649467743872,272.81861575178993,260.5000000000018,-21.484486873508445,validation
gbpjpy,short,rsi_extreme_high,1,402,0.9850746268656716,0.967823872190712,235.51417910447756,216.70000000000016,-17.110945273631927,oos
gbpjpy,short,rsi_extreme_high & atr_above_med & body_strong,3,71,1.0,0.9486702582520952,308.9563380281686,291.70000000000016,-22.847887323944153,validation
gbpjpy,short,rsi_extreme_high & atr_above_med & body_strong,3,79,1.0,0.9536271631644004,250.68101265822793,229.59999999999923,-19.7822784810125,oos
gbpusd,short,adx25+ & rsi_extreme_high & atr_above_med,3,245,0.9061224489795918,0.8630759991968645,167.74530612244894,160.1000000000008,-16.47387755102039,validation
gbpusd,short,adx25+ & rsi_extreme_high & atr_above_med,3,176,0.9261363636363636,0.8777383683888432,166.409659090909,158.80000000000004,-16.70227272727269,oos
gbpjpy,short,adx20+ & rsi_extreme_high & body_strong,3,120,1.0,0.9689797289440706,295.22249999999974,287.70000000000095,-20.30083333333361,validation
gbpjpy,short,adx20+ & rsi_extreme_high & body_strong,3,122,0.9918032786885246,0.9550280920086621,239.56885245901657,224.89999999999952,-18.228688524590094,oos
gbpjpy,long,rsi_extreme_low & atr_above_med & h4_bull,3,42,1.0,0.916198387490838,344.74285714285713,320.0499999999991,-57.37619047619031,validation
gbpjpy,long,rsi_extreme_low & atr_above_med & h4_bull,3,31,1.0,0.889740999265246,352.66774193548406,309.60000000000036,-41.945161290322545,oos
usdjpy,short,rsi_extreme_high & macd_neg & atr_above_med,3,16,1.0,0.8063865817272801,306.4375,321.6999999999999,-22.468750000000526,validation
usdjpy,short,rsi_extreme_high & macd_neg & atr_above_med,3,30,0.8333333333333334,0.6643529481431982,226.76000000000028,167.24999999999994,-14.263333333332943,oos
gbpjpy,long,rsi30_45 & macd_pos & atr_above_med,3,251,1.0,0.9849255380597203,346.226294820717,296.599999999998,-88.5745019920318,validation
gbpjpy,long,rsi30_45 & macd_pos & atr_above_med,3,235,0.9574468085106383,0.9234536091765894,254.2706382978723,217.40000000000066,-74.0919148936171,oos
gbpjpy,long,adx25+ & rsi30_45 & macd_pos,3,314,1.0,0.9879134763983066,325.23789808917184,282.6499999999996,-78.19108280254791,validation
gbpjpy,long,adx25+ & rsi30_45 & macd_pos,3,301,0.9069767441860465,0.8688400182965391,235.060465116279,195.90000000000032,-65.62724252491691,oos
gbpusd,long,rsi_extreme_low & macd_pos,2,16,0.9375,0.7167073163197013,167.51249999999982,177.99999999999926,-18.63750000000039,validation
gbpusd,long,rsi_extreme_low & macd_pos,2,27,0.8888888888888888,0.7194181745602704,186.81851851851883,197.70000000000064,-8.518518518518404,oos
gbpusd,long,adx20+ & rsi_extreme_low & macd_pos,3,16,0.9375,0.7167073163197013,167.51249999999982,177.99999999999926,-18.63750000000039,validation
gbpusd,long,adx20+ & rsi_extreme_low & macd_pos,3,27,0.8888888888888888,0.7194181745602704,186.81851851851883,197.70000000000064,-8.518518518518404,oos
gbpusd,long,adx25+ & rsi_extreme_low & macd_pos,3,15,0.9333333333333333,0.7018292244757601,170.2133333333332,182.40000000000032,-19.706666666666983,validation
gbpusd,long,adx25+ & rsi_extreme_low & macd_pos,3,27,0.8888888888888888,0.7194181745602704,186.81851851851883,197.70000000000064,-8.518518518518404,oos
gbpusd,long,rsi_extreme_low & macd_pos & dist_ema20_far,3,16,0.9375,0.7167073163197013,167.51249999999982,177.99999999999926,-18.63750000000039,validation
gbpusd,long,rsi_extreme_low & macd_pos & dist_ema20_far,3,27,0.8888888888888888,0.7194181745602704,186.81851851851883,197.70000000000064,-8.518518518518404,oos
gbpjpy,short,rsi55_70 & macd_neg & dist_ema20_far,3,159,0.9685534591194969,0.9285047939596816,271.3918238993709,258.7999999999994,-29.77735849056595,validation
gbpjpy,short,rsi55_70 & macd_neg & dist_ema20_far,3,155,0.9806451612903225,0.9446451769977107,203.6425806451614,176.49999999999864,-22.670322580644946,oos
gbpjpy,long,rsi_extreme_low & atr_above_med & d1_bull,3,73,1.0,0.950006246616416,308.36575342465756,306.89999999999884,-51.07260273972605,validation
gbpjpy,long,rsi_extreme_low & atr_above_med & d1_bull,3,98,0.9897959183673469,0.9444438369076963,296.512244897959,234.99999999999943,-53.009183673469316,oos
gbpjpy,short,rsi_extreme_high & body_strong & dist_ema20_far,3,148,0.9864864864864865,0.9520703803910141,283.8770270270268,272.39999999999895,-21.0250000000003,validation
gbpjpy,short,rsi_extreme_high & body_strong & dist_ema20_far,3,145,0.993103448275862,0.9619713263011486,227.84137931034493,214.69999999999914,-17.358620689655144,oos
gbpjpy,short,adx25+ & rsi55_70 & macd_neg,3,259,0.9536679536679536,0.9207739531177606,264.33976833976817,249.79999999999905,-45.47915057915044,validation
gbpjpy,short,adx25+ & rsi55_70 & macd_neg,3,273,1.0,0.9861234727728782,212.45970695970698,194.39999999999884,-36.361538461538196,oos
gbpjpy,long,adx25+ & rsi_extreme_low & w1_bull,3,118,0.9915254237288136,0.9535532858788098,324.9796610169492,310.45000000000016,-47.415254237287954,validation
gbpjpy,long,adx25+ & rsi_extreme_low & w1_bull,3,134,0.9850746268656716,0.9472140919154924,279.69999999999965,254.64999999999947,-37.965671641791126,oos
gbpjpy,short,rsi_extreme_high & body_strong & w1_bear,3,58,1.0,0.9378800031047062,318.7793103448276,301.4499999999998,-20.306896551724314,validation
gbpjpy,short,rsi_extreme_high & body_strong & w1_bear,3,60,1.0,0.939826069522067,212.84333333333333,212.0500000000007,-13.55499999999997,oos
gbpjpy,long,adx20+ & rsi_extreme_low & w1_bull,3,130,0.9923076923076923,0.9577135163674925,318.4007692307692,305.2999999999997,-47.54307692307678,validation
gbpjpy,long,adx20+ & rsi_extreme_low & w1_bull,3,154,0.9675324675324676,0.9262531770462376,264.6720779220776,237.5,-37.31623376623379,oos
eurjpy,short,rsi_extreme_high & macd_neg & w1_bear,3,13,1.0,0.7718981569447084,436.96153846153936,474.20000000000186,-28.51538461538435,validation
eurjpy,short,rsi_extreme_high & macd_neg & w1_bear,3,8,1.0,0.6755843804891231,173.63749999999987,160.0999999999999,-8.112499999999656,oos
gbpjpy,short,rsi_extreme_high & body_strong,2,148,0.9864864864864865,0.9520703803910141,283.8770270270268,272.39999999999895,-21.0250000000003,validation
gbpjpy,short,rsi_extreme_high & body_strong,2,145,0.993103448275862,0.9619713263011486,227.84137931034493,214.69999999999914,-17.358620689655144,oos
gbpjpy,long,rsi_extreme_low & body_strong,2,120,0.9916666666666667,0.9543025846256779,360.80416666666684,305.04999999999995,-42.851666666666524,validation
gbpjpy,long,rsi_extreme_low & body_strong,2,96,0.9791666666666666,0.9271914417038554,246.6843749999996,207.34999999999957,-36.130208333333364,oos
gbpjpy,long,rsi_extreme_low & body_strong & dist_ema20_far,3,120,0.9916666666666667,0.9543025846256779,360.80416666666684,305.04999999999995,-42.851666666666524,validation
gbpjpy,long,rsi_extreme_low & body_strong & dist_ema20_far,3,96,0.9791666666666666,0.9271914417038554,246.6843749999996,207.34999999999957,-36.130208333333364,oos
gbpjpy,short,rsi_extreme_high & macd_neg & dist_ema20_far,3,27,1.0,0.8754409628553642,294.5851851851854,306.9999999999993,-21.614814814814967,validation
gbpjpy,short,rsi_extreme_high & macd_neg & dist_ema20_far,3,38,1.0,0.90818706741616,339.52105263157847,356.2999999999988,-15.96842105263191,oos
gbpjpy,short,rsi_extreme_high & macd_neg & atr_above_med,3,3,1.0,0.4384939195509822,361.39999999999947,402.19999999999914,-21.50000000000034,validation
gbpjpy,short,rsi_extreme_high & macd_neg & atr_above_med,3,22,1.0,0.8513404742740388,373.8818181818178,356.2499999999986,-17.027272727273157,oos
usdcad,short,rsi_extreme_high & macd_neg & w1_bear,3,10,0.7,0.3967732199795652,111.0199999999999,115.34999999999961,-5.11000000000017,validation
usdcad,short,rsi_extreme_high & macd_neg & w1_bear,3,6,0.3333333333333333,0.09676933255921684,99.7999999999995,96.29999999999916,-5.566666666666868,oos
gbpjpy,long,rsi_extreme_low & w1_bull,2,135,0.9925925925925926,0.9592349092584949,315.26222222222214,304.30000000000064,-48.009629629629494,validation
gbpjpy,long,rsi_extreme_low & w1_bull,2,166,0.9578313253012049,0.9155255134669052,255.30421686746953,228.49999999999966,-36.020481927710854,oos
gbpjpy,long,rsi_extreme_low & dist_ema20_far & w1_bull,3,135,0.9925925925925926,0.9592349092584949,315.26222222222214,304.30000000000064,-48.009629629629494,validation
gbpjpy,long,rsi_extreme_low & dist_ema20_far & w1_bull,3,166,0.9578313253012049,0.9155255134669052,255.30421686746953,228.49999999999966,-36.020481927710854,oos
usdcad,short,rsi_extreme_high & macd_neg & atr_above_med,3,2,1.0,0.3423719528896193,132.55000000000015,132.55000000000015,-4.1999999999997595,validation
usdcad,short,rsi_extreme_high & macd_neg & atr_above_med,3,8,0.875,0.5291051942301385,139.03749999999962,145.45000000000027,-7.000000000000617,oos
gbpusd,long,rsi_extreme_low & macd_pos & atr_above_med,3,10,1.0,0.7224598312333834,182.32000000000002,183.3000000000007,-20.540000000000227,validation
gbpusd,long,rsi_extreme_low & macd_pos & atr_above_med,3,20,1.0,0.8388698745050667,213.87500000000017,219.00000000000028,-8.899999999999798,oos
gbpjpy,short,adx20+ & rsi55_70 & macd_neg,3,420,0.95,0.9247750418949119,235.97261904761885,220.4999999999984,-42.290476190476156,validation
gbpjpy,short,adx20+ & rsi55_70 & macd_neg,3,355,0.9830985915492958,0.9636218972575005,199.70422535211267,181.89999999999884,-35.31323943661946,oos
gbpusd,short,adx25+ & rsi_extreme_high & dist_ema20_far,3,432,0.8310185185185185,0.7927983902400823,152.35856481481474,144.34999999999974,-14.404398148148154,validation
gbpusd,short,adx25+ & rsi_extreme_high & dist_ema20_far,3,278,0.8812949640287769,0.8379803514691462,153.43597122302157,150.7499999999995,-14.301079136690607,oos
gbpjpy,long,adx20+ & rsi30_45 & macd_pos,3,355,1.0,0.9892944407783268,310.5408450704224,272.2999999999985,-75.79633802816907,validation
gbpjpy,long,adx20+ & rsi30_45 & macd_pos,3,337,0.9080118694362018,0.8723879413642656,224.74272997032634,185.69999999999993,-62.51543026706233,oos
gbpjpy,long,adx20+ & rsi_extreme_low & h4_bull,3,49,1.0,0.9272997032640948,340.7959183673469,321.39999999999986,-52.071428571428314,validation
gbpjpy,long,adx20+ & rsi_extreme_low & h4_bull,3,34,1.0,0.8984820937803899,346.0264705882355,282.4499999999986,-40.69411764705878,oos
gbpjpy,long,adx25+ & rsi_extreme_low & h4_bull,3,49,1.0,0.9272997032640948,340.7959183673469,321.39999999999986,-52.071428571428314,validation
gbpjpy,long,adx25+ & rsi_extreme_low & h4_bull,3,33,1.0,0.8957265699643882,351.7696969696972,306.79999999999836,-40.55454545454539,oos
usdcad,short,rsi_extreme_high & macd_neg,2,21,0.7619047619047619,0.5490841802765406,116.98095238095233,109.3999999999995,-5.885714285714356,validation
usdcad,short,rsi_extreme_high & macd_neg,2,22,0.4090909090909091,0.23255559668820378,108.31363636363643,96.29999999999916,-6.440909090909401,oos
usdcad,short,adx20+ & rsi_extreme_high & macd_neg,3,20,0.8,0.5839782779742402,118.11000000000001,112.34999999999994,-6.135000000000001,validation
usdcad,short,adx20+ & rsi_extreme_high & macd_neg,3,22,0.4090909090909091,0.23255559668820378,108.31363636363643,96.29999999999916,-6.440909090909401,oos
usdcad,short,adx25+ & rsi_extreme_high & macd_neg,3,20,0.8,0.5839782779742402,118.11000000000001,112.34999999999994,-6.135000000000001,validation
usdcad,short,adx25+ & rsi_extreme_high & macd_neg,3,22,0.4090909090909091,0.23255559668820378,108.31363636363643,96.29999999999916,-6.440909090909401,oos
usdcad,short,rsi_extreme_high & macd_neg & dist_ema20_far,3,21,0.7619047619047619,0.5490841802765406,116.98095238095233,109.3999999999995,-5.885714285714356,validation
usdcad,short,rsi_extreme_high & macd_neg & dist_ema20_far,3,22,0.4090909090909091,0.23255559668820378,108.31363636363643,96.29999999999916,-6.440909090909401,oos
gbpjpy,short,rsi55_70 & macd_neg & atr_above_med,3,165,0.9454545454545454,0.899596915481169,252.03515151515109,231.00000000000023,-48.70424242424231,validation
gbpjpy,short,rsi55_70 & macd_neg & atr_above_med,3,213,0.9765258215962441,0.9462345682418408,214.3338028169013,191.80000000000064,-42.15680751173695,oos
gbpjpy,short,rsi_extreme_high & d1_bear & w1_bear,3,25,1.0,0.8668035060468212,316.12800000000027,296.6000000000008,-23.53599999999983,validation
gbpjpy,short,rsi_extreme_high & d1_bear & w1_bear,3,16,1.0,0.8063865817272801,204.22499999999903,201.0499999999979,-23.83125000000046,oos
gbpusd,short,rsi_extreme_high & macd_neg,2,28,0.75,0.566439747592954,143.99285714285716,135.10000000000133,-14.139285714285561,validation
gbpusd,short,rsi_extreme_high & macd_neg,2,28,0.8928571428571429,0.7280377463234292,173.2000000000001,166.00000000000057,-14.907142857143132,oos
gbpusd,short,adx20+ & rsi_extreme_high & macd_neg,3,28,0.75,0.566439747592954,143.99285714285716,135.10000000000133,-14.139285714285561,validation
gbpusd,short,adx20+ & rsi_extreme_high & macd_neg,3,28,0.8928571428571429,0.7280377463234292,173.2000000000001,166.00000000000057,-14.907142857143132,oos
gbpusd,short,adx25+ & rsi_extreme_high & macd_neg,3,26,0.7692307692307693,0.5794807424804321,143.46923076923088,135.10000000000133,-14.657692307692086,validation
gbpusd,short,adx25+ & rsi_extreme_high & macd_neg,3,28,0.8928571428571429,0.7280377463234292,173.2000000000001,166.00000000000057,-14.907142857143132,oos
gbpjpy,long,adx25+ & rsi30_45 & roc_pos,3,85,1.0,0.9567589957857581,275.67176470588214,264.9000000000001,-92.82117647058837,validation
gbpjpy,long,adx25+ & rsi30_45 & roc_pos,3,98,0.9081632653061225,0.8346022720739837,224.29591836734704,186.24999999999972,-83.68265306122443,oos
gbpusd,short,rsi_extreme_high & macd_neg & w1_bear,3,13,0.7692307692307693,0.49743126004873084,131.15384615384605,122.49999999999872,-16.69230769230722,validation
gbpusd,short,rsi_extreme_high & macd_neg & w1_bear,3,16,0.8125,0.5699064013154177,151.23125000000044,161.85000000000116,-11.800000000000143,oos
