pair,split,state,direction,n,hit
eurusd,discovery,h4_bull+break20_down,long,306,0.23529411764705882
eurusd,discovery,h4_bull+break20_down,short,306,0.2647058823529412
eurusd,discovery,h4_bull+rsi_up3+break20_down,long,1,0.0
eurusd,discovery,h4_bull+rsi_up3+break20_down,short,1,0.0
eurusd,discovery,h4_bull+adx20+rsi_up6,long,3789,0.24755872261810505
eurusd,discovery,h4_bull+adx20+rsi_up6,short,3789,0.30509369226708893
eurusd,discovery,h4_bull+atr_expand+break20_down,long,193,0.24352331606217617
eurusd,discovery,h4_bull+atr_expand+break20_down,short,193,0.2694300518134715
eurusd,discovery,d1_bull+break20_down,long,563,0.2682060390763766
eurusd,discovery,d1_bull+break20_down,short,563,0.2753108348134991
eurusd,discovery,h4_bull+trend_down+rsi_up6,long,2339,0.26464300983326206
eurusd,discovery,h4_bull+trend_down+rsi_up6,short,2339,0.28388200085506626
eurusd,validation,h4_bull+break20_down,long,87,0.3103448275862069
eurusd,validation,h4_bull+break20_down,short,87,0.27586206896551724
eurusd,validation,h4_bull+rsi_up3+break20_down,long,2,0.0
eurusd,validation,h4_bull+rsi_up3+break20_down,short,2,1.0
eurusd,validation,h4_bull+adx20+rsi_up6,long,1310,0.29923664122137406
eurusd,validation,h4_bull+adx20+rsi_up6,short,1310,0.29389312977099236
eurusd,validation,h4_bull+atr_expand+break20_down,long,52,0.38461538461538464
eurusd,validation,h4_bull+atr_expand+break20_down,short,52,0.21153846153846154
eurusd,validation,d1_bull+break20_down,long,159,0.27672955974842767
eurusd,validation,d1_bull+break20_down,short,159,0.2641509433962264
eurusd,validation,h4_bull+trend_down+rsi_up6,long,726,0.3002754820936639
eurusd,validation,h4_bull+trend_down+rsi_up6,short,726,0.24793388429752067
eurusd,oos,h4_bull+break20_down,long,115,0.14782608695652175
eurusd,oos,h4_bull+break20_down,short,115,0.21739130434782608
eurusd,oos,h4_bull+rsi_up3+break20_down,long,1,0.0
eurusd,oos,h4_bull+rsi_up3+break20_down,short,1,0.0
eurusd,oos,h4_bull+adx20+rsi_up6,long,1366,0.21156661786237188
eurusd,oos,h4_bull+adx20+rsi_up6,short,1366,0.2020497803806735
eurusd,oos,h4_bull+atr_expand+break20_down,long,66,0.19696969696969696
eurusd,oos,h4_bull+atr_expand+break20_down,short,66,0.24242424242424243
eurusd,oos,d1_bull+break20_down,long,159,0.25157232704402516
eurusd,oos,d1_bull+break20_down,short,159,0.15723270440251572
eurusd,oos,h4_bull+trend_down+rsi_up6,long,808,0.20297029702970298
eurusd,oos,h4_bull+trend_down+rsi_up6,short,808,0.24504950495049505
gbpusd,discovery,h4_bull+break20_down,long,314,0.4713375796178344
gbpusd,discovery,h4_bull+break20_down,short,314,0.3503184713375796
gbpusd,discovery,h4_bull+rsi_up3+break20_down,long,2,0.0
gbpusd,discovery,h4_bull+rsi_up3+break20_down,short,2,1.0
gbpusd,discovery,h4_bull+adx20+rsi_up6,long,3893,0.388389416902132
gbpusd,discovery,h4_bull+adx20+rsi_up6,short,3893,0.4279475982532751
gbpusd,discovery,h4_bull+atr_expand+break20_down,long,188,0.43617021276595747
gbpusd,discovery,h4_bull+atr_expand+break20_down,short,188,0.3776595744680851
gbpusd,discovery,d1_bull+break20_down,long,552,0.42028985507246375
gbpusd,discovery,d1_bull+break20_down,short,552,0.42934782608695654
gbpusd,discovery,h4_bull+trend_down+rsi_up6,long,2199,0.40063665302410184
gbpusd,discovery,h4_bull+trend_down+rsi_up6,short,2199,0.41700773078672126
gbpusd,validation,h4_bull+break20_down,long,98,0.37755102040816324
gbpusd,validation,h4_bull+break20_down,short,98,0.41836734693877553
gbpusd,validation,h4_bull+rsi_up3+break20_down,long,1,0.0
gbpusd,validation,h4_bull+rsi_up3+break20_down,short,1,0.0
gbpusd,validation,h4_bull+adx20+rsi_up6,long,1395,0.34695340501792116
gbpusd,validation,h4_bull+adx20+rsi_up6,short,1395,0.3634408602150538
gbpusd,validation,h4_bull+atr_expand+break20_down,long,61,0.47540983606557374
gbpusd,validation,h4_bull+atr_expand+break20_down,short,61,0.3114754098360656
gbpusd,validation,d1_bull+break20_down,long,186,0.3763440860215054
gbpusd,validation,d1_bull+break20_down,short,186,0.3870967741935484
gbpusd,validation,h4_bull+trend_down+rsi_up6,long,758,0.3562005277044855
gbpusd,validation,h4_bull+trend_down+rsi_up6,short,758,0.39313984168865435
gbpusd,oos,h4_bull+break20_down,long,82,0.32926829268292684
gbpusd,oos,h4_bull+break20_down,short,82,0.3780487804878049
gbpusd,oos,h4_bull+rsi_up3+break20_down,long,1,0.0
gbpusd,oos,h4_bull+rsi_up3+break20_down,short,1,0.0
gbpusd,oos,h4_bull+adx20+rsi_up6,long,1201,0.3005828476269775
gbpusd,oos,h4_bull+adx20+rsi_up6,short,1201,0.3164029975020816
gbpusd,oos,h4_bull+atr_expand+break20_down,long,51,0.35294117647058826
gbpusd,oos,h4_bull+atr_expand+break20_down,short,51,0.45098039215686275
gbpusd,oos,d1_bull+break20_down,long,171,0.2982456140350877
gbpusd,oos,d1_bull+break20_down,short,171,0.2631578947368421
gbpusd,oos,h4_bull+trend_down+rsi_up6,long,693,0.329004329004329
gbpusd,oos,h4_bull+trend_down+rsi_up6,short,693,0.3434343434343434
nzdusd,discovery,h4_bull+break20_down,long,260,0.2153846153846154
nzdusd,discovery,h4_bull+break20_down,short,260,0.22692307692307692
nzdusd,discovery,h4_bull+rsi_up3+break20_down,long,1,0.0
nzdusd,discovery,h4_bull+rsi_up3+break20_down,short,1,0.0
nzdusd,discovery,h4_bull+adx20+rsi_up6,long,3599,0.1794943039733259
nzdusd,discovery,h4_bull+adx20+rsi_up6,short,3599,0.23645457071408724
nzdusd,discovery,h4_bull+atr_expand+break20_down,long,172,0.22674418604651161
nzdusd,discovery,h4_bull+atr_expand+break20_down,short,172,0.23255813953488372
nzdusd,discovery,d1_bull+break20_down,long,578,0.21972318339100347
nzdusd,discovery,d1_bull+break20_down,short,578,0.22837370242214533
nzdusd,discovery,h4_bull+trend_down+rsi_up6,long,2324,0.19879518072289157
nzdusd,discovery,h4_bull+trend_down+rsi_up6,short,2324,0.23537005163511188
nzdusd,validation,h4_bull+break20_down,long,88,0.20454545454545456
nzdusd,validation,h4_bull+break20_down,short,88,0.125
nzdusd,validation,h4_bull+adx20+rsi_up6,long,1234,0.16369529983792544
nzdusd,validation,h4_bull+adx20+rsi_up6,short,1234,0.17179902755267423
nzdusd,validation,h4_bull+atr_expand+break20_down,long,56,0.2857142857142857
nzdusd,validation,h4_bull+atr_expand+break20_down,short,56,0.08928571428571429
nzdusd,validation,d1_bull+break20_down,long,214,0.205607476635514
nzdusd,validation,d1_bull+break20_down,short,214,0.10747663551401869
nzdusd,validation,h4_bull+trend_down+rsi_up6,long,832,0.16346153846153846
nzdusd,validation,h4_bull+trend_down+rsi_up6,short,832,0.14423076923076922
nzdusd,oos,h4_bull+break20_down,long,80,0.0375
nzdusd,oos,h4_bull+break20_down,short,80,0.1125
nzdusd,oos,h4_bull+adx20+rsi_up6,long,1256,0.11464968152866242
nzdusd,oos,h4_bull+adx20+rsi_up6,short,1256,0.10748407643312102
nzdusd,oos,h4_bull+atr_expand+break20_down,long,50,0.04
nzdusd,oos,h4_bull+atr_expand+break20_down,short,50,0.12
nzdusd,oos,d1_bull+break20_down,long,169,0.1301775147928994
nzdusd,oos,d1_bull+break20_down,short,169,0.07692307692307693
nzdusd,oos,h4_bull+trend_down+rsi_up6,long,756,0.11375661375661375
nzdusd,oos,h4_bull+trend_down+rsi_up6,short,756,0.12566137566137567
usdcad,discovery,h4_bull+break20_down,long,298,0.3691275167785235
usdcad,discovery,h4_bull+break20_down,short,298,0.31543624161073824
usdcad,discovery,h4_bull+rsi_up3+break20_down,long,1,0.0
usdcad,discovery,h4_bull+rsi_up3+break20_down,short,1,1.0
usdcad,discovery,h4_bull+adx20+rsi_up6,long,3838,0.36164669098488794
usdcad,discovery,h4_bull+adx20+rsi_up6,short,3838,0.312402292860865
usdcad,discovery,h4_bull+atr_expand+break20_down,long,163,0.3312883435582822
usdcad,discovery,h4_bull+atr_expand+break20_down,short,163,0.34355828220858897
usdcad,discovery,d1_bull+break20_down,long,589,0.3701188455008489
usdcad,discovery,d1_bull+break20_down,short,589,0.298811544991511
usdcad,discovery,h4_bull+trend_down+rsi_up6,long,2072,0.3556949806949807
usdcad,discovery,h4_bull+trend_down+rsi_up6,short,2072,0.28185328185328185
usdcad,validation,h4_bull+break20_down,long,75,0.32
usdcad,validation,h4_bull+break20_down,short,75,0.24
usdcad,validation,h4_bull+rsi_up3+break20_down,long,1,0.0
usdcad,validation,h4_bull+rsi_up3+break20_down,short,1,1.0
usdcad,validation,h4_bull+adx20+rsi_up6,long,1200,0.24833333333333332
usdcad,validation,h4_bull+adx20+rsi_up6,short,1200,0.26416666666666666
usdcad,validation,h4_bull+atr_expand+break20_down,long,45,0.3333333333333333
usdcad,validation,h4_bull+atr_expand+break20_down,short,45,0.3111111111111111
usdcad,validation,d1_bull+break20_down,long,147,0.29931972789115646
usdcad,validation,d1_bull+break20_down,short,147,0.2585034013605442
usdcad,validation,h4_bull+trend_down+rsi_up6,long,700,0.2957142857142857
usdcad,validation,h4_bull+trend_down+rsi_up6,short,700,0.20714285714285716
usdcad,oos,h4_bull+break20_down,long,84,0.15476190476190477
usdcad,oos,h4_bull+break20_down,short,84,0.16666666666666666
usdcad,oos,h4_bull+rsi_up3+break20_down,long,2,0.0
usdcad,oos,h4_bull+rsi_up3+break20_down,short,2,0.0
usdcad,oos,h4_bull+adx20+rsi_up6,long,1197,0.14786967418546365
usdcad,oos,h4_bull+adx20+rsi_up6,short,1197,0.16624895572263992
usdcad,oos,h4_bull+atr_expand+break20_down,long,50,0.16
usdcad,oos,h4_bull+atr_expand+break20_down,short,50,0.22
usdcad,oos,d1_bull+break20_down,long,140,0.10714285714285714
usdcad,oos,d1_bull+break20_down,short,140,0.2714285714285714
usdcad,oos,h4_bull+trend_down+rsi_up6,long,600,0.16
usdcad,oos,h4_bull+trend_down+rsi_up6,short,600,0.20833333333333334
eurgbp,discovery,h4_bull+break20_down,long,239,0.12133891213389121
eurgbp,discovery,h4_bull+break20_down,short,239,0.0794979079497908
eurgbp,discovery,h4_bull+adx20+rsi_up6,long,3557,0.11329772280011245
eurgbp,discovery,h4_bull+adx20+rsi_up6,short,3557,0.12032611751475963
eurgbp,discovery,h4_bull+atr_expand+break20_down,long,155,0.10967741935483871
eurgbp,discovery,h4_bull+atr_expand+break20_down,short,155,0.05806451612903226
eurgbp,discovery,d1_bull+break20_down,long,489,0.08588957055214724
eurgbp,discovery,d1_bull+break20_down,short,489,0.10224948875255624
eurgbp,discovery,h4_bull+trend_down+rsi_up6,long,2415,0.08695652173913043
eurgbp,discovery,h4_bull+trend_down+rsi_up6,short,2415,0.08530020703933748
eurgbp,validation,h4_bull+break20_down,long,52,0.21153846153846154
eurgbp,validation,h4_bull+break20_down,short,52,0.019230769230769232
eurgbp,validation,h4_bull+adx20+rsi_up6,long,1298,0.12942989214175654
eurgbp,validation,h4_bull+adx20+rsi_up6,short,1298,0.039291217257318954
eurgbp,validation,h4_bull+atr_expand+break20_down,long,34,0.23529411764705882
eurgbp,validation,h4_bull+atr_expand+break20_down,short,34,0.0
eurgbp,validation,d1_bull+break20_down,long,177,0.05084745762711865
eurgbp,validation,d1_bull+break20_down,short,177,0.022598870056497175
eurgbp,validation,h4_bull+trend_down+rsi_up6,long,766,0.07702349869451697
eurgbp,validation,h4_bull+trend_down+rsi_up6,short,766,0.0391644908616188
eurgbp,oos,h4_bull+break20_down,long,48,0.020833333333333332
eurgbp,oos,h4_bull+break20_down,short,48,0.0
eurgbp,oos,h4_bull+adx20+rsi_up6,long,1150,0.03304347826086956
eurgbp,oos,h4_bull+adx20+rsi_up6,short,1150,0.014782608695652174
eurgbp,oos,h4_bull+atr_expand+break20_down,long,33,0.030303030303030304
eurgbp,oos,h4_bull+atr_expand+break20_down,short,33,0.0
eurgbp,oos,d1_bull+break20_down,long,175,0.017142857142857144
eurgbp,oos,d1_bull+break20_down,short,175,0.005714285714285714
eurgbp,oos,h4_bull+trend_down+rsi_up6,long,711,0.012658227848101266
eurgbp,oos,h4_bull+trend_down+rsi_up6,short,711,0.0014064697609001407
audjpy,discovery,h4_bull+break20_down,long,201,0.40298507462686567
audjpy,discovery,h4_bull+break20_down,short,201,0.4577114427860697
audjpy,discovery,h4_bull+rsi_up3+break20_down,long,1,0.0
audjpy,discovery,h4_bull+rsi_up3+break20_down,short,1,1.0
audjpy,discovery,h4_bull+adx20+rsi_up6,long,3784,0.35306553911205074
audjpy,discovery,h4_bull+adx20+rsi_up6,short,3784,0.3562367864693446
audjpy,discovery,h4_bull+atr_expand+break20_down,long,147,0.4013605442176871
audjpy,discovery,h4_bull+atr_expand+break20_down,short,147,0.4557823129251701
audjpy,discovery,d1_bull+break20_down,long,464,0.36637931034482757
audjpy,discovery,d1_bull+break20_down,short,464,0.4353448275862069
audjpy,discovery,h4_bull+trend_down+rsi_up6,long,1887,0.3937466878643349
audjpy,discovery,h4_bull+trend_down+rsi_up6,short,1887,0.36036036036036034
audjpy,validation,h4_bull+break20_down,long,67,0.44776119402985076
audjpy,validation,h4_bull+break20_down,short,67,0.5223880597014925
audjpy,validation,h4_bull+adx20+rsi_up6,long,1177,0.39507221750212407
audjpy,validation,h4_bull+adx20+rsi_up6,short,1177,0.5114698385726423
audjpy,validation,h4_bull+atr_expand+break20_down,long,53,0.4339622641509434
audjpy,validation,h4_bull+atr_expand+break20_down,short,53,0.49056603773584906
audjpy,validation,d1_bull+break20_down,long,177,0.4689265536723164
audjpy,validation,d1_bull+break20_down,short,177,0.4971751412429379
audjpy,validation,h4_bull+trend_down+rsi_up6,long,654,0.47553516819571867
audjpy,validation,h4_bull+trend_down+rsi_up6,short,654,0.5749235474006116
audjpy,oos,h4_bull+break20_down,long,64,0.359375
audjpy,oos,h4_bull+break20_down,short,64,0.453125
audjpy,oos,h4_bull+adx20+rsi_up6,long,1241,0.32393231265108785
audjpy,oos,h4_bull+adx20+rsi_up6,short,1241,0.35938759065269943
audjpy,oos,h4_bull+atr_expand+break20_down,long,53,0.37735849056603776
audjpy,oos,h4_bull+atr_expand+break20_down,short,53,0.4716981132075472
audjpy,oos,d1_bull+break20_down,long,133,0.3609022556390977
audjpy,oos,d1_bull+break20_down,short,133,0.40601503759398494
audjpy,oos,h4_bull+trend_down+rsi_up6,long,435,0.2988505747126437
audjpy,oos,h4_bull+trend_down+rsi_up6,short,435,0.4091954022988506
