structure,pair,split,tp,sl,trades,win,pf,exp_r,mfe_med,mfe_p75,mae_med,mae_p75,bars_med
pullback_reversal,usdjpy,discovery,50,50,69,0.37681159420289856,0.8666666666666667,-0.0579710144927536,34.00000000000034,53.20000000000107,39.399999999999125,59.499999999999886,11.0
pullback_reversal,usdjpy,discovery,50,75,69,0.463768115942029,1.4545454545454546,0.1449275362318841,46.299999999999386,54.20000000000016,39.399999999999125,79.80000000000018,14.0
pullback_reversal,usdjpy,discovery,75,50,69,0.2753623188405797,0.59375,-0.18840579710144928,34.00000000000034,75.39999999999907,41.500000000002046,63.2000000000005,13.0
pullback_reversal,usdjpy,discovery,75,75,69,0.36231884057971014,1.0869565217391304,0.02898550724637683,46.299999999999386,79.40000000000111,41.500000000002046,80.59999999999974,21.0
pullback_reversal,usdjpy,validation,50,50,34,0.5,1.0,0.0,50.900000000001455,57.75000000000006,47.65000000000015,65.17499999999998,4.0
pullback_reversal,usdjpy,validation,50,75,34,0.5882352941176471,1.4285714285714286,0.17647058823529416,53.69999999999919,62.22500000000011,54.59999999999923,87.57499999999965,6.0
pullback_reversal,usdjpy,validation,75,50,34,0.4117647058823529,0.7,-0.17647058823529416,54.90000000000066,84.04999999999987,57.24999999999909,70.50000000000125,8.0
pullback_reversal,usdjpy,validation,75,75,34,0.5,1.0,0.0,73.25000000000017,86.55000000000044,75.85000000000122,90.300000000002,11.5
pullback_reversal,usdjpy,oos,50,50,31,0.5161290322580645,1.3333333333333333,0.12903225806451613,50.60000000000002,55.100000000001614,37.39999999999952,57.39999999999981,8.0
pullback_reversal,usdjpy,oos,50,75,31,0.7096774193548387,3.6666666666666665,0.5161290322580645,54.299999999997794,60.70000000000135,37.39999999999952,66.70000000000016,18.0
pullback_reversal,usdjpy,oos,75,50,31,0.3870967741935484,0.8571428571428571,-0.06451612903225806,54.299999999997794,77.45000000000033,49.00000000000091,59.550000000000125,12.0
pullback_reversal,usdjpy,oos,75,75,31,0.5161290322580645,1.7777777777777777,0.2258064516129032,75.40000000000191,79.74999999999994,49.00000000000091,83.25000000000102,24.0
pullback_reversal,eurjpy,discovery,50,50,88,0.5454545454545454,1.4545454545454546,0.17045454545454541,50.69999999999908,57.27499999999992,30.89999999999833,52.02500000000043,8.5
pullback_reversal,eurjpy,discovery,50,75,88,0.5681818181818182,2.0,0.2840909090909091,51.14999999999981,58.02500000000137,30.89999999999833,78.37500000000048,13.0
pullback_reversal,eurjpy,discovery,75,50,88,0.42045454545454547,0.9487179487179487,-0.022727272727272707,57.799999999998875,80.64999999999856,41.29999999999967,54.80000000000018,14.0
pullback_reversal,eurjpy,discovery,75,75,88,0.45454545454545453,1.3333333333333333,0.11363636363636365,63.19999999999908,81.6749999999999,41.29999999999967,79.70000000000041,24.0
pullback_reversal,eurjpy,validation,50,50,33,0.5757575757575758,1.3571428571428572,0.15151515151515155,52.40000000000009,58.59999999999843,37.000000000000455,66.99999999999875,5.0
pullback_reversal,eurjpy,validation,50,75,33,0.6363636363636364,1.75,0.2727272727272727,53.10000000000059,58.60000000000127,37.000000000000455,81.40000000000214,5.0
pullback_reversal,eurjpy,validation,75,50,33,0.36363636363636365,0.5714285714285714,-0.2727272727272727,56.100000000000705,79.89999999999782,56.49999999999977,75.10000000000048,7.0
pullback_reversal,eurjpy,validation,75,75,33,0.42424242424242425,0.7368421052631579,-0.15151515151515155,64.10000000000196,79.90000000000066,78.60000000000014,84.39999999999941,9.0
pullback_reversal,eurjpy,oos,50,50,24,0.7083333333333334,2.4285714285714284,0.4166666666666667,52.10000000000008,56.32500000000107,22.19999999999942,53.999999999999915,9.5
pullback_reversal,eurjpy,oos,50,75,24,0.7916666666666666,3.8,0.5833333333333333,53.75000000000085,57.19999999999956,22.19999999999942,63.12500000000014,10.0
pullback_reversal,eurjpy,oos,75,50,24,0.4166666666666667,1.1111111111111112,0.041666666666666685,65.30000000000058,78.17500000000024,35.99999999999994,58.200000000000784,17.0
pullback_reversal,eurjpy,oos,75,75,24,0.5,1.7142857142857142,0.20833333333333331,72.59999999999991,78.17500000000024,35.99999999999994,75.35000000000025,22.5
pullback_reversal,gbpjpy,discovery,50,50,82,0.524390243902439,1.131578947368421,0.06097560975609756,50.849999999999795,60.79999999999828,40.59999999999917,62.4750000000013,7.0
pullback_reversal,gbpjpy,discovery,50,75,82,0.5853658536585366,1.5,0.19512195121951215,51.950000000000784,63.67500000000064,40.59999999999917,82.15000000000003,8.0
pullback_reversal,gbpjpy,discovery,75,50,82,0.47560975609756095,0.9512195121951219,-0.024390243902439046,55.5499999999995,82.8000000000003,49.25000000000068,62.4750000000013,9.0
pullback_reversal,gbpjpy,discovery,75,75,82,0.5121951219512195,1.1666666666666667,0.07317073170731708,75.04999999999882,84.00000000000034,54.55000000000041,82.75000000000077,11.0
pullback_reversal,gbpjpy,validation,50,50,31,0.5161290322580645,1.0666666666666667,0.032258064516129004,50.39999999999907,60.600000000000875,48.19999999999993,59.7999999999999,3.0
pullback_reversal,gbpjpy,validation,50,75,31,0.5161290322580645,1.0666666666666667,0.032258064516129004,50.39999999999907,60.600000000000875,48.19999999999993,81.74999999999955,5.0
pullback_reversal,gbpjpy,validation,75,50,31,0.3548387096774194,0.55,-0.29032258064516125,50.39999999999907,88.59999999999957,53.999999999999204,67.05000000000041,4.0
pullback_reversal,gbpjpy,validation,75,75,31,0.3548387096774194,0.55,-0.29032258064516125,50.39999999999907,88.59999999999957,80.60000000000116,88.94999999999982,7.0
pullback_reversal,gbpjpy,oos,50,50,26,0.7307692307692307,3.1666666666666665,0.49999999999999994,56.49999999999977,62.82499999999942,20.44999999999959,38.60000000000028,6.0
pullback_reversal,gbpjpy,oos,50,75,26,0.8076923076923077,5.25,0.6538461538461539,57.64999999999958,65.32499999999999,20.44999999999959,38.60000000000028,6.5
pullback_reversal,gbpjpy,oos,75,50,26,0.6153846153846154,2.0,0.3076923076923077,76.14999999999839,86.32500000000078,25.099999999999056,55.55000000000092,11.0
pullback_reversal,gbpjpy,oos,75,75,26,0.6923076923076923,3.6,0.5,76.90000000000055,86.44999999999996,25.099999999999056,60.275000000000034,11.5
pullback_reversal_rsi,usdjpy,discovery,50,50,79,0.31645569620253167,0.6578947368421053,-0.16455696202531644,35.49999999999898,52.15000000000032,44.299999999999784,62.25000000000023,13.0
pullback_reversal_rsi,usdjpy,discovery,50,75,79,0.4177215189873418,1.2222222222222223,0.07594936708860761,42.30000000000018,55.15000000000043,44.299999999999784,81.99999999999932,19.0
pullback_reversal_rsi,usdjpy,discovery,75,50,79,0.22784810126582278,0.45,-0.2784810126582279,35.49999999999898,62.299999999999756,50.60000000000002,63.400000000000034,15.0
pullback_reversal_rsi,usdjpy,discovery,75,75,79,0.2911392405063291,0.7931034482758621,-0.07594936708860761,42.30000000000018,75.40000000000049,53.49999999999966,83.89999999999986,23.0
pullback_reversal_rsi,usdjpy,validation,50,50,35,0.5428571428571428,1.1875,0.08571428571428569,51.900000000000546,59.850000000000136,48.19999999999993,69.4500000000005,6.0
pullback_reversal_rsi,usdjpy,validation,50,75,35,0.6,1.5,0.19999999999999996,54.59999999999923,60.34999999999968,48.19999999999993,82.49999999999886,6.0
pullback_reversal_rsi,usdjpy,validation,75,50,35,0.42857142857142855,0.75,-0.14285714285714285,70.69999999999936,83.55000000000103,53.400000000002024,74.80000000000047,9.0
pullback_reversal_rsi,usdjpy,validation,75,75,35,0.4857142857142857,0.9444444444444444,-0.028571428571428525,75.0,84.70000000000084,78.00000000000011,90.05000000000081,10.0
pullback_reversal_rsi,usdjpy,oos,50,50,31,0.6129032258064516,1.9,0.2903225806451613,51.900000000000546,59.499999999999886,40.69999999999823,53.75000000000085,12.0
pullback_reversal_rsi,usdjpy,oos,50,75,31,0.7419354838709677,4.6,0.5806451612903226,53.49999999999966,63.70000000000147,40.69999999999823,55.10000000000019,19.0
pullback_reversal_rsi,usdjpy,oos,75,50,31,0.3870967741935484,0.8571428571428571,-0.06451612903225806,70.69999999999936,80.1000000000002,49.00000000000091,60.80000000000041,21.0
pullback_reversal_rsi,usdjpy,oos,75,75,31,0.4838709677419355,1.875,0.22580645161290325,74.79999999999905,82.85000000000053,49.00000000000091,73.49999999999994,25.0
pullback_reversal_rsi,eurjpy,discovery,50,50,96,0.5625,1.542857142857143,0.19791666666666669,51.04999999999933,57.17499999999944,37.650000000000716,53.6999999999999,8.0
pullback_reversal_rsi,eurjpy,discovery,50,75,96,0.6041666666666666,2.32,0.34374999999999994,51.79999999999865,58.3500000000015,37.650000000000716,75.52499999999966,14.0
pullback_reversal_rsi,eurjpy,discovery,75,50,96,0.4583333333333333,1.1,0.04166666666666663,64.99999999999915,81.22499999999917,43.05000000000092,54.750000000001364,13.0
pullback_reversal_rsi,eurjpy,discovery,75,75,96,0.5,1.7142857142857142,0.20833333333333331,74.39999999999998,82.72499999999994,43.05000000000092,77.8499999999994,25.5
pullback_reversal_rsi,eurjpy,validation,50,50,30,0.5333333333333333,1.1428571428571428,0.06666666666666665,51.400000000001,58.499999999998664,40.55000000000035,69.29999999999978,5.0
pullback_reversal_rsi,eurjpy,validation,50,75,30,0.6,1.5,0.19999999999999996,51.65000000000077,62.87499999999966,40.55000000000035,84.29999999999964,7.0
pullback_reversal_rsi,eurjpy,validation,75,50,30,0.4666666666666667,0.875,-0.06666666666666665,62.95000000000073,79.32499999999791,52.250000000000796,69.29999999999978,6.0
pullback_reversal_rsi,eurjpy,validation,75,75,30,0.5,1.0,0.0,73.90000000000043,79.32499999999791,66.54999999999944,87.02499999999915,7.5
pullback_reversal_rsi,eurjpy,oos,50,50,26,0.6923076923076923,2.5714285714285716,0.4230769230769231,51.950000000000784,57.37499999999969,14.399999999999125,46.95000000000036,9.0
pullback_reversal_rsi,eurjpy,oos,50,75,26,0.8076923076923077,7.0,0.6923076923076923,52.80000000000058,57.37499999999969,14.399999999999125,50.02500000000012,9.0
pullback_reversal_rsi,eurjpy,oos,75,50,26,0.46153846153846156,1.3333333333333333,0.11538461538461542,72.24999999999966,83.15000000000055,30.000000000001137,53.92499999999956,14.5
pullback_reversal_rsi,eurjpy,oos,75,75,26,0.5384615384615384,2.8,0.34615384615384615,75.65000000000026,83.15000000000055,30.000000000001137,65.475,21.0
pullback_reversal_rsi,gbpjpy,discovery,50,50,89,0.5730337078651685,1.3783783783783783,0.1573033707865168,51.30000000000052,59.900000000001796,36.700000000001864,61.299999999999955,6.0
pullback_reversal_rsi,gbpjpy,discovery,50,75,89,0.6292134831460674,1.8064516129032258,0.28089887640449435,52.29999999999961,60.69999999999993,36.700000000001864,80.10000000000161,8.0
pullback_reversal_rsi,gbpjpy,discovery,75,50,89,0.5056179775280899,1.0714285714285714,0.03370786516853935,75.7000000000005,84.10000000000082,42.09999999999923,62.39999999999952,8.0
pullback_reversal_rsi,gbpjpy,discovery,75,75,89,0.5393258426966292,1.3714285714285714,0.14606741573033705,76.30000000000052,86.099999999999,42.09999999999923,82.40000000000123,10.0
pullback_reversal_rsi,gbpjpy,validation,50,50,31,0.41935483870967744,0.7222222222222222,-0.16129032258064518,46.09999999999843,61.9000000000014,54.699999999999704,74.04999999999973,4.0
pullback_reversal_rsi,gbpjpy,validation,50,75,31,0.4838709677419355,0.9375,-0.032258064516129004,48.40000000000089,61.9000000000014,75.0,83.29999999999984,5.0
pullback_reversal_rsi,gbpjpy,validation,75,50,31,0.3548387096774194,0.55,-0.29032258064516125,46.09999999999843,91.70000000000016,54.80000000000018,74.04999999999973,5.0
pullback_reversal_rsi,gbpjpy,validation,75,75,31,0.41935483870967744,0.7222222222222222,-0.16129032258064518,48.40000000000089,93.44999999999999,76.90000000000055,84.49999999999989,6.0
pullback_reversal_rsi,gbpjpy,oos,50,50,25,0.68,2.4285714285714284,0.4,56.99999999999932,61.19999999999948,25.0,52.79999999999916,7.0
pullback_reversal_rsi,gbpjpy,oos,50,75,25,0.8,5.0,0.64,57.800000000000296,61.19999999999948,25.0,52.79999999999916,8.0
pullback_reversal_rsi,gbpjpy,oos,75,50,25,0.52,1.3,0.12,75.30000000000143,81.29999999999882,38.900000000001,56.20000000000118,11.0
pullback_reversal_rsi,gbpjpy,oos,75,75,25,0.64,3.2,0.44,78.10000000000059,87.39999999999952,38.900000000001,64.09999999999911,12.0
