trades,wins,win,net_r,max_dd_r,max_loss_streak,signals_per_year,pair,split,tp,sl,horizon,years
48,26,0.5416666666666666,14,2,2,13.947494033412887,usdjpy,discovery,40,75,48,3.4414784394250515
48,26,0.5416666666666666,15,2,2,13.947494033412887,usdjpy,discovery,40,90,48,3.4414784394250515
48,27,0.5625,17,2,2,13.947494033412887,usdjpy,discovery,40,100,48,3.4414784394250515
48,24,0.5,12,3,3,13.947494033412887,usdjpy,discovery,50,100,48,3.4414784394250515
21,16,0.7619047619047619,11,2,2,18.175947867298575,usdjpy,validation,40,75,48,1.1553730321697468
21,16,0.7619047619047619,11,2,2,18.175947867298575,usdjpy,validation,40,90,48,1.1553730321697468
21,16,0.7619047619047619,11,2,2,18.175947867298575,usdjpy,validation,40,100,48,1.1553730321697468
21,15,0.7142857142857143,9,2,2,18.175947867298575,usdjpy,validation,50,100,48,1.1553730321697468
17,12,0.7058823529411765,9,2,1,14.748812351543943,usdjpy,oos,40,75,48,1.1526351813826146
17,12,0.7058823529411765,10,1,1,14.748812351543943,usdjpy,oos,40,90,48,1.1526351813826146
17,12,0.7058823529411765,10,1,1,14.748812351543943,usdjpy,oos,40,100,48,1.1526351813826146
17,11,0.6470588235294118,9,1,1,14.748812351543943,usdjpy,oos,50,100,48,1.1526351813826146
63,41,0.6507936507936508,22,3,3,18.335258964143428,eurjpy,discovery,40,75,48,3.436002737850787
63,44,0.6984126984126984,29,2,2,18.335258964143428,eurjpy,discovery,40,90,48,3.436002737850787
63,44,0.6984126984126984,32,2,2,18.335258964143428,eurjpy,discovery,40,100,48,3.436002737850787
63,40,0.6349206349206349,27,2,2,18.335258964143428,eurjpy,discovery,50,100,48,3.436002737850787
27,20,0.7407407407407407,13,3,3,23.480357142857144,eurjpy,validation,40,75,48,1.1498973305954825
27,21,0.7777777777777778,15,3,3,23.480357142857144,eurjpy,validation,40,90,48,1.1498973305954825
27,21,0.7777777777777778,15,3,3,23.480357142857144,eurjpy,validation,40,100,48,1.1498973305954825
27,20,0.7407407407407407,13,3,3,23.480357142857144,eurjpy,validation,50,100,48,1.1498973305954825
18,16,0.8888888888888888,14,1,1,15.653571428571428,eurjpy,oos,40,75,48,1.1498973305954825
18,17,0.9444444444444444,16,1,1,15.653571428571428,eurjpy,oos,40,90,48,1.1498973305954825
18,18,1.0,18,-1,0,15.653571428571428,eurjpy,oos,40,100,48,1.1498973305954825
18,16,0.8888888888888888,15,1,1,15.653571428571428,eurjpy,oos,50,100,48,1.1498973305954825
62,42,0.6774193548387096,23,2,2,18.04422310756972,gbpjpy,discovery,40,75,48,3.436002737850787
62,42,0.6774193548387096,24,2,2,18.04422310756972,gbpjpy,discovery,40,90,48,3.436002737850787
62,42,0.6774193548387096,24,2,2,18.04422310756972,gbpjpy,discovery,40,100,48,3.436002737850787
62,38,0.6129032258064516,17,4,3,18.04422310756972,gbpjpy,discovery,50,100,48,3.436002737850787
21,14,0.6666666666666666,7,2,2,18.2625,gbpjpy,validation,40,75,48,1.1498973305954825
21,15,0.7142857142857143,9,1,1,18.2625,gbpjpy,validation,40,90,48,1.1498973305954825
21,16,0.7619047619047619,11,1,1,18.2625,gbpjpy,validation,40,100,48,1.1498973305954825
21,13,0.6190476190476191,6,2,2,18.2625,gbpjpy,validation,50,100,48,1.1498973305954825
20,15,0.75,10,2,2,17.392857142857142,gbpjpy,oos,40,75,48,1.1498973305954825
20,15,0.75,10,2,2,17.392857142857142,gbpjpy,oos,40,90,48,1.1498973305954825
20,17,0.85,14,2,2,17.392857142857142,gbpjpy,oos,40,100,48,1.1498973305954825
20,16,0.8,13,2,2,17.392857142857142,gbpjpy,oos,50,100,48,1.1498973305954825
