condition,tp,sl,horizon,cost_pips,split,min_trades,min_win,min_pf,all_positive
adx20_w1_bull,40,75,48,0.5,oos,10,0.6428571428571429,2.25,True
adx20_w1_bull,40,75,48,0.5,validation,8,0.75,3.0,True
adx20_w1_bull,40,75,48,1.0,oos,10,0.6428571428571429,2.25,True
adx20_w1_bull,40,75,48,1.0,validation,8,0.75,3.0,True
adx20_w1_bull,40,75,48,2.0,oos,10,0.6428571428571429,2.25,True
adx20_w1_bull,40,75,48,2.0,validation,8,0.7142857142857143,2.5,True
adx20_w1_bull,40,75,48,3.0,oos,10,0.6428571428571429,2.25,True
adx20_w1_bull,40,75,48,3.0,validation,8,0.7142857142857143,2.5,True
adx20_w1_bull,40,75,48,5.0,oos,10,0.6428571428571429,2.25,True
adx20_w1_bull,40,75,48,5.0,validation,8,0.7142857142857143,2.5,True
adx20_w1_bull,40,90,48,0.5,oos,10,0.6428571428571429,2.25,True
adx20_w1_bull,40,90,48,0.5,validation,8,0.75,3.0,True
adx20_w1_bull,40,90,48,1.0,oos,10,0.6428571428571429,2.25,True
adx20_w1_bull,40,90,48,1.0,validation,8,0.75,3.0,True
adx20_w1_bull,40,90,48,2.0,oos,10,0.6428571428571429,2.25,True
adx20_w1_bull,40,90,48,2.0,validation,8,0.7142857142857143,2.5,True
adx20_w1_bull,40,90,48,3.0,oos,10,0.6428571428571429,2.25,True
adx20_w1_bull,40,90,48,3.0,validation,8,0.7142857142857143,2.5,True
adx20_w1_bull,40,90,48,5.0,oos,10,0.6428571428571429,2.25,True
adx20_w1_bull,40,90,48,5.0,validation,8,0.7142857142857143,2.5,True
adx20_w1_bull,40,100,48,0.5,oos,10,0.6428571428571429,2.25,True
adx20_w1_bull,40,100,48,0.5,validation,8,0.75,3.0,True
adx20_w1_bull,40,100,48,1.0,oos,10,0.6428571428571429,2.25,True
adx20_w1_bull,40,100,48,1.0,validation,8,0.75,3.0,True
adx20_w1_bull,40,100,48,2.0,oos,10,0.6428571428571429,2.25,True
adx20_w1_bull,40,100,48,2.0,validation,8,0.75,3.0,True
adx20_w1_bull,40,100,48,3.0,oos,10,0.6428571428571429,2.25,True
adx20_w1_bull,40,100,48,3.0,validation,8,0.75,3.0,True
adx20_w1_bull,40,100,48,5.0,oos,10,0.6428571428571429,2.25,True
adx20_w1_bull,40,100,48,5.0,validation,8,0.75,3.0,True
adx20_w1_bull,50,75,48,0.5,oos,10,0.6428571428571429,2.25,True
adx20_w1_bull,50,75,48,0.5,validation,8,0.625,1.6666666666666667,True
adx20_w1_bull,50,75,48,1.0,oos,10,0.6428571428571429,2.25,True
adx20_w1_bull,50,75,48,1.0,validation,8,0.5714285714285714,1.3333333333333333,True
adx20_w1_bull,50,75,48,2.0,oos,10,0.6428571428571429,2.25,True
adx20_w1_bull,50,75,48,2.0,validation,8,0.5714285714285714,1.3333333333333333,True
adx20_w1_bull,50,75,48,3.0,oos,10,0.6428571428571429,2.25,True
adx20_w1_bull,50,75,48,3.0,validation,8,0.5714285714285714,1.3333333333333333,True
adx20_w1_bull,50,75,48,5.0,oos,10,0.6428571428571429,2.25,True
adx20_w1_bull,50,75,48,5.0,validation,8,0.5,1.0,False
adx20_w1_bull,50,100,48,0.5,oos,10,0.6428571428571429,2.25,True
adx20_w1_bull,50,100,48,0.5,validation,8,0.625,1.6666666666666667,True
adx20_w1_bull,50,100,48,1.0,oos,10,0.6428571428571429,2.25,True
adx20_w1_bull,50,100,48,1.0,validation,8,0.625,1.6666666666666667,True
adx20_w1_bull,50,100,48,2.0,oos,10,0.6428571428571429,2.25,True
adx20_w1_bull,50,100,48,2.0,validation,8,0.625,1.6666666666666667,True
adx20_w1_bull,50,100,48,3.0,oos,10,0.6428571428571429,2.25,True
adx20_w1_bull,50,100,48,3.0,validation,8,0.625,1.6666666666666667,True
adx20_w1_bull,50,100,48,5.0,oos,10,0.6428571428571429,2.25,True
adx20_w1_bull,50,100,48,5.0,validation,8,0.5714285714285714,1.6666666666666667,True
base,40,75,48,0.5,oos,26,0.7666666666666667,3.3333333333333335,True
base,40,75,48,0.5,validation,33,0.6,1.5,True
base,40,75,48,1.0,oos,26,0.7666666666666667,3.3333333333333335,True
base,40,75,48,1.0,validation,33,0.6,1.5,True
base,40,75,48,2.0,oos,26,0.7666666666666667,3.3333333333333335,True
base,40,75,48,2.0,validation,33,0.6,1.5,True
base,40,75,48,3.0,oos,26,0.7666666666666667,3.3333333333333335,True
base,40,75,48,3.0,validation,33,0.6060606060606061,1.5384615384615385,True
base,40,75,48,5.0,oos,26,0.7307692307692307,3.1666666666666665,True
base,40,75,48,5.0,validation,33,0.6060606060606061,1.5384615384615385,True
base,40,90,48,0.5,oos,26,0.7666666666666667,3.3333333333333335,True
base,40,90,48,0.5,validation,33,0.6285714285714286,1.6923076923076923,True
base,40,90,48,1.0,oos,26,0.7666666666666667,3.3333333333333335,True
base,40,90,48,1.0,validation,33,0.6285714285714286,1.6923076923076923,True
base,40,90,48,2.0,oos,26,0.7666666666666667,4.6,True
base,40,90,48,2.0,validation,33,0.6285714285714286,1.6923076923076923,True
base,40,90,48,3.0,oos,26,0.7666666666666667,4.6,True
base,40,90,48,3.0,validation,33,0.6285714285714286,1.6923076923076923,True
base,40,90,48,5.0,oos,26,0.7666666666666667,4.6,True
base,40,90,48,5.0,validation,33,0.6571428571428571,1.9166666666666667,True
base,40,100,48,0.5,oos,26,0.7666666666666667,4.6,True
base,40,100,48,0.5,validation,33,0.6571428571428571,1.9166666666666667,True
base,40,100,48,1.0,oos,26,0.7666666666666667,4.6,True
base,40,100,48,1.0,validation,33,0.6571428571428571,1.9166666666666667,True
base,40,100,48,2.0,oos,26,0.7666666666666667,4.6,True
base,40,100,48,2.0,validation,33,0.6571428571428571,1.9166666666666667,True
base,40,100,48,3.0,oos,26,0.7666666666666667,4.6,True
base,40,100,48,3.0,validation,33,0.6571428571428571,1.9166666666666667,True
base,40,100,48,5.0,oos,26,0.7666666666666667,5.75,True
base,40,100,48,5.0,validation,33,0.6571428571428571,1.9166666666666667,True
base,50,75,48,0.5,oos,26,0.7307692307692307,3.1666666666666665,True
base,50,75,48,0.5,validation,33,0.5151515151515151,1.0625,True
base,50,75,48,1.0,oos,26,0.7307692307692307,3.1666666666666665,True
base,50,75,48,1.0,validation,33,0.5151515151515151,1.0625,True
base,50,75,48,2.0,oos,26,0.7307692307692307,3.1666666666666665,True
base,50,75,48,2.0,validation,33,0.48484848484848486,0.9411764705882353,False
base,50,75,48,3.0,oos,26,0.7,3.1666666666666665,True
base,50,75,48,3.0,validation,33,0.48484848484848486,0.9411764705882353,False
base,50,75,48,5.0,oos,26,0.6666666666666666,3.1666666666666665,True
base,50,75,48,5.0,validation,33,0.45454545454545453,0.8333333333333334,False
base,50,100,48,0.5,oos,26,0.7333333333333333,4.4,True
base,50,100,48,0.5,validation,33,0.6285714285714286,1.6923076923076923,True
base,50,100,48,1.0,oos,26,0.7333333333333333,4.4,True
base,50,100,48,1.0,validation,33,0.6285714285714286,1.6923076923076923,True
base,50,100,48,2.0,oos,26,0.7333333333333333,4.4,True
base,50,100,48,2.0,validation,33,0.6060606060606061,1.6666666666666667,True
base,50,100,48,3.0,oos,26,0.7,4.2,True
base,50,100,48,3.0,validation,33,0.6060606060606061,1.6666666666666667,True
base,50,100,48,5.0,oos,26,0.6666666666666666,4.0,True
base,50,100,48,5.0,validation,33,0.5757575757575758,1.4615384615384615,True
macd_pos_rsi_up6,40,75,48,0.5,oos,20,0.65,2.1666666666666665,True
macd_pos_rsi_up6,40,75,48,0.5,validation,26,0.6153846153846154,1.6,True
macd_pos_rsi_up6,40,75,48,1.0,oos,20,0.65,2.1666666666666665,True
macd_pos_rsi_up6,40,75,48,1.0,validation,26,0.5769230769230769,1.3636363636363635,True
macd_pos_rsi_up6,40,75,48,2.0,oos,20,0.65,2.1666666666666665,True
macd_pos_rsi_up6,40,75,48,2.0,validation,26,0.5769230769230769,1.3636363636363635,True
macd_pos_rsi_up6,40,75,48,3.0,oos,20,0.65,2.1666666666666665,True
macd_pos_rsi_up6,40,75,48,3.0,validation,26,0.5769230769230769,1.3636363636363635,True
macd_pos_rsi_up6,40,75,48,5.0,oos,20,0.6,2.0,True
macd_pos_rsi_up6,40,75,48,5.0,validation,26,0.5769230769230769,1.3636363636363635,True
macd_pos_rsi_up6,40,90,48,0.5,oos,20,0.65,2.1666666666666665,True
macd_pos_rsi_up6,40,90,48,0.5,validation,26,0.6296296296296297,1.7,True
macd_pos_rsi_up6,40,90,48,1.0,oos,20,0.65,2.1666666666666665,True
macd_pos_rsi_up6,40,90,48,1.0,validation,26,0.6296296296296297,1.7,True
macd_pos_rsi_up6,40,90,48,2.0,oos,20,0.7,2.8,True
macd_pos_rsi_up6,40,90,48,2.0,validation,26,0.6296296296296297,1.7,True
macd_pos_rsi_up6,40,90,48,3.0,oos,20,0.7,2.8,True
macd_pos_rsi_up6,40,90,48,3.0,validation,26,0.6296296296296297,1.7,True
macd_pos_rsi_up6,40,90,48,5.0,oos,20,0.65,2.6,True
macd_pos_rsi_up6,40,90,48,5.0,validation,26,0.6153846153846154,1.7777777777777777,True
macd_pos_rsi_up6,40,100,48,0.5,oos,20,0.75,3.75,True
macd_pos_rsi_up6,40,100,48,0.5,validation,26,0.6666666666666666,2.0,True
macd_pos_rsi_up6,40,100,48,1.0,oos,20,0.75,3.75,True
macd_pos_rsi_up6,40,100,48,1.0,validation,26,0.6666666666666666,2.0,True
macd_pos_rsi_up6,40,100,48,2.0,oos,20,0.75,3.75,True
macd_pos_rsi_up6,40,100,48,2.0,validation,26,0.6666666666666666,2.0,True
macd_pos_rsi_up6,40,100,48,3.0,oos,20,0.75,3.75,True
macd_pos_rsi_up6,40,100,48,3.0,validation,26,0.6666666666666666,2.0,True
macd_pos_rsi_up6,40,100,48,5.0,oos,20,0.7,3.5,True
macd_pos_rsi_up6,40,100,48,5.0,validation,26,0.6666666666666666,2.0,True
macd_pos_rsi_up6,50,75,48,0.5,oos,20,0.6,2.0,True
macd_pos_rsi_up6,50,75,48,0.5,validation,26,0.5,1.0,False
macd_pos_rsi_up6,50,75,48,1.0,oos,20,0.6,2.0,True
macd_pos_rsi_up6,50,75,48,1.0,validation,26,0.5,1.0,False
macd_pos_rsi_up6,50,75,48,2.0,oos,20,0.6,2.0,True
macd_pos_rsi_up6,50,75,48,2.0,validation,26,0.5,1.0,False
macd_pos_rsi_up6,50,75,48,3.0,oos,20,0.6,2.0,True
macd_pos_rsi_up6,50,75,48,3.0,validation,26,0.5,1.0,False
macd_pos_rsi_up6,50,75,48,5.0,oos,20,0.6,2.0,True
macd_pos_rsi_up6,50,75,48,5.0,validation,26,0.5,1.0,False
macd_pos_rsi_up6,50,100,48,0.5,oos,20,0.7,3.5,True
macd_pos_rsi_up6,50,100,48,0.5,validation,26,0.5769230769230769,1.5,True
macd_pos_rsi_up6,50,100,48,1.0,oos,20,0.7,3.5,True
macd_pos_rsi_up6,50,100,48,1.0,validation,26,0.5769230769230769,1.5,True
macd_pos_rsi_up6,50,100,48,2.0,oos,20,0.7,3.5,True
macd_pos_rsi_up6,50,100,48,2.0,validation,26,0.5769230769230769,1.5,True
macd_pos_rsi_up6,50,100,48,3.0,oos,20,0.7,3.5,True
macd_pos_rsi_up6,50,100,48,3.0,validation,26,0.6153846153846154,1.7777777777777777,True
macd_pos_rsi_up6,50,100,48,5.0,oos,20,0.6923076923076923,3.5,True
macd_pos_rsi_up6,50,100,48,5.0,validation,26,0.5925925925925926,1.6,True
w1_bull,40,75,48,0.5,oos,15,0.75,3.75,True
w1_bull,40,75,48,0.5,validation,14,0.7142857142857143,2.5,True
w1_bull,40,75,48,1.0,oos,15,0.75,3.75,True
w1_bull,40,75,48,1.0,validation,14,0.7058823529411765,2.4,True
w1_bull,40,75,48,2.0,oos,15,0.75,3.75,True
w1_bull,40,75,48,2.0,validation,14,0.6875,2.2,True
w1_bull,40,75,48,3.0,oos,15,0.75,3.75,True
w1_bull,40,75,48,3.0,validation,14,0.6875,2.2,True
w1_bull,40,75,48,5.0,oos,15,0.75,3.75,True
w1_bull,40,75,48,5.0,validation,14,0.6875,2.2,True
w1_bull,40,90,48,0.5,oos,15,0.75,3.75,True
w1_bull,40,90,48,0.5,validation,14,0.7142857142857143,2.5,True
w1_bull,40,90,48,1.0,oos,15,0.75,3.75,True
w1_bull,40,90,48,1.0,validation,14,0.7142857142857143,2.5,True
w1_bull,40,90,48,2.0,oos,15,0.75,3.75,True
w1_bull,40,90,48,2.0,validation,14,0.6875,2.2,True
w1_bull,40,90,48,3.0,oos,15,0.75,3.75,True
w1_bull,40,90,48,3.0,validation,14,0.6875,2.2,True
w1_bull,40,90,48,5.0,oos,15,0.75,3.75,True
w1_bull,40,90,48,5.0,validation,14,0.6875,2.2,True
w1_bull,40,100,48,0.5,oos,15,0.75,3.75,True
w1_bull,40,100,48,0.5,validation,14,0.7142857142857143,2.5,True
w1_bull,40,100,48,1.0,oos,15,0.75,3.75,True
w1_bull,40,100,48,1.0,validation,14,0.7142857142857143,2.5,True
w1_bull,40,100,48,2.0,oos,15,0.75,3.75,True
w1_bull,40,100,48,2.0,validation,14,0.6875,2.2,True
w1_bull,40,100,48,3.0,oos,15,0.75,3.75,True
w1_bull,40,100,48,3.0,validation,14,0.6875,2.2,True
w1_bull,40,100,48,5.0,oos,15,0.75,3.75,True
w1_bull,40,100,48,5.0,validation,14,0.6875,2.2,True
w1_bull,50,75,48,0.5,oos,15,0.75,3.75,True
w1_bull,50,75,48,0.5,validation,14,0.625,1.6666666666666667,True
w1_bull,50,75,48,1.0,oos,15,0.75,3.75,True
w1_bull,50,75,48,1.0,validation,14,0.5625,1.2857142857142858,True
w1_bull,50,75,48,2.0,oos,15,0.75,3.75,True
w1_bull,50,75,48,2.0,validation,14,0.5625,1.2857142857142858,True
w1_bull,50,75,48,3.0,oos,15,0.7,3.5,True
w1_bull,50,75,48,3.0,validation,14,0.5625,1.2857142857142858,True
w1_bull,50,75,48,5.0,oos,15,0.7,3.5,True
w1_bull,50,75,48,5.0,validation,14,0.4375,0.7777777777777778,False
w1_bull,50,100,48,0.5,oos,15,0.75,3.75,True
w1_bull,50,100,48,0.5,validation,14,0.625,1.6666666666666667,True
w1_bull,50,100,48,1.0,oos,15,0.75,3.75,True
w1_bull,50,100,48,1.0,validation,14,0.5625,1.5,True
w1_bull,50,100,48,2.0,oos,15,0.75,3.75,True
w1_bull,50,100,48,2.0,validation,14,0.5625,1.5,True
w1_bull,50,100,48,3.0,oos,15,0.7,3.5,True
w1_bull,50,100,48,3.0,validation,14,0.5625,1.5,True
w1_bull,50,100,48,5.0,oos,15,0.7,3.5,True
w1_bull,50,100,48,5.0,validation,14,0.4375,1.0,False
