conditions,split,trades,win,lcb95,pf,exp_r
trend_down & h4_bull & d1_bull & far_ema200 & rsi55_60,discovery,86,0.6627906976744186,0.5578236301352327,2.7142857142857144,0.4186046511627907
trend_down & h4_bull & d1_bull & far_ema200 & rsi55_60,validation,45,0.4666666666666667,0.3293490394201473,0.9130434782608695,-0.044444444444444446
trend_down & h4_bull & d1_bull & far_ema200 & rsi55_60,oos,25,0.84,0.6534598601976184,5.25,0.68
trend_down & h4_bull & d1_bull & adx25+ & near_ema20,discovery,84,0.6428571428571429,0.5362111603479549,2.4545454545454546,0.38095238095238093
trend_down & h4_bull & d1_bull & adx25+ & near_ema20,validation,25,0.68,0.48409913734576715,2.125,0.36
trend_down & h4_bull & d1_bull & adx25+ & near_ema20,oos,34,0.7352941176470589,0.5688253783710155,3.125,0.5
trend_down & h4_bull & d1_bull & near_ema20 & rsi_up6,discovery,154,0.6038961038961039,0.5250244217036346,2.066666666666667,0.3116883116883117
trend_down & h4_bull & d1_bull & near_ema20 & rsi_up6,validation,62,0.5645161290322581,0.4409276740746584,1.3461538461538463,0.14516129032258066
trend_down & h4_bull & d1_bull & near_ema20 & rsi_up6,oos,53,0.8113207547169812,0.6864128355267498,5.375,0.660377358490566
trend_down & h4_bull & d1_bull & rsi45_55 & rsi_up6,discovery,156,0.6025641025641025,0.5241932113729152,2.1363636363636362,0.32051282051282054
trend_down & h4_bull & d1_bull & rsi45_55 & rsi_up6,validation,69,0.5797101449275363,0.46207193076612163,1.4285714285714286,0.17391304347826086
trend_down & h4_bull & d1_bull & rsi45_55 & rsi_up6,oos,53,0.7547169811320755,0.6243318493782993,4.0,0.5660377358490566
trend_down & h4_bull & d1_bull & atr_above_med & near_ema20,discovery,123,0.6097560975609756,0.5214740057306497,2.0833333333333335,0.3170731707317073
trend_down & h4_bull & d1_bull & atr_above_med & near_ema20,validation,43,0.6046511627906976,0.4557879659331909,1.5294117647058822,0.20930232558139536
trend_down & h4_bull & d1_bull & atr_above_med & near_ema20,oos,48,0.8125,0.6805986065115378,5.571428571428571,0.6666666666666666
trend_down & h4_bull & d1_bull & atr_above_med & w1_bull,discovery,95,0.6210526315789474,0.5205920587802135,1.7878787878787878,0.2736842105263158
trend_down & h4_bull & d1_bull & atr_above_med & w1_bull,validation,36,0.6111111111111112,0.4486417029674348,1.5714285714285714,0.2222222222222222
trend_down & h4_bull & d1_bull & atr_above_med & w1_bull,oos,42,0.7619047619047619,0.6147216491768112,4.0,0.5714285714285714
trend_down & h4_bull & d1_bull & adx20+ & near_ema20,discovery,131,0.6030534351145038,0.5174827945835824,2.135135135135135,0.32061068702290074
trend_down & h4_bull & d1_bull & adx20+ & near_ema20,validation,46,0.6086956521739131,0.4645658371764493,1.6470588235294117,0.2391304347826087
trend_down & h4_bull & d1_bull & adx20+ & near_ema20,oos,45,0.7555555555555555,0.6132633941520987,3.7777777777777777,0.5555555555555556
trend_down & h4_bull & d1_bull & far_ema200 & near_ema20,discovery,164,0.5914634146341463,0.5149725895781712,1.9795918367346939,0.2926829268292683
trend_down & h4_bull & d1_bull & far_ema200 & near_ema20,validation,67,0.5671641791044776,0.4480852301650392,1.3571428571428572,0.14925373134328357
trend_down & h4_bull & d1_bull & far_ema200 & near_ema20,oos,55,0.7636363636363637,0.6365138127856039,3.5,0.5454545454545454
trend_down & h4_bull & d1_bull & macd_pos & near_ema20,discovery,163,0.588957055214724,0.5122204610243962,2.0425531914893615,0.3006134969325153
trend_down & h4_bull & d1_bull & macd_pos & near_ema20,validation,64,0.578125,0.4560981205252726,1.4230769230769231,0.171875
trend_down & h4_bull & d1_bull & macd_pos & near_ema20,oos,56,0.75,0.6230710799856808,3.8181818181818183,0.5535714285714286
trend_down & h4_bull & d1_bull & rsi_up6 & w1_bull,discovery,120,0.6,0.5105585981828253,2.0,0.3
trend_down & h4_bull & d1_bull & rsi_up6 & w1_bull,validation,41,0.5853658536585366,0.433668353568366,1.411764705882353,0.17073170731707318
trend_down & h4_bull & d1_bull & rsi_up6 & w1_bull,oos,45,0.8,0.6617674868607056,5.142857142857143,0.6444444444444445
trend_down & h4_bull & d1_bull & macd_pos & rsi45_55,discovery,160,0.5875,0.5100398177030784,2.0,0.29375
trend_down & h4_bull & d1_bull & macd_pos & rsi45_55,validation,71,0.5915492957746479,0.47538570815444975,1.5,0.19718309859154928
trend_down & h4_bull & d1_bull & macd_pos & rsi45_55,oos,56,0.6964285714285714,0.5666388751588567,3.0,0.4642857142857143
trend_down & h4_bull & d1_bull & atr_above_med & rsi45_55,discovery,128,0.59375,0.5071382471838717,1.9,0.28125
trend_down & h4_bull & d1_bull & atr_above_med & rsi45_55,validation,49,0.6530612244897959,0.5131093521943978,1.8823529411764706,0.30612244897959184
trend_down & h4_bull & d1_bull & atr_above_med & rsi45_55,oos,48,0.75,0.6121535625207292,4.0,0.5625
trend_down & h4_bull & d1_bull & far_ema200 & rsi45_55,discovery,161,0.5838509316770186,0.5066228876090391,1.9183673469387754,0.2795031055900621
trend_down & h4_bull & d1_bull & far_ema200 & rsi45_55,validation,74,0.581081081081081,0.4674007862451828,1.4333333333333333,0.17567567567567569
trend_down & h4_bull & d1_bull & far_ema200 & rsi45_55,oos,53,0.7358490566037735,0.6041907894277545,3.0,0.49056603773584906
trend_down & h4_bull & d1_bull & macd_pos & w1_bull,discovery,110,0.6,0.5065687300827921,2.0625,0.3090909090909091
trend_down & h4_bull & d1_bull & macd_pos & w1_bull,validation,38,0.5526315789473685,0.3970602917908942,1.2352941176470589,0.10526315789473684
trend_down & h4_bull & d1_bull & macd_pos & w1_bull,oos,45,0.7111111111111111,0.5663118252773978,3.5555555555555554,0.5111111111111111
trend_down & h4_bull & d1_bull & adx20+ & bb_narrow,discovery,92,0.6086956521739131,0.5065323092393206,2.1538461538461537,0.32608695652173914
trend_down & h4_bull & d1_bull & adx20+ & bb_narrow,validation,31,0.5806451612903226,0.4076596435202097,1.3846153846153846,0.16129032258064516
trend_down & h4_bull & d1_bull & adx20+ & bb_narrow,oos,27,0.7777777777777778,0.5924270453692919,5.25,0.6296296296296297
trend_down & h4_bull & d1_bull & adx20+ & rsi45_55,discovery,130,0.5923076923076923,0.506362966608373,2.026315789473684,0.3
trend_down & h4_bull & d1_bull & adx20+ & rsi45_55,validation,54,0.6296296296296297,0.4962722279108102,1.7894736842105263,0.2777777777777778
trend_down & h4_bull & d1_bull & adx20+ & rsi45_55,oos,44,0.7045454545454546,0.5577952061434273,3.1,0.4772727272727273
trend_down & h4_bull & d1_bull & near_ema20,discovery,186,0.5752688172043011,0.5034134053254504,1.9454545454545455,0.27956989247311825
trend_down & h4_bull & d1_bull & near_ema20,validation,69,0.5652173913043478,0.4478819321166955,1.3448275862068966,0.14492753623188406
trend_down & h4_bull & d1_bull & near_ema20,oos,63,0.7777777777777778,0.6608748439801618,4.083333333333333,0.5873015873015873
trend_down & h4_bull & d1_bull & adx20+ & w1_bull,discovery,104,0.5961538461538461,0.5000569405592721,1.9375,0.28846153846153844
trend_down & h4_bull & d1_bull & adx20+ & w1_bull,validation,31,0.6774193548387096,0.501406855599508,2.1,0.3548387096774194
trend_down & h4_bull & d1_bull & adx20+ & w1_bull,oos,36,0.7222222222222222,0.5600719978365485,3.25,0.5
trend_down & h4_bull & d1_bull & macd_pos & rsi_up6,discovery,195,0.5692307692307692,0.4990516378121812,1.734375,0.24102564102564103
trend_down & h4_bull & d1_bull & macd_pos & rsi_up6,validation,76,0.6052631578947368,0.4928609075804977,1.5862068965517242,0.2236842105263158
trend_down & h4_bull & d1_bull & macd_pos & rsi_up6,oos,68,0.7058823529411765,0.5889349573627328,3.4285714285714284,0.5
trend_down & h4_bull & d1_bull & macd_neg & rsi_up6,discovery,112,0.5892857142857143,0.4966864518713796,2.0,0.29464285714285715
trend_down & h4_bull & d1_bull & macd_neg & rsi_up6,validation,46,0.5217391304347826,0.38137172148151327,1.0909090909090908,0.043478260869565216
trend_down & h4_bull & d1_bull & macd_neg & rsi_up6,oos,44,0.8863636363636364,0.7602056485186641,9.75,0.7954545454545454
trend_down & h4_bull & d1_bull & rsi45_55,discovery,183,0.5683060109289617,0.4958648039695103,1.8571428571428572,0.26229508196721313
trend_down & h4_bull & d1_bull & rsi45_55,validation,76,0.5789473684210527,0.46678201550241605,1.4193548387096775,0.17105263157894737
trend_down & h4_bull & d1_bull & rsi45_55,oos,63,0.7301587301587301,0.6096985641796893,3.2857142857142856,0.5079365079365079
trend_down & h4_bull & d1_bull & rsi55_60 & rsi_up6,discovery,116,0.5862068965517241,0.49522033833589046,1.8888888888888888,0.27586206896551724
trend_down & h4_bull & d1_bull & rsi55_60 & rsi_up6,validation,60,0.43333333333333335,0.3157220039440064,0.7878787878787878,-0.11666666666666667
trend_down & h4_bull & d1_bull & rsi55_60 & rsi_up6,oos,41,0.8048780487804879,0.6598611764744329,5.5,0.6585365853658537
trend_down & h4_bull & d1_bull & rsi45_55 & w1_bull,discovery,94,0.5957446808510638,0.4946711395277319,1.8666666666666667,0.2765957446808511
trend_down & h4_bull & d1_bull & rsi45_55 & w1_bull,validation,38,0.5789473684210527,0.4219207061312732,1.375,0.15789473684210525
trend_down & h4_bull & d1_bull & rsi45_55 & w1_bull,oos,36,0.8333333333333334,0.6810888526532568,7.5,0.7222222222222222
trend_down & h4_bull & d1_bull & macd_pos,discovery,208,0.5625,0.4945532578732266,1.8,0.25
trend_down & h4_bull & d1_bull & macd_pos,validation,80,0.5625,0.45340937868656955,1.3235294117647058,0.1375
trend_down & h4_bull & d1_bull & macd_pos,oos,74,0.6891891891891891,0.5766117525232517,3.0,0.4594594594594595
trend_down & h4_bull & d1_bull & rsi55_60,discovery,131,0.5801526717557252,0.49453478922167166,2.054054054054054,0.29770992366412213
trend_down & h4_bull & d1_bull & rsi55_60,validation,62,0.46774193548387094,0.3490863086762221,0.90625,-0.04838709677419355
trend_down & h4_bull & d1_bull & rsi55_60,oos,46,0.8260869565217391,0.6927636765607748,6.333333333333333,0.6956521739130435
trend_down & h4_bull & d1_bull & w1_bull,discovery,131,0.5801526717557252,0.49453478922167166,1.9,0.2748091603053435
trend_down & h4_bull & d1_bull & w1_bull,validation,46,0.6304347826086957,0.4859983314918479,1.7058823529411764,0.2608695652173913
trend_down & h4_bull & d1_bull & w1_bull,oos,52,0.7884615384615384,0.6596763486408991,4.555555555555555,0.6153846153846154
trend_down & h4_bull & d1_bull & rsi_up6,discovery,220,0.5590909090909091,0.4930257503470195,1.6849315068493151,0.22727272727272727
trend_down & h4_bull & d1_bull & rsi_up6,validation,86,0.5697674418604651,0.46436012573217667,1.3243243243243243,0.13953488372093023
trend_down & h4_bull & d1_bull & rsi_up6,oos,74,0.7972972972972973,0.692120095441773,5.363636363636363,0.6486486486486487
trend_down & h4_bull & d1_bull & rsi<40,discovery,124,0.5806451612903226,0.4926480774593792,1.894736842105263,0.27419354838709675
trend_down & h4_bull & d1_bull & rsi<40,validation,54,0.5185185185185185,0.38851475048465434,1.0769230769230769,0.037037037037037035
trend_down & h4_bull & d1_bull & rsi<40,oos,31,0.7741935483870968,0.6018723994130262,3.4285714285714284,0.5483870967741935
trend_down & h4_bull & d1_bull & far_ema200 & rsi<40,discovery,124,0.5806451612903226,0.4926480774593792,1.894736842105263,0.27419354838709675
trend_down & h4_bull & d1_bull & far_ema200 & rsi<40,validation,54,0.5185185185185185,0.38851475048465434,1.0769230769230769,0.037037037037037035
trend_down & h4_bull & d1_bull & far_ema200 & rsi<40,oos,31,0.7741935483870968,0.6018723994130262,3.4285714285714284,0.5483870967741935
trend_down & h4_bull & d1_bull & macd_neg & rsi40_45,discovery,87,0.5977011494252874,0.4926454875362509,2.3636363636363638,0.3448275862068966
trend_down & h4_bull & d1_bull & macd_neg & rsi40_45,validation,41,0.6097560975609756,0.45726583898692563,1.5625,0.21951219512195122
trend_down & h4_bull & d1_bull & macd_neg & rsi40_45,oos,34,0.7941176470588235,0.6320128389178602,4.5,0.6176470588235294
