pair,variant,split,n,win,pf,expectancy_r
usdjpy,candle,discovery,20,0.75,3.0,0.5
usdjpy,candle,validation,9,0.6666666666666666,2.0,0.3333333333333333
usdjpy,candle,oos,7,0.8571428571428571,6.0,0.7142857142857143
usdjpy,close_ema20,discovery,1,1.0,inf,1.0
usdjpy,close_ema20,validation,0,,inf,
usdjpy,close_ema20,oos,2,1.0,inf,1.0
usdjpy,ema20_gt50,discovery,4,0.75,3.0,0.5
usdjpy,ema20_gt50,validation,0,,inf,
usdjpy,ema20_gt50,oos,2,0.5,1.0,0.0
usdjpy,ema20_gt200,discovery,31,0.6774193548387096,2.1,0.3548387096774194
usdjpy,ema20_gt200,validation,3,0.3333333333333333,0.5,-0.3333333333333333
usdjpy,ema20_gt200,oos,8,0.625,1.6666666666666667,0.25
usdjpy,slope_pos,discovery,0,,inf,
usdjpy,slope_pos,validation,0,,inf,
usdjpy,slope_pos,oos,0,,inf,
usdjpy,bull_trend,discovery,0,,inf,
usdjpy,bull_trend,validation,0,,inf,
usdjpy,bull_trend,oos,0,,inf,
usdjpy,close_ema20_plus_ema20gt50,discovery,0,,inf,
usdjpy,close_ema20_plus_ema20gt50,validation,0,,inf,
usdjpy,close_ema20_plus_ema20gt50,oos,0,,inf,
eurjpy,candle,discovery,25,0.72,2.5714285714285716,0.44
eurjpy,candle,validation,14,0.8571428571428571,6.0,0.7142857142857143
eurjpy,candle,oos,7,0.5714285714285714,1.3333333333333333,0.14285714285714285
eurjpy,close_ema20,discovery,0,,inf,
eurjpy,close_ema20,validation,1,0.0,0.0,-1.0
eurjpy,close_ema20,oos,1,0.0,0.0,-1.0
eurjpy,ema20_gt50,discovery,5,1.0,inf,1.0
eurjpy,ema20_gt50,validation,0,,inf,
eurjpy,ema20_gt50,oos,0,,inf,
eurjpy,ema20_gt200,discovery,34,0.7941176470588235,3.857142857142857,0.5882352941176471
eurjpy,ema20_gt200,validation,7,0.7142857142857143,2.5,0.42857142857142855
eurjpy,ema20_gt200,oos,8,0.375,0.6,-0.25
eurjpy,slope_pos,discovery,0,,inf,
eurjpy,slope_pos,validation,0,,inf,
eurjpy,slope_pos,oos,0,,inf,
eurjpy,bull_trend,discovery,0,,inf,
eurjpy,bull_trend,validation,0,,inf,
eurjpy,bull_trend,oos,0,,inf,
eurjpy,close_ema20_plus_ema20gt50,discovery,0,,inf,
eurjpy,close_ema20_plus_ema20gt50,validation,0,,inf,
eurjpy,close_ema20_plus_ema20gt50,oos,0,,inf,
gbpjpy,candle,discovery,32,0.6875,2.2,0.375
gbpjpy,candle,validation,7,0.8571428571428571,6.0,0.7142857142857143
gbpjpy,candle,oos,5,0.8,4.0,0.6
gbpjpy,close_ema20,discovery,3,1.0,inf,1.0
gbpjpy,close_ema20,validation,0,,inf,
gbpjpy,close_ema20,oos,1,0.0,0.0,-1.0
gbpjpy,ema20_gt50,discovery,7,0.8571428571428571,6.0,0.7142857142857143
gbpjpy,ema20_gt50,validation,0,,inf,
gbpjpy,ema20_gt50,oos,5,0.4,0.6666666666666666,-0.2
gbpjpy,ema20_gt200,discovery,35,0.7142857142857143,2.5,0.42857142857142855
gbpjpy,ema20_gt200,validation,5,1.0,inf,1.0
gbpjpy,ema20_gt200,oos,11,0.36363636363636365,0.5714285714285714,-0.2727272727272727
gbpjpy,slope_pos,discovery,0,,inf,
gbpjpy,slope_pos,validation,0,,inf,
gbpjpy,slope_pos,oos,0,,inf,
gbpjpy,bull_trend,discovery,0,,inf,
gbpjpy,bull_trend,validation,0,,inf,
gbpjpy,bull_trend,oos,1,0.0,0.0,-1.0
gbpjpy,close_ema20_plus_ema20gt50,discovery,0,,inf,
gbpjpy,close_ema20_plus_ema20gt50,validation,0,,inf,
gbpjpy,close_ema20_plus_ema20gt50,oos,1,0.0,0.0,-1.0
