pair,period,tp,sl,horizon,trades,win,pf,exp_r
usdjpy,oos_first,40,75,48,7,0.5714285714285714,2.0,0.2857142857142857
usdjpy,oos_first,40,100,48,7,0.5714285714285714,4.0,0.42857142857142855
usdjpy,oos_first,40,90,48,7,0.5714285714285714,4.0,0.42857142857142855
usdjpy,oos_first,50,100,48,7,0.5714285714285714,4.0,0.42857142857142855
usdjpy,oos_second,40,75,48,10,0.8,8.0,0.7
usdjpy,oos_second,40,100,48,10,0.8,8.0,0.7
usdjpy,oos_second,40,90,48,10,0.8,8.0,0.7
usdjpy,oos_second,50,100,48,10,0.7,7.0,0.6
eurjpy,oos_first,40,75,48,7,0.8571428571428571,6.0,0.7142857142857143
eurjpy,oos_first,40,100,48,7,1.0,inf,1.0
eurjpy,oos_first,40,90,48,7,1.0,inf,1.0
eurjpy,oos_first,50,100,48,7,0.8571428571428571,6.0,0.7142857142857143
eurjpy,oos_second,40,75,48,11,0.9090909090909091,10.0,0.8181818181818182
eurjpy,oos_second,40,100,48,11,1.0,inf,1.0
eurjpy,oos_second,40,90,48,11,0.9090909090909091,10.0,0.8181818181818182
eurjpy,oos_second,50,100,48,11,0.9090909090909091,inf,0.9090909090909091
gbpjpy,oos_first,40,75,48,9,0.7777777777777778,3.5,0.5555555555555556
gbpjpy,oos_first,40,100,48,9,0.8888888888888888,8.0,0.7777777777777778
gbpjpy,oos_first,40,90,48,9,0.7777777777777778,3.5,0.5555555555555556
gbpjpy,oos_first,50,100,48,9,0.7777777777777778,7.0,0.6666666666666666
gbpjpy,oos_second,40,75,48,10,0.8,4.0,0.6
gbpjpy,oos_second,40,100,48,10,0.9,9.0,0.8
gbpjpy,oos_second,40,90,48,10,0.8,4.0,0.6
gbpjpy,oos_second,50,100,48,10,0.9,9.0,0.8
