conditions,pair,split,trades,win,lcb95,pf,exp_r
trend_down & h4_bull & d1_bull & far_ema200 & rsi55_60,usdjpy,validation,14,0.6428571428571429,0.3876400468214041,1.8,0.2857142857142857
trend_down & h4_bull & d1_bull & far_ema200 & rsi55_60,usdjpy,oos,10,0.8,0.49015684672072346,4.0,0.6
trend_down & h4_bull & d1_bull & far_ema200 & rsi55_60,eurjpy,validation,18,0.3333333333333333,0.16278554363662856,0.5454545454545454,-0.2777777777777778
trend_down & h4_bull & d1_bull & far_ema200 & rsi55_60,eurjpy,oos,6,0.6666666666666666,0.2999883213415286,2.0,0.3333333333333333
trend_down & h4_bull & d1_bull & far_ema200 & rsi55_60,gbpjpy,validation,13,0.46153846153846156,0.23205754301488138,0.8571428571428571,-0.07692307692307693
trend_down & h4_bull & d1_bull & far_ema200 & rsi55_60,gbpjpy,oos,7,1.0,0.6456611570247934,inf,1.0
trend_down & h4_bull & d1_bull & adx25+ & near_ema20,usdjpy,validation,7,0.7142857142857143,0.35892909014821267,2.5,0.42857142857142855
trend_down & h4_bull & d1_bull & adx25+ & near_ema20,usdjpy,oos,10,0.7,0.3967732199795652,2.3333333333333335,0.4
trend_down & h4_bull & d1_bull & adx25+ & near_ema20,eurjpy,validation,9,0.8888888888888888,0.5649937852319398,8.0,0.7777777777777778
trend_down & h4_bull & d1_bull & adx25+ & near_ema20,eurjpy,oos,9,0.8888888888888888,0.5649937852319398,8.0,0.7777777777777778
trend_down & h4_bull & d1_bull & adx25+ & near_ema20,gbpjpy,validation,9,0.4444444444444444,0.188775429471914,0.8,-0.1111111111111111
trend_down & h4_bull & d1_bull & adx25+ & near_ema20,gbpjpy,oos,13,0.6923076923076923,0.4236888781333764,3.0,0.46153846153846156
trend_down & h4_bull & d1_bull & near_ema20 & rsi_up6,usdjpy,validation,22,0.6363636363636364,0.4295134934371804,1.75,0.2727272727272727
trend_down & h4_bull & d1_bull & near_ema20 & rsi_up6,usdjpy,oos,17,0.8823529411764706,0.6566315750229009,7.5,0.7647058823529411
trend_down & h4_bull & d1_bull & near_ema20 & rsi_up6,eurjpy,validation,20,0.55,0.34208200830759966,1.375,0.15
trend_down & h4_bull & d1_bull & near_ema20 & rsi_up6,eurjpy,oos,16,0.8125,0.5699064013154177,4.333333333333333,0.625
trend_down & h4_bull & d1_bull & near_ema20 & rsi_up6,gbpjpy,validation,20,0.5,0.2992949144298199,1.0,0.0
trend_down & h4_bull & d1_bull & near_ema20 & rsi_up6,gbpjpy,oos,19,0.6842105263157895,0.4601001017506463,3.25,0.47368421052631576
trend_down & h4_bull & d1_bull & rsi45_55 & rsi_up6,usdjpy,validation,25,0.64,0.44518154601046633,1.7777777777777777,0.28
trend_down & h4_bull & d1_bull & rsi45_55 & rsi_up6,usdjpy,oos,17,0.7058823529411765,0.468664666737861,3.0,0.47058823529411764
trend_down & h4_bull & d1_bull & rsi45_55 & rsi_up6,eurjpy,validation,22,0.5909090909090909,0.3873447738289381,1.625,0.22727272727272727
trend_down & h4_bull & d1_bull & rsi45_55 & rsi_up6,eurjpy,oos,16,0.75,0.5050123107060135,3.0,0.5
trend_down & h4_bull & d1_bull & rsi45_55 & rsi_up6,gbpjpy,validation,22,0.5,0.3072180469247956,1.0,0.0
trend_down & h4_bull & d1_bull & rsi45_55 & rsi_up6,gbpjpy,oos,19,0.7368421052631579,0.5120803155892935,4.666666666666667,0.5789473684210527
trend_down & h4_bull & d1_bull & atr_above_med & near_ema20,usdjpy,validation,13,0.8461538461538461,0.5776482949136899,5.5,0.6923076923076923
trend_down & h4_bull & d1_bull & atr_above_med & near_ema20,usdjpy,oos,18,0.8333333333333334,0.6077750036164077,5.0,0.6666666666666666
trend_down & h4_bull & d1_bull & atr_above_med & near_ema20,eurjpy,validation,17,0.5882352941176471,0.3600507438551554,1.4285714285714286,0.17647058823529413
trend_down & h4_bull & d1_bull & atr_above_med & near_ema20,eurjpy,oos,15,0.8666666666666667,0.6211750079348376,6.5,0.7333333333333333
trend_down & h4_bull & d1_bull & atr_above_med & near_ema20,gbpjpy,validation,14,0.42857142857142855,0.21380509930400526,0.75,-0.14285714285714285
trend_down & h4_bull & d1_bull & atr_above_med & near_ema20,gbpjpy,oos,15,0.7333333333333333,0.48049110342313245,5.5,0.6
trend_down & h4_bull & d1_bull & adx20+ & near_ema20,usdjpy,validation,14,0.7142857142857143,0.4535045882751561,2.5,0.42857142857142855
trend_down & h4_bull & d1_bull & adx20+ & near_ema20,usdjpy,oos,16,0.8125,0.5699064013154177,4.333333333333333,0.625
trend_down & h4_bull & d1_bull & adx20+ & near_ema20,eurjpy,validation,18,0.7222222222222222,0.49126922453805477,3.25,0.5
trend_down & h4_bull & d1_bull & adx20+ & near_ema20,eurjpy,oos,12,0.8333333333333334,0.5519636426153274,5.0,0.6666666666666666
trend_down & h4_bull & d1_bull & adx20+ & near_ema20,gbpjpy,validation,14,0.42857142857142855,0.21380509930400526,0.75,-0.14285714285714285
trend_down & h4_bull & d1_bull & adx20+ & near_ema20,gbpjpy,oos,16,0.625,0.38640647097934805,2.5,0.375
trend_down & h4_bull & d1_bull & atr_above_med & w1_bull,usdjpy,validation,10,0.8,0.49015684672072346,4.0,0.6
trend_down & h4_bull & d1_bull & atr_above_med & w1_bull,usdjpy,oos,15,0.7333333333333333,0.48049110342313245,3.6666666666666665,0.5333333333333333
trend_down & h4_bull & d1_bull & atr_above_med & w1_bull,eurjpy,validation,15,0.4666666666666667,0.24809225259746442,0.875,-0.06666666666666667
trend_down & h4_bull & d1_bull & atr_above_med & w1_bull,eurjpy,oos,15,0.8,0.5481406466534955,4.0,0.6
trend_down & h4_bull & d1_bull & atr_above_med & w1_bull,gbpjpy,validation,12,0.6666666666666666,0.3906175873976139,2.0,0.3333333333333333
trend_down & h4_bull & d1_bull & atr_above_med & w1_bull,gbpjpy,oos,13,0.7692307692307693,0.49743126004873084,5.0,0.6153846153846154
trend_down & h4_bull & d1_bull & macd_pos & near_ema20,usdjpy,validation,22,0.6363636363636364,0.4295134934371804,1.75,0.2727272727272727
trend_down & h4_bull & d1_bull & macd_pos & near_ema20,usdjpy,oos,22,0.7727272727272727,0.5655964393704065,3.4,0.5454545454545454
trend_down & h4_bull & d1_bull & macd_pos & near_ema20,eurjpy,validation,23,0.6086956521739131,0.40785179603745997,1.75,0.2608695652173913
trend_down & h4_bull & d1_bull & macd_pos & near_ema20,eurjpy,oos,16,0.75,0.5050123107060135,4.0,0.5625
trend_down & h4_bull & d1_bull & macd_pos & near_ema20,gbpjpy,validation,19,0.47368421052631576,0.2732950548744854,0.9,-0.05263157894736842
trend_down & h4_bull & d1_bull & macd_pos & near_ema20,gbpjpy,oos,16,0.6875,0.4440393186673406,3.6666666666666665,0.5
trend_down & h4_bull & d1_bull & rsi_up6 & w1_bull,usdjpy,validation,12,0.5833333333333334,0.3195073356553728,1.4,0.16666666666666666
trend_down & h4_bull & d1_bull & rsi_up6 & w1_bull,usdjpy,oos,16,0.8125,0.5699064013154177,6.5,0.6875
trend_down & h4_bull & d1_bull & rsi_up6 & w1_bull,eurjpy,validation,14,0.6428571428571429,0.3876400468214041,1.8,0.2857142857142857
trend_down & h4_bull & d1_bull & rsi_up6 & w1_bull,eurjpy,oos,16,0.8125,0.5699064013154177,4.333333333333333,0.625
trend_down & h4_bull & d1_bull & rsi_up6 & w1_bull,gbpjpy,validation,15,0.4666666666666667,0.24809225259746442,0.875,-0.06666666666666667
trend_down & h4_bull & d1_bull & rsi_up6 & w1_bull,gbpjpy,oos,14,0.7857142857142857,0.5241027622679172,5.5,0.6428571428571429
trend_down & h4_bull & d1_bull & macd_pos & rsi45_55,usdjpy,validation,25,0.64,0.44518154601046633,1.7777777777777777,0.28
trend_down & h4_bull & d1_bull & macd_pos & rsi45_55,usdjpy,oos,22,0.6818181818181818,0.4731822278283934,2.5,0.4090909090909091
trend_down & h4_bull & d1_bull & macd_pos & rsi45_55,eurjpy,validation,25,0.64,0.44518154601046633,2.0,0.32
trend_down & h4_bull & d1_bull & macd_pos & rsi45_55,eurjpy,oos,16,0.6875,0.4440393186673406,2.75,0.4375
trend_down & h4_bull & d1_bull & macd_pos & rsi45_55,gbpjpy,validation,21,0.47619047619047616,0.28343712296762946,0.9090909090909091,-0.047619047619047616
trend_down & h4_bull & d1_bull & macd_pos & rsi45_55,gbpjpy,oos,16,0.6875,0.4440393186673406,3.6666666666666665,0.5
trend_down & h4_bull & d1_bull & far_ema200 & near_ema20,usdjpy,validation,25,0.6,0.4073912778512734,1.5,0.2
trend_down & h4_bull & d1_bull & far_ema200 & near_ema20,usdjpy,oos,22,0.7272727272727273,0.5184787630099803,2.6666666666666665,0.45454545454545453
trend_down & h4_bull & d1_bull & far_ema200 & near_ema20,eurjpy,validation,23,0.6521739130434783,0.4488997690689163,2.142857142857143,0.34782608695652173
trend_down & h4_bull & d1_bull & far_ema200 & near_ema20,eurjpy,oos,14,0.7857142857142857,0.5241027622679172,3.6666666666666665,0.5714285714285714
trend_down & h4_bull & d1_bull & far_ema200 & near_ema20,gbpjpy,validation,19,0.47368421052631576,0.2732950548744854,0.9,-0.05263157894736842
trend_down & h4_bull & d1_bull & far_ema200 & near_ema20,gbpjpy,oos,17,0.7647058823529411,0.5273775411082839,4.333333333333333,0.5882352941176471
trend_down & h4_bull & d1_bull & macd_pos & w1_bull,usdjpy,validation,12,0.6666666666666666,0.3906175873976139,2.0,0.3333333333333333
trend_down & h4_bull & d1_bull & macd_pos & w1_bull,usdjpy,oos,17,0.7647058823529411,0.5273775411082839,4.333333333333333,0.5882352941176471
trend_down & h4_bull & d1_bull & macd_pos & w1_bull,eurjpy,validation,13,0.6153846153846154,0.3552248097226855,1.6,0.23076923076923078
trend_down & h4_bull & d1_bull & macd_pos & w1_bull,eurjpy,oos,16,0.625,0.38640647097934805,2.0,0.3125
trend_down & h4_bull & d1_bull & macd_pos & w1_bull,gbpjpy,validation,13,0.38461538461538464,0.17709446581236818,0.625,-0.23076923076923078
trend_down & h4_bull & d1_bull & macd_pos & w1_bull,gbpjpy,oos,13,0.6923076923076923,0.4236888781333764,4.5,0.5384615384615384
trend_down & h4_bull & d1_bull & atr_above_med & rsi45_55,usdjpy,validation,16,0.8125,0.5699064013154177,4.333333333333333,0.625
trend_down & h4_bull & d1_bull & atr_above_med & rsi45_55,usdjpy,oos,19,0.7368421052631579,0.5120803155892935,3.5,0.5263157894736842
trend_down & h4_bull & d1_bull & atr_above_med & rsi45_55,eurjpy,validation,18,0.7222222222222222,0.49126922453805477,2.6,0.4444444444444444
trend_down & h4_bull & d1_bull & atr_above_med & rsi45_55,eurjpy,oos,14,0.7857142857142857,0.5241027622679172,3.6666666666666665,0.5714285714285714
trend_down & h4_bull & d1_bull & atr_above_med & rsi45_55,gbpjpy,validation,16,0.4375,0.2309836333518552,0.7777777777777778,-0.125
trend_down & h4_bull & d1_bull & atr_above_med & rsi45_55,gbpjpy,oos,15,0.7333333333333333,0.48049110342313245,5.5,0.6
trend_down & h4_bull & d1_bull & adx20+ & bb_narrow,usdjpy,validation,11,0.5454545454545454,0.2800877556899882,1.2,0.09090909090909091
trend_down & h4_bull & d1_bull & adx20+ & bb_narrow,usdjpy,oos,10,0.6,0.3126695474501863,2.0,0.3
trend_down & h4_bull & d1_bull & adx20+ & bb_narrow,eurjpy,validation,13,0.7692307692307693,0.49743126004873084,3.3333333333333335,0.5384615384615384
trend_down & h4_bull & d1_bull & adx20+ & bb_narrow,eurjpy,oos,7,1.0,0.6456611570247934,inf,1.0
trend_down & h4_bull & d1_bull & adx20+ & bb_narrow,gbpjpy,validation,8,0.375,0.13684175946152105,0.6,-0.25
trend_down & h4_bull & d1_bull & adx20+ & bb_narrow,gbpjpy,oos,8,0.75,0.40926987910258916,6.0,0.625
trend_down & h4_bull & d1_bull & adx20+ & rsi45_55,usdjpy,validation,16,0.6875,0.4440393186673406,2.2,0.375
trend_down & h4_bull & d1_bull & adx20+ & rsi45_55,usdjpy,oos,16,0.6875,0.4440393186673406,2.75,0.4375
trend_down & h4_bull & d1_bull & adx20+ & rsi45_55,eurjpy,validation,22,0.7272727272727273,0.5184787630099803,3.2,0.5
trend_down & h4_bull & d1_bull & adx20+ & rsi45_55,eurjpy,oos,12,0.75,0.4676896608793401,3.0,0.5
trend_down & h4_bull & d1_bull & adx20+ & rsi45_55,gbpjpy,validation,16,0.5,0.2799923761135083,1.0,0.0
trend_down & h4_bull & d1_bull & adx20+ & rsi45_55,gbpjpy,oos,15,0.6666666666666666,0.4171312515121298,3.3333333333333335,0.4666666666666667
trend_down & h4_bull & d1_bull & near_ema20,usdjpy,validation,25,0.6,0.4073912778512734,1.5,0.2
trend_down & h4_bull & d1_bull & near_ema20,usdjpy,oos,24,0.75,0.5510017468789357,3.0,0.5
trend_down & h4_bull & d1_bull & near_ema20,eurjpy,validation,23,0.6086956521739131,0.40785179603745997,1.75,0.2608695652173913
trend_down & h4_bull & d1_bull & near_ema20,eurjpy,oos,18,0.8333333333333334,0.6077750036164077,5.0,0.6666666666666666
trend_down & h4_bull & d1_bull & near_ema20,gbpjpy,validation,21,0.47619047619047616,0.28343712296762946,0.9090909090909091,-0.047619047619047616
trend_down & h4_bull & d1_bull & near_ema20,gbpjpy,oos,19,0.7368421052631579,0.5120803155892935,4.666666666666667,0.5789473684210527
trend_down & h4_bull & d1_bull & far_ema200 & rsi45_55,usdjpy,validation,28,0.6071428571428571,0.42408726034906297,1.5454545454545454,0.21428571428571427
trend_down & h4_bull & d1_bull & far_ema200 & rsi45_55,usdjpy,oos,21,0.6666666666666666,0.45373075657210293,2.0,0.3333333333333333
trend_down & h4_bull & d1_bull & far_ema200 & rsi45_55,eurjpy,validation,25,0.68,0.48409913734576715,2.4285714285714284,0.4
trend_down & h4_bull & d1_bull & far_ema200 & rsi45_55,eurjpy,oos,14,0.7142857142857143,0.4535045882751561,2.5,0.42857142857142855
trend_down & h4_bull & d1_bull & far_ema200 & rsi45_55,gbpjpy,validation,21,0.47619047619047616,0.28343712296762946,0.9090909090909091,-0.047619047619047616
trend_down & h4_bull & d1_bull & far_ema200 & rsi45_55,gbpjpy,oos,16,0.8125,0.5699064013154177,6.5,0.6875
trend_down & h4_bull & d1_bull & macd_pos & rsi_up6,usdjpy,validation,26,0.6538461538461539,0.46220229009632996,1.8888888888888888,0.3076923076923077
trend_down & h4_bull & d1_bull & macd_pos & rsi_up6,usdjpy,oos,26,0.7692307692307693,0.5794807424804321,6.666666666666667,0.6538461538461539
trend_down & h4_bull & d1_bull & macd_pos & rsi_up6,eurjpy,validation,26,0.6153846153846154,0.4253452003942009,1.7777777777777777,0.2692307692307692
trend_down & h4_bull & d1_bull & macd_pos & rsi_up6,eurjpy,oos,20,0.65,0.43285051021946475,2.1666666666666665,0.35
trend_down & h4_bull & d1_bull & macd_pos & rsi_up6,gbpjpy,validation,24,0.5416666666666666,0.3507455355310663,1.1818181818181819,0.08333333333333333
trend_down & h4_bull & d1_bull & macd_pos & rsi_up6,gbpjpy,oos,21,0.6190476190476191,0.40878295815501514,2.1666666666666665,0.3333333333333333
trend_down & h4_bull & d1_bull & rsi45_55 & w1_bull,usdjpy,validation,12,0.5833333333333334,0.3195073356553728,1.4,0.16666666666666666
trend_down & h4_bull & d1_bull & rsi45_55 & w1_bull,usdjpy,oos,12,0.6666666666666666,0.3906175873976139,2.0,0.3333333333333333
trend_down & h4_bull & d1_bull & rsi45_55 & w1_bull,eurjpy,validation,12,0.75,0.4676896608793401,3.0,0.5
trend_down & h4_bull & d1_bull & rsi45_55 & w1_bull,eurjpy,oos,12,0.9166666666666666,0.6461140782014047,11.0,0.8333333333333334
trend_down & h4_bull & d1_bull & rsi45_55 & w1_bull,gbpjpy,validation,14,0.42857142857142855,0.21380509930400526,0.75,-0.14285714285714285
trend_down & h4_bull & d1_bull & rsi45_55 & w1_bull,gbpjpy,oos,13,0.8461538461538461,0.5776482949136899,inf,0.8461538461538461
trend_down & h4_bull & d1_bull & adx20+ & w1_bull,usdjpy,validation,8,0.625,0.3057378545838018,1.6666666666666667,0.25
trend_down & h4_bull & d1_bull & adx20+ & w1_bull,usdjpy,oos,14,0.6428571428571429,0.3876400468214041,2.25,0.35714285714285715
trend_down & h4_bull & d1_bull & adx20+ & w1_bull,eurjpy,validation,14,0.6428571428571429,0.3876400468214041,1.8,0.2857142857142857
trend_down & h4_bull & d1_bull & adx20+ & w1_bull,eurjpy,oos,11,0.8181818181818182,0.5230138624217553,4.5,0.6363636363636364
trend_down & h4_bull & d1_bull & adx20+ & w1_bull,gbpjpy,validation,9,0.7777777777777778,0.4525833436728054,3.5,0.5555555555555556
trend_down & h4_bull & d1_bull & adx20+ & w1_bull,gbpjpy,oos,12,0.75,0.4676896608793401,4.5,0.5833333333333334
trend_down & h4_bull & d1_bull & rsi55_60 & rsi_up6,usdjpy,validation,21,0.5238095238095238,0.3236921790026675,1.1,0.047619047619047616
trend_down & h4_bull & d1_bull & rsi55_60 & rsi_up6,usdjpy,oos,17,0.8235294117647058,0.5897007098262422,7.0,0.7058823529411765
trend_down & h4_bull & d1_bull & rsi55_60 & rsi_up6,eurjpy,validation,23,0.30434782608695654,0.15603828020972457,0.4666666666666667,-0.34782608695652173
trend_down & h4_bull & d1_bull & rsi55_60 & rsi_up6,eurjpy,oos,11,0.7272727272727273,0.4343497069897538,4.0,0.5454545454545454
trend_down & h4_bull & d1_bull & rsi55_60 & rsi_up6,gbpjpy,validation,17,0.47058823529411764,0.26164801196088106,0.8888888888888888,-0.058823529411764705
trend_down & h4_bull & d1_bull & rsi55_60 & rsi_up6,gbpjpy,oos,11,0.8181818181818182,0.5230138624217553,4.5,0.6363636363636364
trend_down & h4_bull & d1_bull & rsi45_55,usdjpy,validation,28,0.6071428571428571,0.42408726034906297,1.5454545454545454,0.21428571428571427
trend_down & h4_bull & d1_bull & rsi45_55,usdjpy,oos,24,0.6666666666666666,0.46705959494080457,2.2857142857142856,0.375
trend_down & h4_bull & d1_bull & rsi45_55,eurjpy,validation,25,0.64,0.44518154601046633,2.0,0.32
trend_down & h4_bull & d1_bull & rsi45_55,eurjpy,oos,18,0.7777777777777778,0.547849735476945,3.5,0.5555555555555556
trend_down & h4_bull & d1_bull & rsi45_55,gbpjpy,validation,23,0.4782608695652174,0.29236869539945726,0.9166666666666666,-0.043478260869565216
trend_down & h4_bull & d1_bull & rsi45_55,gbpjpy,oos,19,0.7368421052631579,0.5120803155892935,4.666666666666667,0.5789473684210527
trend_down & h4_bull & d1_bull & rsi55_60,usdjpy,validation,21,0.5714285714285714,0.3654621629703245,1.3333333333333333,0.14285714285714285
trend_down & h4_bull & d1_bull & rsi55_60,usdjpy,oos,18,0.8333333333333334,0.6077750036164077,7.5,0.7222222222222222
trend_down & h4_bull & d1_bull & rsi55_60,eurjpy,validation,24,0.3333333333333333,0.17971978688379645,0.5333333333333333,-0.2916666666666667
trend_down & h4_bull & d1_bull & rsi55_60,eurjpy,oos,13,0.7692307692307693,0.49743126004873084,5.0,0.6153846153846154
trend_down & h4_bull & d1_bull & rsi55_60,gbpjpy,validation,18,0.5,0.2903070395897999,1.0,0.0
trend_down & h4_bull & d1_bull & rsi55_60,gbpjpy,oos,13,0.8461538461538461,0.5776482949136899,5.5,0.6923076923076923
trend_down & h4_bull & d1_bull & macd_pos,usdjpy,validation,28,0.5714285714285714,0.390704789856154,1.3333333333333333,0.14285714285714285
trend_down & h4_bull & d1_bull & macd_pos,usdjpy,oos,28,0.7142857142857143,0.529403642629825,4.0,0.5357142857142857
trend_down & h4_bull & d1_bull & macd_pos,eurjpy,validation,28,0.6428571428571429,0.4582997758222724,2.0,0.32142857142857145
trend_down & h4_bull & d1_bull & macd_pos,eurjpy,oos,22,0.6818181818181818,0.4731822278283934,2.5,0.4090909090909091
trend_down & h4_bull & d1_bull & macd_pos,gbpjpy,validation,24,0.4583333333333333,0.27891058351681425,0.8461538461538461,-0.08333333333333333
trend_down & h4_bull & d1_bull & macd_pos,gbpjpy,oos,22,0.6363636363636364,0.4295134934371804,2.3333333333333335,0.36363636363636365
trend_down & h4_bull & d1_bull & macd_neg & rsi_up6,usdjpy,validation,16,0.5,0.2799923761135083,1.0,0.0
trend_down & h4_bull & d1_bull & macd_neg & rsi_up6,usdjpy,oos,13,0.9230769230769231,0.6668546607175265,12.0,0.8461538461538461
trend_down & h4_bull & d1_bull & macd_neg & rsi_up6,eurjpy,validation,13,0.6153846153846154,0.3552248097226855,1.6,0.23076923076923078
trend_down & h4_bull & d1_bull & macd_neg & rsi_up6,eurjpy,oos,14,0.8571428571428571,0.600580922361363,12.0,0.7857142857142857
trend_down & h4_bull & d1_bull & macd_neg & rsi_up6,gbpjpy,validation,16,0.4375,0.2309836333518552,0.7777777777777778,-0.125
trend_down & h4_bull & d1_bull & macd_neg & rsi_up6,gbpjpy,oos,17,0.8823529411764706,0.6566315750229009,7.5,0.7647058823529411
trend_down & h4_bull & d1_bull & rsi_up6,usdjpy,validation,31,0.5806451612903226,0.4076596435202097,1.3846153846153846,0.16129032258064516
trend_down & h4_bull & d1_bull & rsi_up6,usdjpy,oos,26,0.7692307692307693,0.5794807424804321,6.666666666666667,0.6538461538461539
trend_down & h4_bull & d1_bull & rsi_up6,eurjpy,validation,27,0.5925925925925926,0.4072638305536409,1.4545454545454546,0.18518518518518517
trend_down & h4_bull & d1_bull & rsi_up6,eurjpy,oos,23,0.8260869565217391,0.6286194521470434,4.75,0.6521739130434783
trend_down & h4_bull & d1_bull & rsi_up6,gbpjpy,validation,28,0.5,0.32632846832446344,1.0,0.0
trend_down & h4_bull & d1_bull & rsi_up6,gbpjpy,oos,24,0.7916666666666666,0.5952915551476453,4.75,0.625
trend_down & h4_bull & d1_bull & near_ema20 & w1_bull,usdjpy,validation,11,0.6363636363636364,0.35379677689163724,1.75,0.2727272727272727
trend_down & h4_bull & d1_bull & near_ema20 & w1_bull,usdjpy,oos,14,0.7142857142857143,0.4535045882751561,2.5,0.42857142857142855
trend_down & h4_bull & d1_bull & near_ema20 & w1_bull,eurjpy,validation,11,0.5454545454545454,0.2800877556899882,1.2,0.09090909090909091
trend_down & h4_bull & d1_bull & near_ema20 & w1_bull,eurjpy,oos,12,0.9166666666666666,0.6461140782014047,11.0,0.8333333333333334
trend_down & h4_bull & d1_bull & near_ema20 & w1_bull,gbpjpy,validation,13,0.46153846153846156,0.23205754301488138,0.8571428571428571,-0.07692307692307693
trend_down & h4_bull & d1_bull & near_ema20 & w1_bull,gbpjpy,oos,13,0.8461538461538461,0.5776482949136899,inf,0.8461538461538461
trend_down & h4_bull & d1_bull & near_ema20 & rsi45_55,usdjpy,validation,25,0.56,0.37067017019564436,1.2727272727272727,0.12
trend_down & h4_bull & d1_bull & near_ema20 & rsi45_55,usdjpy,oos,23,0.6956521739130435,0.4913387093942739,2.2857142857142856,0.391304347826087
trend_down & h4_bull & d1_bull & near_ema20 & rsi45_55,eurjpy,validation,23,0.6086956521739131,0.40785179603745997,1.75,0.2608695652173913
trend_down & h4_bull & d1_bull & near_ema20 & rsi45_55,eurjpy,oos,18,0.8333333333333334,0.6077750036164077,5.0,0.6666666666666666
trend_down & h4_bull & d1_bull & near_ema20 & rsi45_55,gbpjpy,validation,20,0.5,0.2992949144298199,1.0,0.0
trend_down & h4_bull & d1_bull & near_ema20 & rsi45_55,gbpjpy,oos,19,0.7368421052631579,0.5120803155892935,4.666666666666667,0.5789473684210527
trend_down & h4_bull & d1_bull & far_ema200 & macd_pos,usdjpy,validation,26,0.5769230769230769,0.3894829692111983,1.3636363636363635,0.15384615384615385
trend_down & h4_bull & d1_bull & far_ema200 & macd_pos,usdjpy,oos,24,0.7083333333333334,0.5083193634129031,3.4,0.5
trend_down & h4_bull & d1_bull & far_ema200 & macd_pos,eurjpy,validation,28,0.6428571428571429,0.4582997758222724,2.0,0.32142857142857145
trend_down & h4_bull & d1_bull & far_ema200 & macd_pos,eurjpy,oos,17,0.7058823529411765,0.468664666737861,2.4,0.4117647058823529
trend_down & h4_bull & d1_bull & far_ema200 & macd_pos,gbpjpy,validation,22,0.45454545454545453,0.26920014432004846,0.8333333333333334,-0.09090909090909091
trend_down & h4_bull & d1_bull & far_ema200 & macd_pos,gbpjpy,oos,21,0.6666666666666666,0.45373075657210293,2.3333333333333335,0.38095238095238093
trend_down & h4_bull & d1_bull & adx20+ & rsi_up6,usdjpy,validation,21,0.7142857142857143,0.5004322617716241,2.5,0.42857142857142855
trend_down & h4_bull & d1_bull & adx20+ & rsi_up6,usdjpy,oos,17,0.6470588235294118,0.4129996672121183,3.6666666666666665,0.47058823529411764
trend_down & h4_bull & d1_bull & adx20+ & rsi_up6,eurjpy,validation,27,0.7037037037037037,0.515189666191624,2.375,0.4074074074074074
trend_down & h4_bull & d1_bull & adx20+ & rsi_up6,eurjpy,oos,17,0.7647058823529411,0.5273775411082839,3.25,0.5294117647058824
trend_down & h4_bull & d1_bull & adx20+ & rsi_up6,gbpjpy,validation,20,0.55,0.34208200830759966,1.2222222222222223,0.1
trend_down & h4_bull & d1_bull & adx20+ & rsi_up6,gbpjpy,oos,19,0.7368421052631579,0.5120803155892935,3.5,0.5263157894736842
