condition,tp,sl,horizon,cost_pips,split,pair,trades,win,pf,exp_r
w1_bull,40,75,48,0.5,validation,usdjpy,14,0.7142857142857143,2.5,0.42857142857142855
w1_bull,40,75,48,0.5,validation,eurjpy,16,0.75,3.0,0.5
w1_bull,40,75,48,0.5,validation,gbpjpy,17,0.7647058823529411,3.25,0.5294117647058824
w1_bull,40,75,48,0.5,oos,usdjpy,20,0.75,3.75,0.55
w1_bull,40,75,48,0.5,oos,eurjpy,16,0.8125,4.333333333333333,0.625
w1_bull,40,75,48,0.5,oos,gbpjpy,15,0.8666666666666667,6.5,0.7333333333333333
w1_bull,40,75,48,1.0,validation,usdjpy,14,0.7142857142857143,2.5,0.42857142857142855
w1_bull,40,75,48,1.0,validation,eurjpy,16,0.75,3.0,0.5
w1_bull,40,75,48,1.0,validation,gbpjpy,17,0.7058823529411765,2.4,0.4117647058823529
w1_bull,40,75,48,1.0,oos,usdjpy,20,0.75,3.75,0.55
w1_bull,40,75,48,1.0,oos,eurjpy,16,0.8125,4.333333333333333,0.625
w1_bull,40,75,48,1.0,oos,gbpjpy,15,0.8666666666666667,6.5,0.7333333333333333
w1_bull,40,75,48,2.0,validation,usdjpy,14,0.7142857142857143,2.5,0.42857142857142855
w1_bull,40,75,48,2.0,validation,eurjpy,16,0.6875,2.2,0.375
w1_bull,40,75,48,2.0,validation,gbpjpy,17,0.7058823529411765,2.4,0.4117647058823529
w1_bull,40,75,48,2.0,oos,usdjpy,20,0.75,3.75,0.55
w1_bull,40,75,48,2.0,oos,eurjpy,16,0.8125,4.333333333333333,0.625
w1_bull,40,75,48,2.0,oos,gbpjpy,15,0.8666666666666667,6.5,0.7333333333333333
w1_bull,40,75,48,3.0,validation,usdjpy,14,0.7142857142857143,2.5,0.42857142857142855
w1_bull,40,75,48,3.0,validation,eurjpy,16,0.6875,2.2,0.375
w1_bull,40,75,48,3.0,validation,gbpjpy,17,0.7058823529411765,2.4,0.4117647058823529
w1_bull,40,75,48,3.0,oos,usdjpy,20,0.75,3.75,0.55
w1_bull,40,75,48,3.0,oos,eurjpy,16,0.8125,4.333333333333333,0.625
w1_bull,40,75,48,3.0,oos,gbpjpy,15,0.8666666666666667,6.5,0.7333333333333333
w1_bull,40,75,48,5.0,validation,usdjpy,14,0.7142857142857143,2.5,0.42857142857142855
w1_bull,40,75,48,5.0,validation,eurjpy,16,0.6875,2.2,0.375
w1_bull,40,75,48,5.0,validation,gbpjpy,17,0.7058823529411765,2.4,0.4117647058823529
w1_bull,40,75,48,5.0,oos,usdjpy,20,0.75,3.75,0.55
w1_bull,40,75,48,5.0,oos,eurjpy,16,0.8125,4.333333333333333,0.625
w1_bull,40,75,48,5.0,oos,gbpjpy,15,0.8,6.0,0.6666666666666666
w1_bull,40,90,48,0.5,validation,usdjpy,14,0.7142857142857143,2.5,0.42857142857142855
w1_bull,40,90,48,0.5,validation,eurjpy,16,0.75,3.0,0.5
w1_bull,40,90,48,0.5,validation,gbpjpy,17,0.8823529411764706,7.5,0.7647058823529411
w1_bull,40,90,48,0.5,oos,usdjpy,20,0.75,3.75,0.55
w1_bull,40,90,48,0.5,oos,eurjpy,16,0.875,7.0,0.75
w1_bull,40,90,48,0.5,oos,gbpjpy,15,0.8666666666666667,6.5,0.7333333333333333
w1_bull,40,90,48,1.0,validation,usdjpy,14,0.7142857142857143,2.5,0.42857142857142855
w1_bull,40,90,48,1.0,validation,eurjpy,16,0.75,3.0,0.5
w1_bull,40,90,48,1.0,validation,gbpjpy,17,0.8235294117647058,4.666666666666667,0.6470588235294118
w1_bull,40,90,48,1.0,oos,usdjpy,20,0.75,3.75,0.55
w1_bull,40,90,48,1.0,oos,eurjpy,16,0.875,7.0,0.75
w1_bull,40,90,48,1.0,oos,gbpjpy,15,0.8666666666666667,6.5,0.7333333333333333
w1_bull,40,90,48,2.0,validation,usdjpy,14,0.7142857142857143,2.5,0.42857142857142855
w1_bull,40,90,48,2.0,validation,eurjpy,16,0.6875,2.2,0.375
w1_bull,40,90,48,2.0,validation,gbpjpy,17,0.8235294117647058,4.666666666666667,0.6470588235294118
w1_bull,40,90,48,2.0,oos,usdjpy,20,0.75,3.75,0.55
w1_bull,40,90,48,2.0,oos,eurjpy,16,0.875,7.0,0.75
w1_bull,40,90,48,2.0,oos,gbpjpy,15,0.9333333333333333,14.0,0.8666666666666667
w1_bull,40,90,48,3.0,validation,usdjpy,14,0.7142857142857143,2.5,0.42857142857142855
w1_bull,40,90,48,3.0,validation,eurjpy,16,0.6875,2.2,0.375
w1_bull,40,90,48,3.0,validation,gbpjpy,17,0.8235294117647058,4.666666666666667,0.6470588235294118
w1_bull,40,90,48,3.0,oos,usdjpy,20,0.75,3.75,0.55
w1_bull,40,90,48,3.0,oos,eurjpy,16,0.9375,15.0,0.875
w1_bull,40,90,48,3.0,oos,gbpjpy,15,0.9333333333333333,14.0,0.8666666666666667
w1_bull,40,90,48,5.0,validation,usdjpy,14,0.7142857142857143,2.5,0.42857142857142855
w1_bull,40,90,48,5.0,validation,eurjpy,16,0.6875,2.2,0.375
w1_bull,40,90,48,5.0,validation,gbpjpy,17,0.8235294117647058,4.666666666666667,0.6470588235294118
w1_bull,40,90,48,5.0,oos,usdjpy,20,0.75,3.75,0.55
w1_bull,40,90,48,5.0,oos,eurjpy,16,0.9375,15.0,0.875
w1_bull,40,90,48,5.0,oos,gbpjpy,15,0.8666666666666667,13.0,0.8
w1_bull,40,100,48,0.5,validation,usdjpy,14,0.7142857142857143,2.5,0.42857142857142855
w1_bull,40,100,48,0.5,validation,eurjpy,16,0.75,3.0,0.5
w1_bull,40,100,48,0.5,validation,gbpjpy,17,0.8823529411764706,7.5,0.7647058823529411
w1_bull,40,100,48,0.5,oos,usdjpy,20,0.75,3.75,0.55
w1_bull,40,100,48,0.5,oos,eurjpy,16,0.9375,15.0,0.875
w1_bull,40,100,48,0.5,oos,gbpjpy,15,1.0,inf,1.0
w1_bull,40,100,48,1.0,validation,usdjpy,14,0.7142857142857143,2.5,0.42857142857142855
w1_bull,40,100,48,1.0,validation,eurjpy,16,0.75,3.0,0.5
w1_bull,40,100,48,1.0,validation,gbpjpy,17,0.8823529411764706,7.5,0.7647058823529411
w1_bull,40,100,48,1.0,oos,usdjpy,20,0.75,3.75,0.55
w1_bull,40,100,48,1.0,oos,eurjpy,16,0.9375,15.0,0.875
w1_bull,40,100,48,1.0,oos,gbpjpy,15,1.0,inf,1.0
w1_bull,40,100,48,2.0,validation,usdjpy,14,0.7142857142857143,2.5,0.42857142857142855
w1_bull,40,100,48,2.0,validation,eurjpy,16,0.6875,2.2,0.375
w1_bull,40,100,48,2.0,validation,gbpjpy,17,0.8823529411764706,7.5,0.7647058823529411
w1_bull,40,100,48,2.0,oos,usdjpy,20,0.75,3.75,0.55
w1_bull,40,100,48,2.0,oos,eurjpy,16,0.9375,15.0,0.875
w1_bull,40,100,48,2.0,oos,gbpjpy,15,1.0,inf,1.0
w1_bull,40,100,48,3.0,validation,usdjpy,14,0.7142857142857143,2.5,0.42857142857142855
w1_bull,40,100,48,3.0,validation,eurjpy,16,0.6875,2.2,0.375
w1_bull,40,100,48,3.0,validation,gbpjpy,17,0.8823529411764706,7.5,0.7647058823529411
w1_bull,40,100,48,3.0,oos,usdjpy,20,0.75,3.75,0.55
w1_bull,40,100,48,3.0,oos,eurjpy,16,0.9375,15.0,0.875
w1_bull,40,100,48,3.0,oos,gbpjpy,15,1.0,inf,1.0
w1_bull,40,100,48,5.0,validation,usdjpy,14,0.7142857142857143,2.5,0.42857142857142855
w1_bull,40,100,48,5.0,validation,eurjpy,16,0.6875,2.2,0.375
w1_bull,40,100,48,5.0,validation,gbpjpy,17,0.8823529411764706,7.5,0.7647058823529411
w1_bull,40,100,48,5.0,oos,usdjpy,20,0.75,3.75,0.55
w1_bull,40,100,48,5.0,oos,eurjpy,16,0.9375,15.0,0.875
w1_bull,40,100,48,5.0,oos,gbpjpy,15,0.9333333333333333,inf,0.9333333333333333
w1_bull,50,75,48,0.5,validation,usdjpy,14,0.6428571428571429,1.8,0.2857142857142857
w1_bull,50,75,48,0.5,validation,eurjpy,16,0.625,1.6666666666666667,0.25
w1_bull,50,75,48,0.5,validation,gbpjpy,17,0.6470588235294118,1.8333333333333333,0.29411764705882354
w1_bull,50,75,48,0.5,oos,usdjpy,20,0.75,3.75,0.55
w1_bull,50,75,48,0.5,oos,eurjpy,16,0.8125,4.333333333333333,0.625
w1_bull,50,75,48,0.5,oos,gbpjpy,15,0.8,6.0,0.6666666666666666
w1_bull,50,75,48,1.0,validation,usdjpy,14,0.6428571428571429,1.8,0.2857142857142857
w1_bull,50,75,48,1.0,validation,eurjpy,16,0.5625,1.2857142857142858,0.125
w1_bull,50,75,48,1.0,validation,gbpjpy,17,0.6470588235294118,1.8333333333333333,0.29411764705882354
w1_bull,50,75,48,1.0,oos,usdjpy,20,0.75,3.75,0.55
w1_bull,50,75,48,1.0,oos,eurjpy,16,0.8125,4.333333333333333,0.625
w1_bull,50,75,48,1.0,oos,gbpjpy,15,0.8,6.0,0.6666666666666666
w1_bull,50,75,48,2.0,validation,usdjpy,14,0.6428571428571429,1.8,0.2857142857142857
w1_bull,50,75,48,2.0,validation,eurjpy,16,0.5625,1.2857142857142858,0.125
w1_bull,50,75,48,2.0,validation,gbpjpy,17,0.5882352941176471,1.4285714285714286,0.17647058823529413
w1_bull,50,75,48,2.0,oos,usdjpy,20,0.75,3.75,0.55
w1_bull,50,75,48,2.0,oos,eurjpy,16,0.75,4.0,0.5625
w1_bull,50,75,48,2.0,oos,gbpjpy,15,0.8,6.0,0.6666666666666666
w1_bull,50,75,48,3.0,validation,usdjpy,14,0.6428571428571429,1.8,0.2857142857142857
w1_bull,50,75,48,3.0,validation,eurjpy,16,0.5625,1.2857142857142858,0.125
w1_bull,50,75,48,3.0,validation,gbpjpy,17,0.5882352941176471,1.4285714285714286,0.17647058823529413
w1_bull,50,75,48,3.0,oos,usdjpy,20,0.7,3.5,0.5
w1_bull,50,75,48,3.0,oos,eurjpy,16,0.75,4.0,0.5625
w1_bull,50,75,48,3.0,oos,gbpjpy,15,0.8,6.0,0.6666666666666666
w1_bull,50,75,48,5.0,validation,usdjpy,14,0.6428571428571429,1.8,0.2857142857142857
w1_bull,50,75,48,5.0,validation,eurjpy,16,0.4375,0.7777777777777778,-0.125
w1_bull,50,75,48,5.0,validation,gbpjpy,17,0.5294117647058824,1.125,0.058823529411764705
w1_bull,50,75,48,5.0,oos,usdjpy,20,0.7,3.5,0.5
w1_bull,50,75,48,5.0,oos,eurjpy,16,0.75,4.0,0.5625
w1_bull,50,75,48,5.0,oos,gbpjpy,15,0.8,6.0,0.6666666666666666
w1_bull,50,100,48,0.5,validation,usdjpy,14,0.6428571428571429,1.8,0.2857142857142857
w1_bull,50,100,48,0.5,validation,eurjpy,16,0.625,1.6666666666666667,0.25
w1_bull,50,100,48,0.5,validation,gbpjpy,17,0.8235294117647058,4.666666666666667,0.6470588235294118
w1_bull,50,100,48,0.5,oos,usdjpy,20,0.75,3.75,0.55
w1_bull,50,100,48,0.5,oos,eurjpy,16,0.9375,15.0,0.875
w1_bull,50,100,48,0.5,oos,gbpjpy,15,0.9333333333333333,inf,0.9333333333333333
w1_bull,50,100,48,1.0,validation,usdjpy,14,0.6428571428571429,1.8,0.2857142857142857
w1_bull,50,100,48,1.0,validation,eurjpy,16,0.5625,1.5,0.1875
w1_bull,50,100,48,1.0,validation,gbpjpy,17,0.8235294117647058,4.666666666666667,0.6470588235294118
w1_bull,50,100,48,1.0,oos,usdjpy,20,0.75,3.75,0.55
w1_bull,50,100,48,1.0,oos,eurjpy,16,0.9375,15.0,0.875
w1_bull,50,100,48,1.0,oos,gbpjpy,15,0.9333333333333333,inf,0.9333333333333333
w1_bull,50,100,48,2.0,validation,usdjpy,14,0.6428571428571429,1.8,0.2857142857142857
w1_bull,50,100,48,2.0,validation,eurjpy,16,0.5625,1.5,0.1875
w1_bull,50,100,48,2.0,validation,gbpjpy,17,0.7647058823529411,3.25,0.5294117647058824
w1_bull,50,100,48,2.0,oos,usdjpy,20,0.75,3.75,0.55
w1_bull,50,100,48,2.0,oos,eurjpy,16,0.875,14.0,0.8125
w1_bull,50,100,48,2.0,oos,gbpjpy,15,0.9333333333333333,inf,0.9333333333333333
w1_bull,50,100,48,3.0,validation,usdjpy,14,0.6428571428571429,1.8,0.2857142857142857
w1_bull,50,100,48,3.0,validation,eurjpy,16,0.5625,1.5,0.1875
w1_bull,50,100,48,3.0,validation,gbpjpy,17,0.7647058823529411,3.25,0.5294117647058824
w1_bull,50,100,48,3.0,oos,usdjpy,20,0.7,3.5,0.5
w1_bull,50,100,48,3.0,oos,eurjpy,16,0.875,14.0,0.8125
w1_bull,50,100,48,3.0,oos,gbpjpy,15,0.9333333333333333,inf,0.9333333333333333
w1_bull,50,100,48,5.0,validation,usdjpy,14,0.6428571428571429,1.8,0.2857142857142857
w1_bull,50,100,48,5.0,validation,eurjpy,16,0.4375,1.0,0.0
w1_bull,50,100,48,5.0,validation,gbpjpy,17,0.7058823529411765,2.4,0.4117647058823529
w1_bull,50,100,48,5.0,oos,usdjpy,20,0.7,3.5,0.5
w1_bull,50,100,48,5.0,oos,eurjpy,16,0.875,14.0,0.8125
w1_bull,50,100,48,5.0,oos,gbpjpy,15,0.9333333333333333,inf,0.9333333333333333
adx20_w1_bull,40,75,48,0.5,validation,usdjpy,8,0.75,3.0,0.5
adx20_w1_bull,40,75,48,0.5,validation,eurjpy,14,0.7857142857142857,3.6666666666666665,0.5714285714285714
adx20_w1_bull,40,75,48,0.5,validation,gbpjpy,9,0.7777777777777778,3.5,0.5555555555555556
adx20_w1_bull,40,75,48,0.5,oos,usdjpy,14,0.6428571428571429,2.25,0.35714285714285715
adx20_w1_bull,40,75,48,0.5,oos,eurjpy,10,0.8,4.0,0.6
adx20_w1_bull,40,75,48,0.5,oos,gbpjpy,12,0.8333333333333334,5.0,0.6666666666666666
adx20_w1_bull,40,75,48,1.0,validation,usdjpy,8,0.75,3.0,0.5
adx20_w1_bull,40,75,48,1.0,validation,eurjpy,14,0.7857142857142857,3.6666666666666665,0.5714285714285714
adx20_w1_bull,40,75,48,1.0,validation,gbpjpy,9,0.7777777777777778,3.5,0.5555555555555556
adx20_w1_bull,40,75,48,1.0,oos,usdjpy,14,0.6428571428571429,2.25,0.35714285714285715
adx20_w1_bull,40,75,48,1.0,oos,eurjpy,10,0.8,4.0,0.6
adx20_w1_bull,40,75,48,1.0,oos,gbpjpy,12,0.8333333333333334,5.0,0.6666666666666666
adx20_w1_bull,40,75,48,2.0,validation,usdjpy,8,0.75,3.0,0.5
adx20_w1_bull,40,75,48,2.0,validation,eurjpy,14,0.7142857142857143,2.5,0.42857142857142855
adx20_w1_bull,40,75,48,2.0,validation,gbpjpy,9,0.7777777777777778,3.5,0.5555555555555556
adx20_w1_bull,40,75,48,2.0,oos,usdjpy,14,0.6428571428571429,2.25,0.35714285714285715
adx20_w1_bull,40,75,48,2.0,oos,eurjpy,10,0.8,4.0,0.6
adx20_w1_bull,40,75,48,2.0,oos,gbpjpy,12,0.8333333333333334,5.0,0.6666666666666666
adx20_w1_bull,40,75,48,3.0,validation,usdjpy,8,0.75,3.0,0.5
adx20_w1_bull,40,75,48,3.0,validation,eurjpy,14,0.7142857142857143,2.5,0.42857142857142855
adx20_w1_bull,40,75,48,3.0,validation,gbpjpy,9,0.7777777777777778,3.5,0.5555555555555556
adx20_w1_bull,40,75,48,3.0,oos,usdjpy,14,0.6428571428571429,2.25,0.35714285714285715
adx20_w1_bull,40,75,48,3.0,oos,eurjpy,10,0.8,4.0,0.6
adx20_w1_bull,40,75,48,3.0,oos,gbpjpy,12,0.8333333333333334,5.0,0.6666666666666666
adx20_w1_bull,40,75,48,5.0,validation,usdjpy,8,0.75,3.0,0.5
adx20_w1_bull,40,75,48,5.0,validation,eurjpy,14,0.7142857142857143,2.5,0.42857142857142855
adx20_w1_bull,40,75,48,5.0,validation,gbpjpy,9,0.7777777777777778,3.5,0.5555555555555556
adx20_w1_bull,40,75,48,5.0,oos,usdjpy,14,0.6428571428571429,2.25,0.35714285714285715
adx20_w1_bull,40,75,48,5.0,oos,eurjpy,10,0.8,4.0,0.6
adx20_w1_bull,40,75,48,5.0,oos,gbpjpy,12,0.75,4.5,0.5833333333333334
adx20_w1_bull,40,90,48,0.5,validation,usdjpy,8,0.75,3.0,0.5
adx20_w1_bull,40,90,48,0.5,validation,eurjpy,14,0.7857142857142857,3.6666666666666665,0.5714285714285714
adx20_w1_bull,40,90,48,0.5,validation,gbpjpy,9,0.8888888888888888,8.0,0.7777777777777778
adx20_w1_bull,40,90,48,0.5,oos,usdjpy,14,0.6428571428571429,2.25,0.35714285714285715
adx20_w1_bull,40,90,48,0.5,oos,eurjpy,10,0.9,9.0,0.8
adx20_w1_bull,40,90,48,0.5,oos,gbpjpy,12,0.8333333333333334,5.0,0.6666666666666666
adx20_w1_bull,40,90,48,1.0,validation,usdjpy,8,0.75,3.0,0.5
adx20_w1_bull,40,90,48,1.0,validation,eurjpy,14,0.7857142857142857,3.6666666666666665,0.5714285714285714
adx20_w1_bull,40,90,48,1.0,validation,gbpjpy,9,0.8888888888888888,8.0,0.7777777777777778
adx20_w1_bull,40,90,48,1.0,oos,usdjpy,14,0.6428571428571429,2.25,0.35714285714285715
adx20_w1_bull,40,90,48,1.0,oos,eurjpy,10,0.9,9.0,0.8
adx20_w1_bull,40,90,48,1.0,oos,gbpjpy,12,0.8333333333333334,5.0,0.6666666666666666
adx20_w1_bull,40,90,48,2.0,validation,usdjpy,8,0.75,3.0,0.5
adx20_w1_bull,40,90,48,2.0,validation,eurjpy,14,0.7142857142857143,2.5,0.42857142857142855
adx20_w1_bull,40,90,48,2.0,validation,gbpjpy,9,0.8888888888888888,8.0,0.7777777777777778
adx20_w1_bull,40,90,48,2.0,oos,usdjpy,14,0.6428571428571429,2.25,0.35714285714285715
adx20_w1_bull,40,90,48,2.0,oos,eurjpy,10,0.9,9.0,0.8
adx20_w1_bull,40,90,48,2.0,oos,gbpjpy,12,0.9166666666666666,11.0,0.8333333333333334
adx20_w1_bull,40,90,48,3.0,validation,usdjpy,8,0.75,3.0,0.5
adx20_w1_bull,40,90,48,3.0,validation,eurjpy,14,0.7142857142857143,2.5,0.42857142857142855
adx20_w1_bull,40,90,48,3.0,validation,gbpjpy,9,0.8888888888888888,8.0,0.7777777777777778
adx20_w1_bull,40,90,48,3.0,oos,usdjpy,14,0.6428571428571429,2.25,0.35714285714285715
adx20_w1_bull,40,90,48,3.0,oos,eurjpy,10,1.0,inf,1.0
adx20_w1_bull,40,90,48,3.0,oos,gbpjpy,12,0.9166666666666666,11.0,0.8333333333333334
adx20_w1_bull,40,90,48,5.0,validation,usdjpy,8,0.75,3.0,0.5
adx20_w1_bull,40,90,48,5.0,validation,eurjpy,14,0.7142857142857143,2.5,0.42857142857142855
adx20_w1_bull,40,90,48,5.0,validation,gbpjpy,9,0.8888888888888888,8.0,0.7777777777777778
adx20_w1_bull,40,90,48,5.0,oos,usdjpy,14,0.6428571428571429,2.25,0.35714285714285715
adx20_w1_bull,40,90,48,5.0,oos,eurjpy,10,1.0,inf,1.0
adx20_w1_bull,40,90,48,5.0,oos,gbpjpy,12,0.8333333333333334,10.0,0.75
adx20_w1_bull,40,100,48,0.5,validation,usdjpy,8,0.75,3.0,0.5
adx20_w1_bull,40,100,48,0.5,validation,eurjpy,14,0.8571428571428571,6.0,0.7142857142857143
adx20_w1_bull,40,100,48,0.5,validation,gbpjpy,9,0.8888888888888888,8.0,0.7777777777777778
adx20_w1_bull,40,100,48,0.5,oos,usdjpy,14,0.6428571428571429,2.25,0.35714285714285715
adx20_w1_bull,40,100,48,0.5,oos,eurjpy,10,1.0,inf,1.0
adx20_w1_bull,40,100,48,0.5,oos,gbpjpy,12,1.0,inf,1.0
adx20_w1_bull,40,100,48,1.0,validation,usdjpy,8,0.75,3.0,0.5
adx20_w1_bull,40,100,48,1.0,validation,eurjpy,14,0.8571428571428571,6.0,0.7142857142857143
adx20_w1_bull,40,100,48,1.0,validation,gbpjpy,9,0.8888888888888888,8.0,0.7777777777777778
adx20_w1_bull,40,100,48,1.0,oos,usdjpy,14,0.6428571428571429,2.25,0.35714285714285715
adx20_w1_bull,40,100,48,1.0,oos,eurjpy,10,1.0,inf,1.0
adx20_w1_bull,40,100,48,1.0,oos,gbpjpy,12,1.0,inf,1.0
adx20_w1_bull,40,100,48,2.0,validation,usdjpy,8,0.75,3.0,0.5
adx20_w1_bull,40,100,48,2.0,validation,eurjpy,14,0.7857142857142857,3.6666666666666665,0.5714285714285714
adx20_w1_bull,40,100,48,2.0,validation,gbpjpy,9,0.8888888888888888,8.0,0.7777777777777778
adx20_w1_bull,40,100,48,2.0,oos,usdjpy,14,0.6428571428571429,2.25,0.35714285714285715
adx20_w1_bull,40,100,48,2.0,oos,eurjpy,10,1.0,inf,1.0
adx20_w1_bull,40,100,48,2.0,oos,gbpjpy,12,1.0,inf,1.0
adx20_w1_bull,40,100,48,3.0,validation,usdjpy,8,0.75,3.0,0.5
adx20_w1_bull,40,100,48,3.0,validation,eurjpy,14,0.7857142857142857,3.6666666666666665,0.5714285714285714
adx20_w1_bull,40,100,48,3.0,validation,gbpjpy,9,0.8888888888888888,8.0,0.7777777777777778
adx20_w1_bull,40,100,48,3.0,oos,usdjpy,14,0.6428571428571429,2.25,0.35714285714285715
adx20_w1_bull,40,100,48,3.0,oos,eurjpy,10,1.0,inf,1.0
adx20_w1_bull,40,100,48,3.0,oos,gbpjpy,12,1.0,inf,1.0
adx20_w1_bull,40,100,48,5.0,validation,usdjpy,8,0.75,3.0,0.5
adx20_w1_bull,40,100,48,5.0,validation,eurjpy,14,0.7857142857142857,3.6666666666666665,0.5714285714285714
adx20_w1_bull,40,100,48,5.0,validation,gbpjpy,9,0.8888888888888888,8.0,0.7777777777777778
adx20_w1_bull,40,100,48,5.0,oos,usdjpy,14,0.6428571428571429,2.25,0.35714285714285715
adx20_w1_bull,40,100,48,5.0,oos,eurjpy,10,1.0,inf,1.0
adx20_w1_bull,40,100,48,5.0,oos,gbpjpy,12,0.9166666666666666,inf,0.9166666666666666
adx20_w1_bull,50,75,48,0.5,validation,usdjpy,8,0.625,1.6666666666666667,0.25
adx20_w1_bull,50,75,48,0.5,validation,eurjpy,14,0.6428571428571429,1.8,0.2857142857142857
adx20_w1_bull,50,75,48,0.5,validation,gbpjpy,9,0.7777777777777778,3.5,0.5555555555555556
adx20_w1_bull,50,75,48,0.5,oos,usdjpy,14,0.6428571428571429,2.25,0.35714285714285715
adx20_w1_bull,50,75,48,0.5,oos,eurjpy,10,0.8,4.0,0.6
adx20_w1_bull,50,75,48,0.5,oos,gbpjpy,12,0.75,4.5,0.5833333333333334
adx20_w1_bull,50,75,48,1.0,validation,usdjpy,8,0.625,1.6666666666666667,0.25
adx20_w1_bull,50,75,48,1.0,validation,eurjpy,14,0.5714285714285714,1.3333333333333333,0.14285714285714285
adx20_w1_bull,50,75,48,1.0,validation,gbpjpy,9,0.7777777777777778,3.5,0.5555555555555556
adx20_w1_bull,50,75,48,1.0,oos,usdjpy,14,0.6428571428571429,2.25,0.35714285714285715
adx20_w1_bull,50,75,48,1.0,oos,eurjpy,10,0.8,4.0,0.6
adx20_w1_bull,50,75,48,1.0,oos,gbpjpy,12,0.75,4.5,0.5833333333333334
adx20_w1_bull,50,75,48,2.0,validation,usdjpy,8,0.625,1.6666666666666667,0.25
adx20_w1_bull,50,75,48,2.0,validation,eurjpy,14,0.5714285714285714,1.3333333333333333,0.14285714285714285
adx20_w1_bull,50,75,48,2.0,validation,gbpjpy,9,0.6666666666666666,2.0,0.3333333333333333
adx20_w1_bull,50,75,48,2.0,oos,usdjpy,14,0.6428571428571429,2.25,0.35714285714285715
adx20_w1_bull,50,75,48,2.0,oos,eurjpy,10,0.8,4.0,0.6
adx20_w1_bull,50,75,48,2.0,oos,gbpjpy,12,0.75,4.5,0.5833333333333334
adx20_w1_bull,50,75,48,3.0,validation,usdjpy,8,0.625,1.6666666666666667,0.25
adx20_w1_bull,50,75,48,3.0,validation,eurjpy,14,0.5714285714285714,1.3333333333333333,0.14285714285714285
adx20_w1_bull,50,75,48,3.0,validation,gbpjpy,9,0.6666666666666666,2.0,0.3333333333333333
adx20_w1_bull,50,75,48,3.0,oos,usdjpy,14,0.6428571428571429,2.25,0.35714285714285715
adx20_w1_bull,50,75,48,3.0,oos,eurjpy,10,0.8,4.0,0.6
adx20_w1_bull,50,75,48,3.0,oos,gbpjpy,12,0.75,4.5,0.5833333333333334
adx20_w1_bull,50,75,48,5.0,validation,usdjpy,8,0.625,1.6666666666666667,0.25
adx20_w1_bull,50,75,48,5.0,validation,eurjpy,14,0.5,1.0,0.0
adx20_w1_bull,50,75,48,5.0,validation,gbpjpy,9,0.6666666666666666,2.0,0.3333333333333333
adx20_w1_bull,50,75,48,5.0,oos,usdjpy,14,0.6428571428571429,2.25,0.35714285714285715
adx20_w1_bull,50,75,48,5.0,oos,eurjpy,10,0.8,4.0,0.6
adx20_w1_bull,50,75,48,5.0,oos,gbpjpy,12,0.75,4.5,0.5833333333333334
adx20_w1_bull,50,100,48,0.5,validation,usdjpy,8,0.625,1.6666666666666667,0.25
adx20_w1_bull,50,100,48,0.5,validation,eurjpy,14,0.7142857142857143,2.5,0.42857142857142855
adx20_w1_bull,50,100,48,0.5,validation,gbpjpy,9,0.8888888888888888,8.0,0.7777777777777778
adx20_w1_bull,50,100,48,0.5,oos,usdjpy,14,0.6428571428571429,2.25,0.35714285714285715
adx20_w1_bull,50,100,48,0.5,oos,eurjpy,10,1.0,inf,1.0
adx20_w1_bull,50,100,48,0.5,oos,gbpjpy,12,0.9166666666666666,inf,0.9166666666666666
adx20_w1_bull,50,100,48,1.0,validation,usdjpy,8,0.625,1.6666666666666667,0.25
adx20_w1_bull,50,100,48,1.0,validation,eurjpy,14,0.6428571428571429,2.25,0.35714285714285715
adx20_w1_bull,50,100,48,1.0,validation,gbpjpy,9,0.8888888888888888,8.0,0.7777777777777778
adx20_w1_bull,50,100,48,1.0,oos,usdjpy,14,0.6428571428571429,2.25,0.35714285714285715
adx20_w1_bull,50,100,48,1.0,oos,eurjpy,10,1.0,inf,1.0
adx20_w1_bull,50,100,48,1.0,oos,gbpjpy,12,0.9166666666666666,inf,0.9166666666666666
adx20_w1_bull,50,100,48,2.0,validation,usdjpy,8,0.625,1.6666666666666667,0.25
adx20_w1_bull,50,100,48,2.0,validation,eurjpy,14,0.6428571428571429,2.25,0.35714285714285715
adx20_w1_bull,50,100,48,2.0,validation,gbpjpy,9,0.7777777777777778,3.5,0.5555555555555556
adx20_w1_bull,50,100,48,2.0,oos,usdjpy,14,0.6428571428571429,2.25,0.35714285714285715
adx20_w1_bull,50,100,48,2.0,oos,eurjpy,10,1.0,inf,1.0
adx20_w1_bull,50,100,48,2.0,oos,gbpjpy,12,0.9166666666666666,inf,0.9166666666666666
adx20_w1_bull,50,100,48,3.0,validation,usdjpy,8,0.625,1.6666666666666667,0.25
adx20_w1_bull,50,100,48,3.0,validation,eurjpy,14,0.6428571428571429,2.25,0.35714285714285715
adx20_w1_bull,50,100,48,3.0,validation,gbpjpy,9,0.7777777777777778,3.5,0.5555555555555556
adx20_w1_bull,50,100,48,3.0,oos,usdjpy,14,0.6428571428571429,2.25,0.35714285714285715
adx20_w1_bull,50,100,48,3.0,oos,eurjpy,10,1.0,inf,1.0
adx20_w1_bull,50,100,48,3.0,oos,gbpjpy,12,0.9166666666666666,inf,0.9166666666666666
adx20_w1_bull,50,100,48,5.0,validation,usdjpy,8,0.625,1.6666666666666667,0.25
adx20_w1_bull,50,100,48,5.0,validation,eurjpy,14,0.5714285714285714,2.0,0.2857142857142857
adx20_w1_bull,50,100,48,5.0,validation,gbpjpy,9,0.7777777777777778,3.5,0.5555555555555556
adx20_w1_bull,50,100,48,5.0,oos,usdjpy,14,0.6428571428571429,2.25,0.35714285714285715
adx20_w1_bull,50,100,48,5.0,oos,eurjpy,10,1.0,inf,1.0
adx20_w1_bull,50,100,48,5.0,oos,gbpjpy,12,0.9166666666666666,inf,0.9166666666666666
macd_pos_rsi_up6,40,75,48,0.5,validation,usdjpy,26,0.6538461538461539,1.8888888888888888,0.3076923076923077
macd_pos_rsi_up6,40,75,48,0.5,validation,eurjpy,26,0.6923076923076923,2.5714285714285716,0.4230769230769231
macd_pos_rsi_up6,40,75,48,0.5,validation,gbpjpy,26,0.6153846153846154,1.6,0.23076923076923078
macd_pos_rsi_up6,40,75,48,0.5,oos,usdjpy,26,0.8076923076923077,7.0,0.6923076923076923
macd_pos_rsi_up6,40,75,48,0.5,oos,eurjpy,21,0.8571428571428571,6.0,0.7142857142857143
macd_pos_rsi_up6,40,75,48,0.5,oos,gbpjpy,20,0.65,2.1666666666666665,0.35
macd_pos_rsi_up6,40,75,48,1.0,validation,usdjpy,26,0.6538461538461539,1.8888888888888888,0.3076923076923077
macd_pos_rsi_up6,40,75,48,1.0,validation,eurjpy,26,0.6923076923076923,2.5714285714285716,0.4230769230769231
macd_pos_rsi_up6,40,75,48,1.0,validation,gbpjpy,26,0.5769230769230769,1.3636363636363635,0.15384615384615385
macd_pos_rsi_up6,40,75,48,1.0,oos,usdjpy,26,0.8076923076923077,7.0,0.6923076923076923
macd_pos_rsi_up6,40,75,48,1.0,oos,eurjpy,21,0.8571428571428571,6.0,0.7142857142857143
macd_pos_rsi_up6,40,75,48,1.0,oos,gbpjpy,20,0.65,2.1666666666666665,0.35
macd_pos_rsi_up6,40,75,48,2.0,validation,usdjpy,26,0.6538461538461539,1.8888888888888888,0.3076923076923077
macd_pos_rsi_up6,40,75,48,2.0,validation,eurjpy,26,0.6923076923076923,2.5714285714285716,0.4230769230769231
macd_pos_rsi_up6,40,75,48,2.0,validation,gbpjpy,26,0.5769230769230769,1.3636363636363635,0.15384615384615385
macd_pos_rsi_up6,40,75,48,2.0,oos,usdjpy,26,0.8076923076923077,7.0,0.6923076923076923
macd_pos_rsi_up6,40,75,48,2.0,oos,eurjpy,21,0.8095238095238095,4.25,0.6190476190476191
macd_pos_rsi_up6,40,75,48,2.0,oos,gbpjpy,20,0.65,2.1666666666666665,0.35
macd_pos_rsi_up6,40,75,48,3.0,validation,usdjpy,26,0.6538461538461539,1.8888888888888888,0.3076923076923077
macd_pos_rsi_up6,40,75,48,3.0,validation,eurjpy,26,0.6923076923076923,2.5714285714285716,0.4230769230769231
macd_pos_rsi_up6,40,75,48,3.0,validation,gbpjpy,26,0.5769230769230769,1.3636363636363635,0.15384615384615385
macd_pos_rsi_up6,40,75,48,3.0,oos,usdjpy,26,0.8076923076923077,7.0,0.6923076923076923
macd_pos_rsi_up6,40,75,48,3.0,oos,eurjpy,21,0.8095238095238095,4.25,0.6190476190476191
macd_pos_rsi_up6,40,75,48,3.0,oos,gbpjpy,20,0.65,2.1666666666666665,0.35
macd_pos_rsi_up6,40,75,48,5.0,validation,usdjpy,26,0.6538461538461539,1.8888888888888888,0.3076923076923077
macd_pos_rsi_up6,40,75,48,5.0,validation,eurjpy,26,0.6923076923076923,2.5714285714285716,0.4230769230769231
macd_pos_rsi_up6,40,75,48,5.0,validation,gbpjpy,26,0.5769230769230769,1.3636363636363635,0.15384615384615385
macd_pos_rsi_up6,40,75,48,5.0,oos,usdjpy,26,0.8076923076923077,7.0,0.6923076923076923
macd_pos_rsi_up6,40,75,48,5.0,oos,eurjpy,21,0.8095238095238095,4.25,0.6190476190476191
macd_pos_rsi_up6,40,75,48,5.0,oos,gbpjpy,20,0.6,2.0,0.3
macd_pos_rsi_up6,40,90,48,0.5,validation,usdjpy,26,0.6538461538461539,1.8888888888888888,0.3076923076923077
macd_pos_rsi_up6,40,90,48,0.5,validation,eurjpy,26,0.7307692307692307,3.8,0.5384615384615384
macd_pos_rsi_up6,40,90,48,0.5,validation,gbpjpy,26,0.6923076923076923,2.25,0.38461538461538464
macd_pos_rsi_up6,40,90,48,0.5,oos,usdjpy,26,0.8076923076923077,10.5,0.7307692307692307
macd_pos_rsi_up6,40,90,48,0.5,oos,eurjpy,21,0.9523809523809523,20.0,0.9047619047619048
macd_pos_rsi_up6,40,90,48,0.5,oos,gbpjpy,20,0.65,2.1666666666666665,0.35
macd_pos_rsi_up6,40,90,48,1.0,validation,usdjpy,26,0.6538461538461539,1.8888888888888888,0.3076923076923077
macd_pos_rsi_up6,40,90,48,1.0,validation,eurjpy,26,0.6923076923076923,3.0,0.46153846153846156
macd_pos_rsi_up6,40,90,48,1.0,validation,gbpjpy,26,0.6538461538461539,1.8888888888888888,0.3076923076923077
macd_pos_rsi_up6,40,90,48,1.0,oos,usdjpy,26,0.8076923076923077,10.5,0.7307692307692307
macd_pos_rsi_up6,40,90,48,1.0,oos,eurjpy,21,1.0,inf,1.0
macd_pos_rsi_up6,40,90,48,1.0,oos,gbpjpy,20,0.65,2.1666666666666665,0.35
macd_pos_rsi_up6,40,90,48,2.0,validation,usdjpy,26,0.6538461538461539,1.8888888888888888,0.3076923076923077
macd_pos_rsi_up6,40,90,48,2.0,validation,eurjpy,26,0.6923076923076923,3.0,0.46153846153846156
macd_pos_rsi_up6,40,90,48,2.0,validation,gbpjpy,26,0.6538461538461539,1.8888888888888888,0.3076923076923077
macd_pos_rsi_up6,40,90,48,2.0,oos,usdjpy,26,0.8076923076923077,10.5,0.7307692307692307
macd_pos_rsi_up6,40,90,48,2.0,oos,eurjpy,21,0.9523809523809523,20.0,0.9047619047619048
macd_pos_rsi_up6,40,90,48,2.0,oos,gbpjpy,20,0.7,2.8,0.45
macd_pos_rsi_up6,40,90,48,3.0,validation,usdjpy,26,0.6538461538461539,1.8888888888888888,0.3076923076923077
macd_pos_rsi_up6,40,90,48,3.0,validation,eurjpy,26,0.6923076923076923,3.0,0.46153846153846156
macd_pos_rsi_up6,40,90,48,3.0,validation,gbpjpy,26,0.6538461538461539,1.8888888888888888,0.3076923076923077
macd_pos_rsi_up6,40,90,48,3.0,oos,usdjpy,26,0.8076923076923077,10.5,0.7307692307692307
macd_pos_rsi_up6,40,90,48,3.0,oos,eurjpy,21,0.9523809523809523,20.0,0.9047619047619048
macd_pos_rsi_up6,40,90,48,3.0,oos,gbpjpy,20,0.7,2.8,0.45
macd_pos_rsi_up6,40,90,48,5.0,validation,usdjpy,26,0.6923076923076923,2.25,0.38461538461538464
macd_pos_rsi_up6,40,90,48,5.0,validation,eurjpy,26,0.7307692307692307,3.8,0.5384615384615384
macd_pos_rsi_up6,40,90,48,5.0,validation,gbpjpy,26,0.6153846153846154,1.7777777777777777,0.2692307692307692
macd_pos_rsi_up6,40,90,48,5.0,oos,usdjpy,26,0.8076923076923077,10.5,0.7307692307692307
macd_pos_rsi_up6,40,90,48,5.0,oos,eurjpy,21,0.9523809523809523,20.0,0.9047619047619048
macd_pos_rsi_up6,40,90,48,5.0,oos,gbpjpy,20,0.65,2.6,0.4
macd_pos_rsi_up6,40,100,48,0.5,validation,usdjpy,26,0.6923076923076923,2.25,0.38461538461538464
macd_pos_rsi_up6,40,100,48,0.5,validation,eurjpy,26,0.7307692307692307,3.8,0.5384615384615384
macd_pos_rsi_up6,40,100,48,0.5,validation,gbpjpy,26,0.7307692307692307,2.7142857142857144,0.46153846153846156
macd_pos_rsi_up6,40,100,48,0.5,oos,usdjpy,26,0.8076923076923077,10.5,0.7307692307692307
macd_pos_rsi_up6,40,100,48,0.5,oos,eurjpy,21,1.0,inf,1.0
macd_pos_rsi_up6,40,100,48,0.5,oos,gbpjpy,20,0.75,3.75,0.55
macd_pos_rsi_up6,40,100,48,1.0,validation,usdjpy,26,0.6923076923076923,2.25,0.38461538461538464
macd_pos_rsi_up6,40,100,48,1.0,validation,eurjpy,26,0.7307692307692307,3.8,0.5384615384615384
macd_pos_rsi_up6,40,100,48,1.0,validation,gbpjpy,26,0.6923076923076923,2.25,0.38461538461538464
macd_pos_rsi_up6,40,100,48,1.0,oos,usdjpy,26,0.8076923076923077,10.5,0.7307692307692307
macd_pos_rsi_up6,40,100,48,1.0,oos,eurjpy,21,1.0,inf,1.0
macd_pos_rsi_up6,40,100,48,1.0,oos,gbpjpy,20,0.75,3.75,0.55
macd_pos_rsi_up6,40,100,48,2.0,validation,usdjpy,26,0.6923076923076923,2.25,0.38461538461538464
macd_pos_rsi_up6,40,100,48,2.0,validation,eurjpy,26,0.7307692307692307,3.8,0.5384615384615384
macd_pos_rsi_up6,40,100,48,2.0,validation,gbpjpy,26,0.6923076923076923,2.25,0.38461538461538464
macd_pos_rsi_up6,40,100,48,2.0,oos,usdjpy,26,0.8076923076923077,10.5,0.7307692307692307
macd_pos_rsi_up6,40,100,48,2.0,oos,eurjpy,21,0.9523809523809523,20.0,0.9047619047619048
macd_pos_rsi_up6,40,100,48,2.0,oos,gbpjpy,20,0.75,3.75,0.55
macd_pos_rsi_up6,40,100,48,3.0,validation,usdjpy,26,0.6923076923076923,2.25,0.38461538461538464
macd_pos_rsi_up6,40,100,48,3.0,validation,eurjpy,26,0.7307692307692307,3.8,0.5384615384615384
macd_pos_rsi_up6,40,100,48,3.0,validation,gbpjpy,26,0.7307692307692307,2.7142857142857144,0.46153846153846156
macd_pos_rsi_up6,40,100,48,3.0,oos,usdjpy,26,0.8076923076923077,10.5,0.7307692307692307
macd_pos_rsi_up6,40,100,48,3.0,oos,eurjpy,21,0.9523809523809523,20.0,0.9047619047619048
macd_pos_rsi_up6,40,100,48,3.0,oos,gbpjpy,20,0.75,3.75,0.55
macd_pos_rsi_up6,40,100,48,5.0,validation,usdjpy,26,0.6923076923076923,2.25,0.38461538461538464
macd_pos_rsi_up6,40,100,48,5.0,validation,eurjpy,26,0.7307692307692307,3.8,0.5384615384615384
macd_pos_rsi_up6,40,100,48,5.0,validation,gbpjpy,26,0.6923076923076923,2.5714285714285716,0.4230769230769231
macd_pos_rsi_up6,40,100,48,5.0,oos,usdjpy,26,0.8076923076923077,10.5,0.7307692307692307
macd_pos_rsi_up6,40,100,48,5.0,oos,eurjpy,21,0.9523809523809523,20.0,0.9047619047619048
macd_pos_rsi_up6,40,100,48,5.0,oos,gbpjpy,20,0.7,3.5,0.5
macd_pos_rsi_up6,50,75,48,0.5,validation,usdjpy,26,0.6538461538461539,1.8888888888888888,0.3076923076923077
macd_pos_rsi_up6,50,75,48,0.5,validation,eurjpy,26,0.6153846153846154,1.7777777777777777,0.2692307692307692
macd_pos_rsi_up6,50,75,48,0.5,validation,gbpjpy,26,0.5,1.0,0.0
macd_pos_rsi_up6,50,75,48,0.5,oos,usdjpy,26,0.7692307692307693,6.666666666666667,0.6538461538461539
macd_pos_rsi_up6,50,75,48,0.5,oos,eurjpy,21,0.7142857142857143,3.0,0.47619047619047616
macd_pos_rsi_up6,50,75,48,0.5,oos,gbpjpy,20,0.6,2.0,0.3
macd_pos_rsi_up6,50,75,48,1.0,validation,usdjpy,26,0.6538461538461539,1.8888888888888888,0.3076923076923077
macd_pos_rsi_up6,50,75,48,1.0,validation,eurjpy,26,0.6153846153846154,1.7777777777777777,0.2692307692307692
macd_pos_rsi_up6,50,75,48,1.0,validation,gbpjpy,26,0.5,1.0,0.0
macd_pos_rsi_up6,50,75,48,1.0,oos,usdjpy,26,0.7692307692307693,6.666666666666667,0.6538461538461539
macd_pos_rsi_up6,50,75,48,1.0,oos,eurjpy,21,0.7142857142857143,3.0,0.47619047619047616
macd_pos_rsi_up6,50,75,48,1.0,oos,gbpjpy,20,0.6,2.0,0.3
macd_pos_rsi_up6,50,75,48,2.0,validation,usdjpy,26,0.6538461538461539,1.8888888888888888,0.3076923076923077
macd_pos_rsi_up6,50,75,48,2.0,validation,eurjpy,26,0.6153846153846154,1.7777777777777777,0.2692307692307692
macd_pos_rsi_up6,50,75,48,2.0,validation,gbpjpy,26,0.5,1.0,0.0
macd_pos_rsi_up6,50,75,48,2.0,oos,usdjpy,26,0.7692307692307693,6.666666666666667,0.6538461538461539
macd_pos_rsi_up6,50,75,48,2.0,oos,eurjpy,21,0.6190476190476191,2.6,0.38095238095238093
macd_pos_rsi_up6,50,75,48,2.0,oos,gbpjpy,20,0.6,2.0,0.3
macd_pos_rsi_up6,50,75,48,3.0,validation,usdjpy,26,0.6538461538461539,1.8888888888888888,0.3076923076923077
macd_pos_rsi_up6,50,75,48,3.0,validation,eurjpy,26,0.6153846153846154,1.7777777777777777,0.2692307692307692
macd_pos_rsi_up6,50,75,48,3.0,validation,gbpjpy,26,0.5,1.0,0.0
macd_pos_rsi_up6,50,75,48,3.0,oos,usdjpy,26,0.7307692307692307,6.333333333333333,0.6153846153846154
macd_pos_rsi_up6,50,75,48,3.0,oos,eurjpy,21,0.6190476190476191,2.6,0.38095238095238093
macd_pos_rsi_up6,50,75,48,3.0,oos,gbpjpy,20,0.6,2.0,0.3
macd_pos_rsi_up6,50,75,48,5.0,validation,usdjpy,26,0.5769230769230769,1.3636363636363635,0.15384615384615385
macd_pos_rsi_up6,50,75,48,5.0,validation,eurjpy,26,0.5769230769230769,1.5,0.19230769230769232
macd_pos_rsi_up6,50,75,48,5.0,validation,gbpjpy,26,0.5,1.0,0.0
macd_pos_rsi_up6,50,75,48,5.0,oos,usdjpy,26,0.6923076923076923,4.5,0.5384615384615384
macd_pos_rsi_up6,50,75,48,5.0,oos,eurjpy,21,0.6190476190476191,2.6,0.38095238095238093
macd_pos_rsi_up6,50,75,48,5.0,oos,gbpjpy,20,0.6,2.0,0.3
macd_pos_rsi_up6,50,100,48,0.5,validation,usdjpy,26,0.6923076923076923,2.25,0.38461538461538464
macd_pos_rsi_up6,50,100,48,0.5,validation,eurjpy,26,0.6538461538461539,2.4285714285714284,0.38461538461538464
macd_pos_rsi_up6,50,100,48,0.5,validation,gbpjpy,26,0.5769230769230769,1.5,0.19230769230769232
macd_pos_rsi_up6,50,100,48,0.5,oos,usdjpy,26,0.7692307692307693,10.0,0.6923076923076923
macd_pos_rsi_up6,50,100,48,0.5,oos,eurjpy,21,0.8571428571428571,18.0,0.8095238095238095
macd_pos_rsi_up6,50,100,48,0.5,oos,gbpjpy,20,0.7,3.5,0.5
macd_pos_rsi_up6,50,100,48,1.0,validation,usdjpy,26,0.6923076923076923,2.25,0.38461538461538464
macd_pos_rsi_up6,50,100,48,1.0,validation,eurjpy,26,0.6538461538461539,2.4285714285714284,0.38461538461538464
macd_pos_rsi_up6,50,100,48,1.0,validation,gbpjpy,26,0.5769230769230769,1.5,0.19230769230769232
macd_pos_rsi_up6,50,100,48,1.0,oos,usdjpy,26,0.7692307692307693,10.0,0.6923076923076923
macd_pos_rsi_up6,50,100,48,1.0,oos,eurjpy,21,0.8571428571428571,18.0,0.8095238095238095
macd_pos_rsi_up6,50,100,48,1.0,oos,gbpjpy,20,0.7,3.5,0.5
macd_pos_rsi_up6,50,100,48,2.0,validation,usdjpy,26,0.6923076923076923,2.25,0.38461538461538464
macd_pos_rsi_up6,50,100,48,2.0,validation,eurjpy,26,0.6538461538461539,2.4285714285714284,0.38461538461538464
macd_pos_rsi_up6,50,100,48,2.0,validation,gbpjpy,26,0.5769230769230769,1.5,0.19230769230769232
macd_pos_rsi_up6,50,100,48,2.0,oos,usdjpy,26,0.7692307692307693,10.0,0.6923076923076923
macd_pos_rsi_up6,50,100,48,2.0,oos,eurjpy,21,0.7619047619047619,16.0,0.7142857142857143
macd_pos_rsi_up6,50,100,48,2.0,oos,gbpjpy,20,0.7,3.5,0.5
macd_pos_rsi_up6,50,100,48,3.0,validation,usdjpy,26,0.6923076923076923,2.25,0.38461538461538464
macd_pos_rsi_up6,50,100,48,3.0,validation,eurjpy,26,0.6538461538461539,2.4285714285714284,0.38461538461538464
macd_pos_rsi_up6,50,100,48,3.0,validation,gbpjpy,26,0.6153846153846154,1.7777777777777777,0.2692307692307692
macd_pos_rsi_up6,50,100,48,3.0,oos,usdjpy,26,0.7307692307692307,9.5,0.6538461538461539
macd_pos_rsi_up6,50,100,48,3.0,oos,eurjpy,21,0.7619047619047619,16.0,0.7142857142857143
macd_pos_rsi_up6,50,100,48,3.0,oos,gbpjpy,20,0.7,3.5,0.5
macd_pos_rsi_up6,50,100,48,5.0,validation,usdjpy,26,0.6153846153846154,1.7777777777777777,0.2692307692307692
macd_pos_rsi_up6,50,100,48,5.0,validation,eurjpy,26,0.6153846153846154,2.2857142857142856,0.34615384615384615
macd_pos_rsi_up6,50,100,48,5.0,validation,gbpjpy,26,0.6153846153846154,1.7777777777777777,0.2692307692307692
macd_pos_rsi_up6,50,100,48,5.0,oos,usdjpy,26,0.6923076923076923,6.0,0.5769230769230769
macd_pos_rsi_up6,50,100,48,5.0,oos,eurjpy,21,0.7619047619047619,16.0,0.7142857142857143
macd_pos_rsi_up6,50,100,48,5.0,oos,gbpjpy,20,0.7,3.5,0.5
base,40,75,48,0.5,validation,usdjpy,34,0.6176470588235294,1.6153846153846154,0.23529411764705882
base,40,75,48,0.5,validation,eurjpy,33,0.696969696969697,2.3,0.3939393939393939
base,40,75,48,0.5,validation,gbpjpy,33,0.6666666666666666,2.0,0.3333333333333333
base,40,75,48,0.5,oos,usdjpy,30,0.7666666666666667,4.6,0.6
base,40,75,48,0.5,oos,eurjpy,27,0.8518518518518519,5.75,0.7037037037037037
base,40,75,48,0.5,oos,gbpjpy,26,0.7692307692307693,3.3333333333333335,0.5384615384615384
base,40,75,48,1.0,validation,usdjpy,34,0.6176470588235294,1.6153846153846154,0.23529411764705882
base,40,75,48,1.0,validation,eurjpy,33,0.696969696969697,2.3,0.3939393939393939
base,40,75,48,1.0,validation,gbpjpy,33,0.6060606060606061,1.5384615384615385,0.21212121212121213
base,40,75,48,1.0,oos,usdjpy,30,0.7666666666666667,4.6,0.6
base,40,75,48,1.0,oos,eurjpy,27,0.8888888888888888,8.0,0.7777777777777778
base,40,75,48,1.0,oos,gbpjpy,26,0.7692307692307693,3.3333333333333335,0.5384615384615384
base,40,75,48,2.0,validation,usdjpy,34,0.6176470588235294,1.6153846153846154,0.23529411764705882
base,40,75,48,2.0,validation,eurjpy,33,0.6666666666666666,2.0,0.3333333333333333
base,40,75,48,2.0,validation,gbpjpy,33,0.6060606060606061,1.5384615384615385,0.21212121212121213
base,40,75,48,2.0,oos,usdjpy,30,0.7666666666666667,4.6,0.6
base,40,75,48,2.0,oos,eurjpy,27,0.8518518518518519,5.75,0.7037037037037037
base,40,75,48,2.0,oos,gbpjpy,26,0.7692307692307693,3.3333333333333335,0.5384615384615384
base,40,75,48,3.0,validation,usdjpy,34,0.6470588235294118,1.8333333333333333,0.29411764705882354
base,40,75,48,3.0,validation,eurjpy,33,0.6666666666666666,2.0,0.3333333333333333
base,40,75,48,3.0,validation,gbpjpy,33,0.6060606060606061,1.5384615384615385,0.21212121212121213
base,40,75,48,3.0,oos,usdjpy,30,0.7666666666666667,4.6,0.6
base,40,75,48,3.0,oos,eurjpy,27,0.8518518518518519,5.75,0.7037037037037037
base,40,75,48,3.0,oos,gbpjpy,26,0.7692307692307693,3.3333333333333335,0.5384615384615384
base,40,75,48,5.0,validation,usdjpy,34,0.6470588235294118,1.8333333333333333,0.29411764705882354
base,40,75,48,5.0,validation,eurjpy,33,0.6666666666666666,2.0,0.3333333333333333
base,40,75,48,5.0,validation,gbpjpy,33,0.6060606060606061,1.5384615384615385,0.21212121212121213
base,40,75,48,5.0,oos,usdjpy,30,0.7666666666666667,4.6,0.6
base,40,75,48,5.0,oos,eurjpy,27,0.8518518518518519,5.75,0.7037037037037037
base,40,75,48,5.0,oos,gbpjpy,26,0.7307692307692307,3.1666666666666665,0.5
base,40,90,48,0.5,validation,usdjpy,34,0.6470588235294118,1.8333333333333333,0.29411764705882354
base,40,90,48,0.5,validation,eurjpy,33,0.7272727272727273,2.6666666666666665,0.45454545454545453
base,40,90,48,0.5,validation,gbpjpy,33,0.7878787878787878,3.7142857142857144,0.5757575757575758
base,40,90,48,0.5,oos,usdjpy,30,0.7666666666666667,4.6,0.6
base,40,90,48,0.5,oos,eurjpy,27,0.9259259259259259,12.5,0.8518518518518519
base,40,90,48,0.5,oos,gbpjpy,26,0.7692307692307693,3.3333333333333335,0.5384615384615384
base,40,90,48,1.0,validation,usdjpy,34,0.6470588235294118,1.8333333333333333,0.29411764705882354
base,40,90,48,1.0,validation,eurjpy,33,0.696969696969697,2.3,0.3939393939393939
base,40,90,48,1.0,validation,gbpjpy,33,0.7272727272727273,2.6666666666666665,0.45454545454545453
base,40,90,48,1.0,oos,usdjpy,30,0.7666666666666667,4.6,0.6
base,40,90,48,1.0,oos,eurjpy,27,0.9259259259259259,12.5,0.8518518518518519
base,40,90,48,1.0,oos,gbpjpy,26,0.7692307692307693,3.3333333333333335,0.5384615384615384
base,40,90,48,2.0,validation,usdjpy,34,0.6470588235294118,1.8333333333333333,0.29411764705882354
base,40,90,48,2.0,validation,eurjpy,33,0.6666666666666666,2.0,0.3333333333333333
base,40,90,48,2.0,validation,gbpjpy,33,0.7272727272727273,2.6666666666666665,0.45454545454545453
base,40,90,48,2.0,oos,usdjpy,30,0.7666666666666667,4.6,0.6
base,40,90,48,2.0,oos,eurjpy,27,0.8888888888888888,8.0,0.7777777777777778
base,40,90,48,2.0,oos,gbpjpy,26,0.8461538461538461,5.5,0.6923076923076923
base,40,90,48,3.0,validation,usdjpy,34,0.6470588235294118,1.8333333333333333,0.29411764705882354
base,40,90,48,3.0,validation,eurjpy,33,0.6666666666666666,2.0,0.3333333333333333
base,40,90,48,3.0,validation,gbpjpy,33,0.7272727272727273,2.6666666666666665,0.45454545454545453
base,40,90,48,3.0,oos,usdjpy,30,0.7666666666666667,4.6,0.6
base,40,90,48,3.0,oos,eurjpy,27,0.9259259259259259,12.5,0.8518518518518519
base,40,90,48,3.0,oos,gbpjpy,26,0.8461538461538461,5.5,0.6923076923076923
base,40,90,48,5.0,validation,usdjpy,34,0.6764705882352942,2.090909090909091,0.35294117647058826
base,40,90,48,5.0,validation,eurjpy,33,0.696969696969697,2.3,0.3939393939393939
base,40,90,48,5.0,validation,gbpjpy,33,0.696969696969697,2.5555555555555554,0.42424242424242425
base,40,90,48,5.0,oos,usdjpy,30,0.7666666666666667,4.6,0.6
base,40,90,48,5.0,oos,eurjpy,27,0.9259259259259259,12.5,0.8518518518518519
base,40,90,48,5.0,oos,gbpjpy,26,0.8076923076923077,5.25,0.6538461538461539
base,40,100,48,0.5,validation,usdjpy,34,0.6764705882352942,2.090909090909091,0.35294117647058826
base,40,100,48,0.5,validation,eurjpy,33,0.7272727272727273,2.6666666666666665,0.45454545454545453
base,40,100,48,0.5,validation,gbpjpy,33,0.7878787878787878,3.7142857142857144,0.5757575757575758
base,40,100,48,0.5,oos,usdjpy,30,0.7666666666666667,4.6,0.6
base,40,100,48,0.5,oos,eurjpy,27,0.9629629629629629,26.0,0.9259259259259259
base,40,100,48,0.5,oos,gbpjpy,26,0.8846153846153846,7.666666666666667,0.7692307692307693
base,40,100,48,1.0,validation,usdjpy,34,0.6764705882352942,2.090909090909091,0.35294117647058826
base,40,100,48,1.0,validation,eurjpy,33,0.7272727272727273,2.6666666666666665,0.45454545454545453
base,40,100,48,1.0,validation,gbpjpy,33,0.7575757575757576,3.125,0.5151515151515151
base,40,100,48,1.0,oos,usdjpy,30,0.7666666666666667,4.6,0.6
base,40,100,48,1.0,oos,eurjpy,27,0.9629629629629629,26.0,0.9259259259259259
base,40,100,48,1.0,oos,gbpjpy,26,0.8846153846153846,7.666666666666667,0.7692307692307693
base,40,100,48,2.0,validation,usdjpy,34,0.6764705882352942,2.090909090909091,0.35294117647058826
base,40,100,48,2.0,validation,eurjpy,33,0.696969696969697,2.3,0.3939393939393939
base,40,100,48,2.0,validation,gbpjpy,33,0.7575757575757576,3.125,0.5151515151515151
base,40,100,48,2.0,oos,usdjpy,30,0.7666666666666667,4.6,0.6
base,40,100,48,2.0,oos,eurjpy,27,0.9259259259259259,12.5,0.8518518518518519
base,40,100,48,2.0,oos,gbpjpy,26,0.8846153846153846,7.666666666666667,0.7692307692307693
base,40,100,48,3.0,validation,usdjpy,34,0.6764705882352942,2.090909090909091,0.35294117647058826
base,40,100,48,3.0,validation,eurjpy,33,0.696969696969697,2.3,0.3939393939393939
base,40,100,48,3.0,validation,gbpjpy,33,0.7575757575757576,3.125,0.5151515151515151
base,40,100,48,3.0,oos,usdjpy,30,0.7666666666666667,4.6,0.6
base,40,100,48,3.0,oos,eurjpy,27,0.9259259259259259,12.5,0.8518518518518519
base,40,100,48,3.0,oos,gbpjpy,26,0.8846153846153846,7.666666666666667,0.7692307692307693
base,40,100,48,5.0,validation,usdjpy,34,0.6764705882352942,2.090909090909091,0.35294117647058826
base,40,100,48,5.0,validation,eurjpy,33,0.696969696969697,2.3,0.3939393939393939
base,40,100,48,5.0,validation,gbpjpy,33,0.7272727272727273,3.0,0.48484848484848486
base,40,100,48,5.0,oos,usdjpy,30,0.7666666666666667,5.75,0.6333333333333333
base,40,100,48,5.0,oos,eurjpy,27,0.9259259259259259,12.5,0.8518518518518519
base,40,100,48,5.0,oos,gbpjpy,26,0.8461538461538461,7.333333333333333,0.7307692307692307
base,50,75,48,0.5,validation,usdjpy,34,0.5882352941176471,1.4285714285714286,0.17647058823529413
base,50,75,48,0.5,validation,eurjpy,33,0.6363636363636364,1.75,0.2727272727272727
base,50,75,48,0.5,validation,gbpjpy,33,0.5151515151515151,1.0625,0.030303030303030304
base,50,75,48,0.5,oos,usdjpy,30,0.7333333333333333,4.4,0.5666666666666667
base,50,75,48,0.5,oos,eurjpy,27,0.7777777777777778,3.5,0.5555555555555556
base,50,75,48,0.5,oos,gbpjpy,26,0.7307692307692307,3.1666666666666665,0.5
base,50,75,48,1.0,validation,usdjpy,34,0.5882352941176471,1.4285714285714286,0.17647058823529413
base,50,75,48,1.0,validation,eurjpy,33,0.6060606060606061,1.5384615384615385,0.21212121212121213
base,50,75,48,1.0,validation,gbpjpy,33,0.5151515151515151,1.0625,0.030303030303030304
base,50,75,48,1.0,oos,usdjpy,30,0.7333333333333333,4.4,0.5666666666666667
base,50,75,48,1.0,oos,eurjpy,27,0.8148148148148148,4.4,0.6296296296296297
base,50,75,48,1.0,oos,gbpjpy,26,0.7307692307692307,3.1666666666666665,0.5
base,50,75,48,2.0,validation,usdjpy,34,0.5882352941176471,1.4285714285714286,0.17647058823529413
base,50,75,48,2.0,validation,eurjpy,33,0.6060606060606061,1.5384615384615385,0.21212121212121213
base,50,75,48,2.0,validation,gbpjpy,33,0.48484848484848486,0.9411764705882353,-0.030303030303030304
base,50,75,48,2.0,oos,usdjpy,30,0.7333333333333333,4.4,0.5666666666666667
base,50,75,48,2.0,oos,eurjpy,27,0.7407407407407407,4.0,0.5555555555555556
base,50,75,48,2.0,oos,gbpjpy,26,0.7307692307692307,3.1666666666666665,0.5
base,50,75,48,3.0,validation,usdjpy,34,0.6176470588235294,1.6153846153846154,0.23529411764705882
base,50,75,48,3.0,validation,eurjpy,33,0.6060606060606061,1.5384615384615385,0.21212121212121213
base,50,75,48,3.0,validation,gbpjpy,33,0.48484848484848486,0.9411764705882353,-0.030303030303030304
base,50,75,48,3.0,oos,usdjpy,30,0.7,4.2,0.5333333333333333
base,50,75,48,3.0,oos,eurjpy,27,0.7407407407407407,4.0,0.5555555555555556
base,50,75,48,3.0,oos,gbpjpy,26,0.7307692307692307,3.1666666666666665,0.5
base,50,75,48,5.0,validation,usdjpy,34,0.5882352941176471,1.4285714285714286,0.17647058823529413
base,50,75,48,5.0,validation,eurjpy,33,0.5454545454545454,1.2,0.09090909090909091
base,50,75,48,5.0,validation,gbpjpy,33,0.45454545454545453,0.8333333333333334,-0.09090909090909091
base,50,75,48,5.0,oos,usdjpy,30,0.6666666666666666,3.3333333333333335,0.4666666666666667
base,50,75,48,5.0,oos,eurjpy,27,0.7407407407407407,4.0,0.5555555555555556
base,50,75,48,5.0,oos,gbpjpy,26,0.7307692307692307,3.1666666666666665,0.5
base,50,100,48,0.5,validation,usdjpy,34,0.6470588235294118,1.8333333333333333,0.29411764705882354
base,50,100,48,0.5,validation,eurjpy,33,0.6666666666666666,2.0,0.3333333333333333
base,50,100,48,0.5,validation,gbpjpy,33,0.6363636363636364,1.9090909090909092,0.30303030303030304
base,50,100,48,0.5,oos,usdjpy,30,0.7333333333333333,4.4,0.5666666666666667
base,50,100,48,0.5,oos,eurjpy,27,0.8888888888888888,12.0,0.8148148148148148
base,50,100,48,0.5,oos,gbpjpy,26,0.8461538461538461,7.333333333333333,0.7307692307692307
base,50,100,48,1.0,validation,usdjpy,34,0.6470588235294118,1.8333333333333333,0.29411764705882354
base,50,100,48,1.0,validation,eurjpy,33,0.6363636363636364,1.9090909090909092,0.30303030303030304
base,50,100,48,1.0,validation,gbpjpy,33,0.6363636363636364,1.9090909090909092,0.30303030303030304
base,50,100,48,1.0,oos,usdjpy,30,0.7333333333333333,4.4,0.5666666666666667
base,50,100,48,1.0,oos,eurjpy,27,0.8888888888888888,12.0,0.8148148148148148
base,50,100,48,1.0,oos,gbpjpy,26,0.8461538461538461,7.333333333333333,0.7307692307692307
base,50,100,48,2.0,validation,usdjpy,34,0.6470588235294118,1.8333333333333333,0.29411764705882354
base,50,100,48,2.0,validation,eurjpy,33,0.6363636363636364,1.9090909090909092,0.30303030303030304
base,50,100,48,2.0,validation,gbpjpy,33,0.6060606060606061,1.6666666666666667,0.24242424242424243
base,50,100,48,2.0,oos,usdjpy,30,0.7333333333333333,4.4,0.5666666666666667
base,50,100,48,2.0,oos,eurjpy,27,0.8148148148148148,11.0,0.7407407407407407
base,50,100,48,2.0,oos,gbpjpy,26,0.8461538461538461,7.333333333333333,0.7307692307692307
base,50,100,48,3.0,validation,usdjpy,34,0.6470588235294118,1.8333333333333333,0.29411764705882354
base,50,100,48,3.0,validation,eurjpy,33,0.6363636363636364,1.9090909090909092,0.30303030303030304
base,50,100,48,3.0,validation,gbpjpy,33,0.6060606060606061,1.6666666666666667,0.24242424242424243
base,50,100,48,3.0,oos,usdjpy,30,0.7,4.2,0.5333333333333333
base,50,100,48,3.0,oos,eurjpy,27,0.8148148148148148,11.0,0.7407407407407407
base,50,100,48,3.0,oos,gbpjpy,26,0.8461538461538461,7.333333333333333,0.7307692307692307
base,50,100,48,5.0,validation,usdjpy,34,0.6176470588235294,1.6153846153846154,0.23529411764705882
base,50,100,48,5.0,validation,eurjpy,33,0.5757575757575758,1.5833333333333333,0.21212121212121213
base,50,100,48,5.0,validation,gbpjpy,33,0.5757575757575758,1.4615384615384615,0.18181818181818182
base,50,100,48,5.0,oos,usdjpy,30,0.6666666666666666,4.0,0.5
base,50,100,48,5.0,oos,eurjpy,27,0.8148148148148148,11.0,0.7407407407407407
base,50,100,48,5.0,oos,gbpjpy,26,0.8461538461538461,7.333333333333333,0.7307692307692307
