signals,resolved,win,net_r,expectancy_r,pf,max_dd_r,max_loss_streak,pair,split,tp,sl,horizon,cost_pips
48,38,0.6842105263157895,1.6133333333333326,0.04245614035087717,1.13355408388521,3.7933333333333357,2,usdjpy,discovery,40,75,48,0.5
48,38,0.6842105263157895,1.3599999999999992,0.0357894736842105,1.1118421052631577,3.9200000000000013,2,usdjpy,discovery,40,75,48,1.0
48,38,0.6842105263157895,0.853333333333335,0.02245614035087724,1.069264069264069,4.173333333333332,2,usdjpy,discovery,40,75,48,2.0
48,38,0.6842105263157895,0.3466666666666667,0.00912280701754386,1.0277777777777781,4.426666666666668,2,usdjpy,discovery,40,75,48,3.0
48,38,0.6842105263157895,-0.6666666666666663,-0.017543859649122796,0.9479166666666667,4.933333333333334,2,usdjpy,discovery,40,75,48,5.0
48,37,0.7027027027027027,0.34999999999999964,0.00945945945945945,1.0316423907584125,4.66111111111111,2,usdjpy,discovery,40,90,48,0.5
48,37,0.7027027027027027,0.14444444444444482,0.003903903903903914,1.012987012987013,4.766666666666665,2,usdjpy,discovery,40,90,48,1.0
48,37,0.7027027027027027,-0.2666666666666655,-0.007207207207207175,0.9762845849802373,4.977777777777778,2,usdjpy,discovery,40,90,48,2.0
48,37,0.7027027027027027,-0.6777777777777791,-0.018318318318318354,0.9403714565004888,5.18888888888889,2,usdjpy,discovery,40,90,48,3.0
48,37,0.7027027027027027,-1.5000000000000007,-0.04054054054054056,0.8708133971291867,5.611111111111111,2,usdjpy,discovery,40,90,48,5.0
48,37,0.7297297297297297,0.6150000000000015,0.016621621621621663,1.0611940298507465,3.694999999999999,2,usdjpy,discovery,40,100,48,0.5
48,37,0.7297297297297297,0.4300000000000008,0.011621621621621643,1.0425742574257428,3.7899999999999996,2,usdjpy,discovery,40,100,48,1.0
48,37,0.7297297297297297,0.06000000000000005,0.001621621621621623,1.005882352941177,3.980000000000001,2,usdjpy,discovery,40,100,48,2.0
48,37,0.7297297297297297,-0.30999999999999983,-0.008378378378378374,0.969902912621359,4.17,2,usdjpy,discovery,40,100,48,3.0
48,37,0.7297297297297297,-1.0499999999999998,-0.028378378378378373,0.8999999999999996,4.550000000000001,2,usdjpy,discovery,40,100,48,5.0
48,36,0.6666666666666666,-0.17999999999999827,-0.004999999999999952,0.9850746268656719,5.0699999999999985,3,usdjpy,discovery,50,100,48,0.5
48,36,0.6666666666666666,-0.3600000000000003,-0.010000000000000009,0.9702970297029704,5.14,3,usdjpy,discovery,50,100,48,1.0
48,36,0.6666666666666666,-0.7200000000000006,-0.020000000000000018,0.9411764705882354,5.28,3,usdjpy,discovery,50,100,48,2.0
48,36,0.6666666666666666,-1.080000000000001,-0.030000000000000027,0.9126213592233011,5.420000000000001,3,usdjpy,discovery,50,100,48,3.0
48,36,0.6666666666666666,-1.8000000000000007,-0.05000000000000002,0.857142857142857,5.700000000000001,3,usdjpy,discovery,50,100,48,5.0
21,21,0.7619047619047619,3.3933333333333318,0.1615873015873015,1.6741721854304634,2.0133333333333336,2,usdjpy,validation,40,75,48,0.5
21,21,0.7619047619047619,3.253333333333333,0.1549206349206349,1.6421052631578945,2.0266666666666673,2,usdjpy,validation,40,75,48,1.0
21,21,0.7619047619047619,2.973333333333335,0.14158730158730165,1.5792207792207795,2.053333333333333,2,usdjpy,validation,40,75,48,2.0
21,21,0.7619047619047619,2.6933333333333334,0.12825396825396826,1.5179487179487179,2.08,2,usdjpy,validation,40,75,48,3.0
21,21,0.7619047619047619,2.133333333333334,0.10158730158730163,1.4000000000000001,2.133333333333333,2,usdjpy,validation,40,75,48,5.0
21,21,0.7619047619047619,1.994444444444444,0.09497354497354496,1.3966850828729283,2.011111111111111,2,usdjpy,validation,40,90,48,0.5
21,21,0.7619047619047619,1.8777777777777778,0.08941798941798942,1.3714285714285714,2.022222222222222,2,usdjpy,validation,40,90,48,1.0
21,21,0.7619047619047619,1.6444444444444448,0.07830687830687832,1.3217391304347827,2.0444444444444443,2,usdjpy,validation,40,90,48,2.0
21,21,0.7619047619047619,1.4111111111111099,0.06719576719576714,1.2731182795698923,2.066666666666667,2,usdjpy,validation,40,90,48,3.0
21,21,0.7619047619047619,0.9444444444444442,0.044973544973544964,1.1789473684210527,2.111111111111111,2,usdjpy,validation,40,90,48,5.0
21,21,0.7619047619047619,1.2950000000000008,0.0616666666666667,1.2577114427860698,2.01,2,usdjpy,validation,40,100,48,0.5
21,21,0.7619047619047619,1.1900000000000002,0.05666666666666668,1.2356435643564356,2.02,2,usdjpy,validation,40,100,48,1.0
21,21,0.7619047619047619,0.9800000000000002,0.046666666666666676,1.1921568627450982,2.04,2,usdjpy,validation,40,100,48,2.0
21,21,0.7619047619047619,0.7699999999999998,0.03666666666666666,1.149514563106796,2.06,2,usdjpy,validation,40,100,48,3.0
21,21,0.7619047619047619,0.3499999999999994,0.01666666666666664,1.0666666666666667,2.1,2,usdjpy,validation,40,100,48,5.0
21,21,0.7142857142857143,1.3950000000000007,0.06642857142857146,1.2313432835820899,2.01,2,usdjpy,validation,50,100,48,0.5
21,21,0.7142857142857143,1.29,0.06142857142857143,1.2128712871287133,2.02,2,usdjpy,validation,50,100,48,1.0
21,21,0.7142857142857143,1.0799999999999996,0.051428571428571414,1.1764705882352948,2.04,2,usdjpy,validation,50,100,48,2.0
21,21,0.7142857142857143,0.8699999999999994,0.041428571428571405,1.1407766990291257,2.06,2,usdjpy,validation,50,100,48,3.0
21,21,0.7142857142857143,0.4499999999999996,0.02142857142857141,1.0714285714285716,2.1,2,usdjpy,validation,50,100,48,5.0
17,15,0.8,3.299999999999999,0.21999999999999992,2.092715231788079,2.013333333333333,1,usdjpy,oos,40,75,48,0.5
17,15,0.8,3.1999999999999993,0.2133333333333333,2.0526315789473677,2.026666666666667,1,usdjpy,oos,40,75,48,1.0
17,15,0.8,3.000000000000001,0.20000000000000007,1.9740259740259742,2.0533333333333332,1,usdjpy,oos,40,75,48,2.0
17,15,0.8,2.8,0.18666666666666665,1.8974358974358974,2.08,1,usdjpy,oos,40,75,48,3.0
17,15,0.8,2.4000000000000004,0.16000000000000003,1.75,2.1333333333333333,1,usdjpy,oos,40,75,48,5.0
17,14,0.8571428571428571,3.2555555555555564,0.2325396825396826,2.618784530386741,1.0055555555555555,1,usdjpy,oos,40,90,48,0.5
17,14,0.8571428571428571,3.177777777777779,0.22698412698412707,2.571428571428572,1.011111111111111,1,usdjpy,oos,40,90,48,1.0
17,14,0.8571428571428571,3.022222222222222,0.21587301587301586,2.4782608695652177,1.0222222222222221,1,usdjpy,oos,40,90,48,2.0
17,14,0.8571428571428571,2.8666666666666654,0.20476190476190467,2.387096774193548,1.0333333333333337,1,usdjpy,oos,40,90,48,3.0
17,14,0.8571428571428571,2.5555555555555554,0.18253968253968253,2.210526315789474,1.0555555555555556,1,usdjpy,oos,40,90,48,5.0
17,14,0.8571428571428571,2.7300000000000004,0.19500000000000003,2.3582089552238807,1.005,1,usdjpy,oos,40,100,48,0.5
17,14,0.8571428571428571,2.660000000000001,0.19000000000000009,2.3168316831683167,1.01,1,usdjpy,oos,40,100,48,1.0
17,14,0.8571428571428571,2.5199999999999996,0.17999999999999997,2.2352941176470584,1.02,1,usdjpy,oos,40,100,48,2.0
17,14,0.8571428571428571,2.380000000000001,0.17000000000000007,2.1553398058252426,1.03,1,usdjpy,oos,40,100,48,3.0
17,14,0.8571428571428571,2.1000000000000005,0.15000000000000005,2.0,1.05,1,usdjpy,oos,40,100,48,5.0
17,13,0.8461538461538461,3.4350000000000005,0.26423076923076927,2.7089552238805976,1.005,1,usdjpy,oos,50,100,48,0.5
17,13,0.8461538461538461,3.370000000000001,0.2592307692307693,2.6683168316831685,1.01,1,usdjpy,oos,50,100,48,1.0
17,13,0.8461538461538461,3.2399999999999998,0.2492307692307692,2.5882352941176476,1.02,1,usdjpy,oos,50,100,48,2.0
17,13,0.8461538461538461,3.1099999999999985,0.2392307692307691,2.509708737864077,1.0300000000000002,1,usdjpy,oos,50,100,48,3.0
17,13,0.8461538461538461,2.8500000000000005,0.21923076923076928,2.357142857142857,1.0500000000000003,1,usdjpy,oos,50,100,48,5.0
63,60,0.6833333333333333,2.466666666666665,0.041111111111111084,1.1289647960962004,5.853333333333334,3,eurjpy,discovery,40,75,48,0.5
63,60,0.6833333333333333,2.0666666666666655,0.03444444444444442,1.1073407202216068,5.9733333333333345,3,eurjpy,discovery,40,75,48,1.0
63,60,0.6833333333333333,1.266666666666671,0.021111111111111185,1.064935064935065,6.21333333333333,3,eurjpy,discovery,40,75,48,2.0
63,60,0.6833333333333333,0.4666666666666667,0.0077777777777777776,1.02361673414305,6.453333333333334,3,eurjpy,discovery,40,75,48,3.0
63,60,0.6833333333333333,-1.1333333333333306,-0.018888888888888844,0.9440789473684211,7.266666666666661,3,eurjpy,discovery,40,75,48,5.0
63,59,0.7457627118644068,4.227777777777779,0.07165725047080981,1.280294659300184,4.094444444444444,2,eurjpy,discovery,40,90,48,0.5
63,59,0.7457627118644068,3.900000000000002,0.06610169491525428,1.2571428571428573,4.188888888888889,2,eurjpy,discovery,40,90,48,1.0
63,59,0.7457627118644068,3.2444444444444462,0.05499058380414316,1.2115942028985505,4.377777777777777,2,eurjpy,discovery,40,90,48,2.0
63,59,0.7457627118644068,2.5888888888888864,0.043879472693031975,1.1670250896057348,4.566666666666669,2,eurjpy,discovery,40,90,48,3.0
63,59,0.7457627118644068,1.2777777777777763,0.02165725047080977,1.080701754385965,4.9444444444444455,2,eurjpy,discovery,40,90,48,5.0
63,56,0.7857142857142857,5.320000000000002,0.09500000000000004,1.4411276948590386,2.6549999999999994,2,eurjpy,discovery,40,100,48,0.5
63,56,0.7857142857142857,5.040000000000001,0.09000000000000001,1.4158415841584162,2.71,2,eurjpy,discovery,40,100,48,1.0
63,56,0.7857142857142857,4.4799999999999995,0.07999999999999999,1.3660130718954249,2.8200000000000003,2,eurjpy,discovery,40,100,48,2.0
63,56,0.7857142857142857,3.92,0.06999999999999999,1.3171521035598706,2.93,2,eurjpy,discovery,40,100,48,3.0
63,56,0.7857142857142857,2.7999999999999985,0.049999999999999975,1.2222222222222219,3.1500000000000004,2,eurjpy,discovery,40,100,48,5.0
63,53,0.7547169811320755,6.735000000000003,0.12707547169811326,1.515499425947188,2.5199999999999996,2,eurjpy,discovery,50,100,48,0.5
63,53,0.7547169811320755,6.470000000000003,0.12207547169811327,1.492764661081493,2.54,2,eurjpy,discovery,50,100,48,1.0
63,53,0.7547169811320755,5.940000000000001,0.11207547169811323,1.4479638009049776,2.58,2,eurjpy,discovery,50,100,48,2.0
63,53,0.7547169811320755,5.409999999999995,0.10207547169811311,1.4040328603435401,2.62,2,eurjpy,discovery,50,100,48,3.0
63,53,0.7547169811320755,4.350000000000002,0.08207547169811324,1.3186813186813182,2.7,2,eurjpy,discovery,50,100,48,5.0
27,27,0.7407407407407407,3.4866666666666655,0.12913580246913575,1.4947965941343426,3.0199999999999996,3,eurjpy,validation,40,75,48,0.5
27,27,0.7407407407407407,3.3066666666666666,0.12246913580246914,1.4661654135338342,3.04,3,eurjpy,validation,40,75,48,1.0
27,27,0.7407407407407407,2.946666666666668,0.10913580246913586,1.4100185528756957,3.08,3,eurjpy,validation,40,75,48,2.0
27,27,0.7407407407407407,2.5866666666666664,0.09580246913580247,1.3553113553113556,3.12,3,eurjpy,validation,40,75,48,3.0
27,27,0.7407407407407407,1.8666666666666667,0.06913580246913581,1.2500000000000002,3.2,3,eurjpy,validation,40,75,48,5.0
27,27,0.7777777777777778,3.1833333333333336,0.11790123456790125,1.527624309392265,3.0166666666666666,3,eurjpy,validation,40,90,48,0.5
27,27,0.7777777777777778,3.033333333333334,0.11234567901234571,1.5000000000000002,3.033333333333333,3,eurjpy,validation,40,90,48,1.0
27,27,0.7777777777777778,2.733333333333334,0.10123456790123458,1.4456521739130437,3.0666666666666664,3,eurjpy,validation,40,90,48,2.0
27,27,0.7777777777777778,2.4333333333333322,0.09012345679012342,1.39247311827957,3.1000000000000005,3,eurjpy,validation,40,90,48,3.0
27,27,0.7777777777777778,1.8333333333333335,0.06790123456790124,1.2894736842105265,3.166666666666667,3,eurjpy,validation,40,90,48,5.0
27,27,0.7777777777777778,2.265000000000001,0.08388888888888893,1.3756218905472635,3.0149999999999997,3,eurjpy,validation,40,100,48,0.5
27,27,0.7777777777777778,2.1300000000000003,0.0788888888888889,1.3514851485148516,3.0300000000000002,3,eurjpy,validation,40,100,48,1.0
27,27,0.7777777777777778,1.8599999999999994,0.06888888888888887,1.303921568627451,3.06,3,eurjpy,validation,40,100,48,2.0
27,27,0.7777777777777778,1.5899999999999994,0.058888888888888866,1.2572815533980581,3.09,3,eurjpy,validation,40,100,48,3.0
27,27,0.7777777777777778,1.049999999999999,0.03888888888888885,1.1666666666666663,3.1500000000000004,3,eurjpy,validation,40,100,48,5.0
27,27,0.7407407407407407,2.8650000000000007,0.10611111111111114,1.4072494669509592,3.059999999999999,3,eurjpy,validation,50,100,48,0.5
27,27,0.7407407407407407,2.7299999999999995,0.1011111111111111,1.3861386138613863,3.12,3,eurjpy,validation,50,100,48,1.0
27,27,0.7407407407407407,2.4599999999999995,0.09111111111111109,1.3445378151260508,3.24,3,eurjpy,validation,50,100,48,2.0
27,27,0.7407407407407407,2.1899999999999995,0.08111111111111109,1.3037447988904298,3.3600000000000003,3,eurjpy,validation,50,100,48,3.0
27,27,0.7407407407407407,1.6499999999999992,0.06111111111111108,1.2244897959183672,3.6000000000000005,3,eurjpy,validation,50,100,48,5.0
18,18,0.8888888888888888,6.413333333333332,0.3562962962962962,4.185430463576159,1.0066666666666668,1,eurjpy,oos,40,75,48,0.5
18,18,0.8888888888888888,6.293333333333333,0.3496296296296296,4.105263157894736,1.0133333333333336,1,eurjpy,oos,40,75,48,1.0
18,18,0.8888888888888888,6.053333333333335,0.33629629629629637,3.9480519480519485,1.0266666666666666,1,eurjpy,oos,40,75,48,2.0
18,18,0.8888888888888888,5.8133333333333335,0.32296296296296295,3.7948717948717947,1.04,1,eurjpy,oos,40,75,48,3.0
18,18,0.8888888888888888,5.333333333333334,0.29629629629629634,3.5,1.0666666666666667,1,eurjpy,oos,40,75,48,5.0
18,18,0.9444444444444444,6.455555555555556,0.358641975308642,7.419889502762431,1.0055555555555555,1,eurjpy,oos,40,90,48,0.5
18,18,0.9444444444444444,6.355555555555556,0.35308641975308647,7.2857142857142865,1.011111111111111,1,eurjpy,oos,40,90,48,1.0
18,18,0.9444444444444444,6.155555555555557,0.3419753086419754,7.021739130434783,1.0222222222222221,1,eurjpy,oos,40,90,48,2.0
18,18,0.9444444444444444,5.955555555555556,0.3308641975308642,6.763440860215053,1.0333333333333332,1,eurjpy,oos,40,90,48,3.0
18,18,0.9444444444444444,5.555555555555556,0.308641975308642,6.2631578947368425,1.0555555555555554,1,eurjpy,oos,40,90,48,5.0
18,18,1.0,7.109999999999999,0.39499999999999996,inf,-0.3949999999999996,0,eurjpy,oos,40,100,48,0.5
18,18,1.0,7.02,0.38999999999999996,inf,-0.3899999999999997,0,eurjpy,oos,40,100,48,1.0
18,18,1.0,6.84,0.38,inf,-0.3799999999999999,0,eurjpy,oos,40,100,48,2.0
18,18,1.0,6.66,0.37,inf,-0.36999999999999966,0,eurjpy,oos,40,100,48,3.0
18,18,1.0,6.299999999999999,0.3499999999999999,inf,-0.34999999999999964,0,eurjpy,oos,40,100,48,5.0
18,17,0.9411764705882353,6.915,0.4067647058823529,7.880597014925374,1.005,1,eurjpy,oos,50,100,48,0.5
18,17,0.9411764705882353,6.83,0.40176470588235297,7.762376237623762,1.01,1,eurjpy,oos,50,100,48,1.0
18,17,0.9411764705882353,6.66,0.39176470588235296,7.529411764705882,1.02,1,eurjpy,oos,50,100,48,2.0
18,17,0.9411764705882353,6.489999999999999,0.3817647058823529,7.300970873786407,1.03,1,eurjpy,oos,50,100,48,3.0
18,17,0.9411764705882353,6.15,0.361764705882353,6.857142857142857,1.05,1,eurjpy,oos,50,100,48,5.0
62,61,0.6885245901639344,2.9933333333333314,0.04907103825136609,1.1565005228302543,2.6933333333333334,2,gbpjpy,discovery,40,75,48,0.5
62,61,0.6885245901639344,2.5866666666666656,0.04240437158469944,1.1343490304709143,2.8533333333333335,2,gbpjpy,discovery,40,75,48,1.0
62,61,0.6885245901639344,1.7733333333333365,0.02907103825136617,1.090909090909091,3.186666666666662,2,gbpjpy,discovery,40,75,48,2.0
62,61,0.6885245901639344,0.9600000000000011,0.015737704918032804,1.048582995951417,3.5466666666666673,2,gbpjpy,discovery,40,75,48,3.0
62,61,0.6885245901639344,-0.6666666666666655,-0.01092896174863386,0.9671052631578947,4.266666666666663,2,gbpjpy,discovery,40,75,48,5.0
62,60,0.7,0.3333333333333335,0.005555555555555558,1.0184162062615103,3.033333333333333,2,gbpjpy,discovery,40,90,48,0.5
62,60,0.7,1.3322676295501878e-15,2.2204460492503132e-17,1.0,3.177777777777777,2,gbpjpy,discovery,40,90,48,1.0
62,60,0.7,-0.6666666666666643,-0.011111111111111072,0.9637681159420289,3.466666666666666,2,gbpjpy,discovery,40,90,48,2.0
62,60,0.7,-1.3333333333333366,-0.022222222222222275,0.9283154121863796,3.755555555555558,2,gbpjpy,discovery,40,90,48,3.0
62,60,0.7,-2.6666666666666674,-0.04444444444444446,0.8596491228070173,4.333333333333334,2,gbpjpy,discovery,40,90,48,5.0
62,60,0.7,-1.4999999999999973,-0.024999999999999956,0.9170812603648426,3.7299999999999986,2,gbpjpy,discovery,40,100,48,0.5
62,60,0.7,-1.7999999999999985,-0.029999999999999975,0.900990099009901,3.8599999999999985,2,gbpjpy,discovery,40,100,48,1.0
62,60,0.7,-2.400000000000001,-0.040000000000000015,0.869281045751634,4.120000000000001,2,gbpjpy,discovery,40,100,48,2.0
62,60,0.7,-3.0,-0.05,0.838187702265372,4.380000000000001,2,gbpjpy,discovery,40,100,48,3.0
62,60,0.7,-4.200000000000001,-0.07000000000000002,0.7777777777777777,4.9,2,gbpjpy,discovery,40,100,48,5.0
62,59,0.6440677966101694,-2.294999999999997,-0.03889830508474571,0.8912579957356083,6.629999999999997,3,gbpjpy,discovery,50,100,48,0.5
62,59,0.6440677966101694,-2.59,-0.04389830508474576,0.8778877887788771,6.759999999999995,3,gbpjpy,discovery,50,100,48,1.0
62,59,0.6440677966101694,-3.180000000000001,-0.05389830508474578,0.8515406162464988,7.02,3,gbpjpy,discovery,50,100,48,2.0
62,59,0.6440677966101694,-3.7700000000000022,-0.0638983050847458,0.8257050392972719,7.280000000000006,3,gbpjpy,discovery,50,100,48,3.0
62,59,0.6440677966101694,-4.95,-0.08389830508474577,0.7755102040816324,7.799999999999996,3,gbpjpy,discovery,50,100,48,5.0
20,20,0.65,-0.20000000000000018,-0.010000000000000009,0.9716177861873223,2.9733333333333336,2,gbpjpy,validation,40,75,48,0.5
20,20,0.65,-0.3333333333333339,-0.016666666666666698,0.9530075187969921,3.0133333333333336,2,gbpjpy,validation,40,75,48,1.0
20,20,0.65,-0.5999999999999989,-0.029999999999999943,0.9165120593692025,3.1199999999999983,2,gbpjpy,validation,40,75,48,2.0
20,20,0.65,-0.8666666666666665,-0.04333333333333332,0.8809523809523809,3.2800000000000002,2,gbpjpy,validation,40,75,48,3.0
20,20,0.65,-1.3999999999999995,-0.06999999999999998,0.8125000000000002,3.5999999999999988,2,gbpjpy,validation,40,75,48,5.0
20,20,0.7,0.11111111111111116,0.005555555555555558,1.0184162062615103,1.9555555555555555,1,gbpjpy,validation,40,90,48,0.5
20,20,0.7,4.440892098500626e-16,2.2204460492503132e-17,1.0000000000000002,2.022222222222222,1,gbpjpy,validation,40,90,48,1.0
20,20,0.7,-0.22222222222222127,-0.011111111111111063,0.9637681159420293,2.155555555555555,1,gbpjpy,validation,40,90,48,2.0
20,20,0.7,-0.4444444444444453,-0.022222222222222265,0.92831541218638,2.2888888888888896,1,gbpjpy,validation,40,90,48,3.0
20,20,0.7,-0.8888888888888893,-0.04444444444444447,0.8596491228070178,2.5555555555555554,1,gbpjpy,validation,40,90,48,5.0
20,20,0.75,0.9000000000000008,0.04500000000000004,1.1791044776119401,2.0449999999999995,1,gbpjpy,validation,40,100,48,0.5
20,20,0.75,0.8,0.04,1.1584158415841581,2.09,1,gbpjpy,validation,40,100,48,1.0
20,20,0.75,0.5999999999999999,0.029999999999999992,1.1176470588235294,2.18,1,gbpjpy,validation,40,100,48,2.0
20,20,0.75,0.3999999999999997,0.019999999999999983,1.0776699029126213,2.27,1,gbpjpy,validation,40,100,48,3.0
20,20,0.75,-7.771561172376096e-16,-3.8857805861880476e-17,0.9999999999999998,2.45,1,gbpjpy,validation,40,100,48,5.0
20,19,0.631578947368421,-1.0949999999999993,-0.05763157894736839,0.8443496801705759,3.5399999999999996,2,gbpjpy,validation,50,100,48,0.5
20,19,0.631578947368421,-1.1900000000000002,-0.06263157894736843,0.8316831683168319,3.58,2,gbpjpy,validation,50,100,48,1.0
20,19,0.631578947368421,-1.3800000000000003,-0.07263157894736844,0.8067226890756306,3.66,2,gbpjpy,validation,50,100,48,2.0
20,19,0.631578947368421,-1.5700000000000005,-0.08263157894736844,0.7822468793342577,3.74,2,gbpjpy,validation,50,100,48,3.0
20,19,0.631578947368421,-1.9500000000000004,-0.10263157894736845,0.7346938775510204,3.9000000000000004,2,gbpjpy,validation,50,100,48,5.0
19,19,0.7894736842105263,3.873333333333332,0.20385964912280696,1.961920529801324,2.013333333333333,2,gbpjpy,oos,40,75,48,0.5
19,19,0.7894736842105263,3.746666666666666,0.19719298245614034,1.924342105263157,2.026666666666667,2,gbpjpy,oos,40,75,48,1.0
19,19,0.7894736842105263,3.493333333333335,0.1838596491228071,1.850649350649351,2.0533333333333332,2,gbpjpy,oos,40,75,48,2.0
19,19,0.7894736842105263,3.24,0.1705263157894737,1.7788461538461537,2.08,2,gbpjpy,oos,40,75,48,3.0
19,19,0.7894736842105263,2.7333333333333343,0.14385964912280708,1.6406250000000002,2.1333333333333333,2,gbpjpy,oos,40,75,48,5.0
19,19,0.7894736842105263,2.561111111111111,0.13479532163742688,1.636740331491713,2.011111111111111,2,gbpjpy,oos,40,90,48,0.5
19,19,0.7894736842105263,2.4555555555555557,0.12923976608187135,1.6071428571428577,2.022222222222222,2,gbpjpy,oos,40,90,48,1.0
19,19,0.7894736842105263,2.2444444444444445,0.11812865497076024,1.5489130434782614,2.0444444444444443,2,gbpjpy,oos,40,90,48,2.0
19,19,0.7894736842105263,2.0333333333333323,0.10701754385964907,1.491935483870968,2.066666666666667,2,gbpjpy,oos,40,90,48,3.0
19,19,0.7894736842105263,1.611111111111111,0.0847953216374269,1.3815789473684215,2.111111111111111,2,gbpjpy,oos,40,90,48,5.0
19,19,0.8947368421052632,4.704999999999999,0.24763157894736837,3.340796019900498,1.005,1,gbpjpy,oos,40,100,48,0.5
19,19,0.8947368421052632,4.609999999999999,0.2426315789473684,3.282178217821782,1.01,1,gbpjpy,oos,40,100,48,1.0
19,19,0.8947368421052632,4.42,0.2326315789473684,3.1666666666666665,1.02,1,gbpjpy,oos,40,100,48,2.0
19,19,0.8947368421052632,4.2299999999999995,0.2226315789473684,3.053398058252427,1.0300000000000002,1,gbpjpy,oos,40,100,48,3.0
19,19,0.8947368421052632,3.8499999999999988,0.20263157894736836,2.833333333333333,1.05,1,gbpjpy,oos,40,100,48,5.0
19,18,0.8888888888888888,5.91,0.32833333333333337,3.940298507462687,1.005,1,gbpjpy,oos,50,100,48,0.5
19,18,0.8888888888888888,5.82,0.32333333333333336,3.881188118811881,1.01,1,gbpjpy,oos,50,100,48,1.0
19,18,0.8888888888888888,5.640000000000001,0.31333333333333335,3.764705882352941,1.02,1,gbpjpy,oos,50,100,48,2.0
19,18,0.8888888888888888,5.459999999999999,0.3033333333333333,3.6504854368932036,1.0300000000000002,1,gbpjpy,oos,50,100,48,3.0
19,18,0.8888888888888888,5.1000000000000005,0.2833333333333334,3.4285714285714284,1.05,1,gbpjpy,oos,50,100,48,5.0
