pair,split,tp,sl,horizon,trades,win,lcb95,pf,exp_r
usdjpy,discovery,40,50,24,56,0.44642857142857145,0.3238651625129941,1.3157894736842106,0.10714285714285714
usdjpy,discovery,40,50,36,52,0.4230769230769231,0.2986784790886045,1.0476190476190477,0.019230769230769232
usdjpy,discovery,40,50,48,48,0.4166666666666667,0.28849459734577015,0.9523809523809523,-0.020833333333333332
usdjpy,discovery,40,50,72,44,0.5454545454545454,0.4006593217065349,1.263157894736842,0.11363636363636363
usdjpy,discovery,40,60,24,56,0.4642857142857143,0.3401964340358376,1.625,0.17857142857142858
usdjpy,discovery,40,60,36,52,0.4423076923076923,0.3159484718858809,1.2777777777777777,0.09615384615384616
usdjpy,discovery,40,60,48,48,0.4375,0.30701054640410924,1.1666666666666667,0.0625
usdjpy,discovery,40,60,72,44,0.6136363636363636,0.46623309846201666,1.6875,0.25
usdjpy,discovery,40,75,24,56,0.5357142857142857,0.40703956657240076,3.0,0.35714285714285715
usdjpy,discovery,40,75,36,52,0.5,0.3688563855796992,2.0,0.25
usdjpy,discovery,40,75,48,48,0.5416666666666666,0.4029083309494733,2.1666666666666665,0.2916666666666667
usdjpy,discovery,40,75,72,44,0.7045454545454546,0.5577952061434273,2.8181818181818183,0.45454545454545453
usdjpy,discovery,40,90,24,56,0.5357142857142857,0.40703956657240076,3.0,0.35714285714285715
usdjpy,discovery,40,90,36,52,0.5,0.3688563855796992,2.1666666666666665,0.2692307692307692
usdjpy,discovery,40,90,48,48,0.5416666666666666,0.4029083309494733,2.3636363636363638,0.3125
usdjpy,discovery,40,90,72,44,0.7272727272727273,0.581508453144907,3.5555555555555554,0.5227272727272727
usdjpy,discovery,40,100,24,56,0.5535714285714286,0.4241298613178389,3.4444444444444446,0.39285714285714285
usdjpy,discovery,40,100,36,52,0.5192307692307693,0.3868545397052721,2.4545454545454546,0.3076923076923077
usdjpy,discovery,40,100,48,48,0.5625,0.4227477150100165,2.7,0.3541666666666667
usdjpy,discovery,40,100,72,44,0.75,0.6055915019158504,4.125,0.5681818181818182
usdjpy,discovery,50,50,24,56,0.2857142857142857,0.18418621391703333,0.7272727272727273,-0.10714285714285714
usdjpy,discovery,50,50,36,52,0.28846153846153844,0.18329802341828694,0.6,-0.19230769230769232
usdjpy,discovery,50,50,48,48,0.3541666666666667,0.23433457112685732,0.7391304347826086,-0.125
usdjpy,discovery,50,50,72,44,0.4772727272727273,0.3375475794427176,1.0,0.0
usdjpy,discovery,50,60,24,56,0.30357142857142855,0.19900164620775923,0.8947368421052632,-0.03571428571428571
usdjpy,discovery,50,60,36,52,0.3076923076923077,0.19914562391353519,0.7619047619047619,-0.09615384615384616
usdjpy,discovery,50,60,48,48,0.375,0.2521507240406812,0.9,-0.041666666666666664
usdjpy,discovery,50,60,72,44,0.5227272727272727,0.37935220136171693,1.2777777777777777,0.11363636363636363
usdjpy,discovery,50,75,24,56,0.39285714285714285,0.27580225617512844,1.8333333333333333,0.17857142857142858
usdjpy,discovery,50,75,36,52,0.36538461538461536,0.2480051371130184,1.1875,0.057692307692307696
usdjpy,discovery,50,75,48,48,0.4791666666666667,0.34471090015787464,1.6428571428571428,0.1875
usdjpy,discovery,50,75,72,44,0.6136363636363636,0.46623309846201666,2.076923076923077,0.3181818181818182
usdjpy,discovery,50,90,24,56,0.39285714285714285,0.27580225617512844,1.8333333333333333,0.17857142857142858
usdjpy,discovery,50,90,36,52,0.36538461538461536,0.2480051371130184,1.2666666666666666,0.07692307692307693
usdjpy,discovery,50,90,48,48,0.4791666666666667,0.34471090015787464,1.7692307692307692,0.20833333333333334
usdjpy,discovery,50,90,72,44,0.6136363636363636,0.46623309846201666,2.4545454545454546,0.36363636363636365
usdjpy,discovery,50,100,24,56,0.4107142857142857,0.29166578979562857,2.090909090909091,0.21428571428571427
usdjpy,discovery,50,100,36,52,0.38461538461538464,0.26470271334885215,1.4285714285714286,0.11538461538461539
usdjpy,discovery,50,100,48,48,0.5,0.36389098932037767,2.0,0.25
usdjpy,discovery,50,100,72,44,0.6363636363636364,0.4886610727889104,2.8,0.4090909090909091
usdjpy,discovery,60,50,24,56,0.21428571428571427,0.12705780314744497,0.5217391304347826,-0.19642857142857142
usdjpy,discovery,60,50,36,52,0.2692307692307692,0.1676881003582587,0.5384615384615384,-0.23076923076923078
usdjpy,discovery,60,50,48,48,0.3125,0.19945512167731494,0.625,-0.1875
usdjpy,discovery,60,50,72,44,0.4318181818181818,0.2968250416485458,0.8636363636363636,-0.06818181818181818
usdjpy,discovery,60,60,24,56,0.23214285714285715,0.1409924724565329,0.65,-0.125
usdjpy,discovery,60,60,36,52,0.28846153846153844,0.18329802341828694,0.6818181818181818,-0.1346153846153846
usdjpy,discovery,60,60,48,48,0.3333333333333333,0.21676601370896784,0.7619047619047619,-0.10416666666666667
usdjpy,discovery,60,60,72,44,0.4772727272727273,0.3375475794427176,1.105263157894737,0.045454545454545456
usdjpy,discovery,60,75,24,56,0.32142857142857145,0.21400827887722296,1.3846153846153846,0.08928571428571429
usdjpy,discovery,60,75,36,52,0.34615384615384615,0.23150828073938615,1.0588235294117647,0.019230769230769232
usdjpy,discovery,60,75,48,48,0.4166666666666667,0.28849459734577015,1.3333333333333333,0.10416666666666667
usdjpy,discovery,60,75,72,44,0.5681818181818182,0.42223890740554393,1.7857142857142858,0.25
usdjpy,discovery,60,90,24,56,0.32142857142857145,0.21400827887722296,1.3846153846153846,0.08928571428571429
usdjpy,discovery,60,90,36,52,0.34615384615384615,0.23150828073938615,1.125,0.038461538461538464
usdjpy,discovery,60,90,48,48,0.4166666666666667,0.28849459734577015,1.4285714285714286,0.125
usdjpy,discovery,60,90,72,44,0.5681818181818182,0.42223890740554393,2.0833333333333335,0.29545454545454547
usdjpy,discovery,60,100,24,56,0.3392857142857143,0.22919799319334652,1.5833333333333333,0.125
usdjpy,discovery,60,100,36,52,0.36538461538461536,0.2480051371130184,1.2666666666666666,0.07692307692307693
usdjpy,discovery,60,100,48,48,0.4375,0.30701054640410924,1.6153846153846154,0.16666666666666666
usdjpy,discovery,60,100,72,44,0.5909090909090909,0.44409492646606574,2.3636363636363638,0.3409090909090909
usdjpy,discovery,75,50,24,56,0.14285714285714285,0.0742070004258528,0.3333333333333333,-0.2857142857142857
usdjpy,discovery,75,50,36,52,0.17307692307692307,0.09382368756467781,0.3333333333333333,-0.34615384615384615
usdjpy,discovery,75,50,48,48,0.22916666666666666,0.13307691028989044,0.44,-0.2916666666666667
usdjpy,discovery,75,50,72,44,0.3409090909090909,0.21875632628639943,0.6521739130434783,-0.18181818181818182
usdjpy,discovery,75,60,24,56,0.16071428571428573,0.08692569640589273,0.42857142857142855,-0.21428571428571427
usdjpy,discovery,75,60,36,52,0.19230769230769232,0.10795930648521072,0.43478260869565216,-0.25
usdjpy,discovery,75,60,48,48,0.25,0.1492048880971003,0.5454545454545454,-0.20833333333333334
usdjpy,discovery,75,60,72,44,0.38636363636363635,0.25720998886701985,0.85,-0.06818181818181818
usdjpy,discovery,75,75,24,56,0.25,0.1551691522297384,1.0,0.0
usdjpy,discovery,75,75,36,52,0.25,0.15233011761438867,0.7222222222222222,-0.09615384615384616
usdjpy,discovery,75,75,48,48,0.3333333333333333,0.21676601370896784,1.0,0.0
usdjpy,discovery,75,75,72,44,0.4772727272727273,0.3375475794427176,1.4,0.13636363636363635
usdjpy,discovery,75,90,24,56,0.25,0.1551691522297384,1.0,0.0
usdjpy,discovery,75,90,36,52,0.25,0.15233011761438867,0.7647058823529411,-0.07692307692307693
usdjpy,discovery,75,90,48,48,0.3333333333333333,0.21676601370896784,1.0666666666666667,0.020833333333333332
usdjpy,discovery,75,90,72,44,0.4772727272727273,0.3375475794427176,1.6153846153846154,0.18181818181818182
usdjpy,discovery,75,100,24,56,0.26785714285714285,0.16957158661894964,1.1538461538461537,0.03571428571428571
usdjpy,discovery,75,100,36,52,0.2692307692307692,0.1676881003582587,0.875,-0.038461538461538464
usdjpy,discovery,75,100,48,48,0.3541666666666667,0.23433457112685732,1.2142857142857142,0.0625
usdjpy,discovery,75,100,72,44,0.5,0.35831521095931473,1.8333333333333333,0.22727272727272727
usdjpy,discovery,100,50,24,56,0.10714285714285714,0.05003867458119088,0.25,-0.32142857142857145
usdjpy,discovery,100,50,36,52,0.1346153846153846,0.06676796994292625,0.25925925925925924,-0.38461538461538464
usdjpy,discovery,100,50,48,48,0.125,0.058569717504008446,0.24,-0.3958333333333333
usdjpy,discovery,100,50,72,44,0.20454545454545456,0.11153127823467596,0.391304347826087,-0.3181818181818182
usdjpy,discovery,100,60,24,56,0.125,0.06188990138969253,0.3333333333333333,-0.25
usdjpy,discovery,100,60,36,52,0.15384615384615385,0.08007589590882648,0.34782608695652173,-0.28846153846153844
usdjpy,discovery,100,60,48,48,0.14583333333333334,0.07248157413793963,0.3181818181818182,-0.3125
usdjpy,discovery,100,60,72,44,0.22727272727272727,0.12841810830185088,0.5,-0.22727272727272727
usdjpy,discovery,100,75,24,56,0.19642857142857142,0.11338480016444108,0.7857142857142857,-0.05357142857142857
usdjpy,discovery,100,75,36,52,0.21153846153846154,0.12244245849448493,0.6111111111111112,-0.1346153846153846
usdjpy,discovery,100,75,48,48,0.22916666666666666,0.13307691028989044,0.6875,-0.10416666666666667
usdjpy,discovery,100,75,72,44,0.29545454545454547,0.18155360887243294,0.8666666666666667,-0.045454545454545456
usdjpy,discovery,100,90,24,56,0.19642857142857142,0.11338480016444108,0.7857142857142857,-0.05357142857142857
usdjpy,discovery,100,90,36,52,0.21153846153846154,0.12244245849448493,0.6470588235294118,-0.11538461538461539
usdjpy,discovery,100,90,48,48,0.22916666666666666,0.13307691028989044,0.7333333333333333,-0.08333333333333333
usdjpy,discovery,100,90,72,44,0.29545454545454547,0.18155360887243294,1.0,0.0
usdjpy,discovery,100,100,24,56,0.21428571428571427,0.12705780314744497,0.9230769230769231,-0.017857142857142856
usdjpy,discovery,100,100,36,52,0.23076923076923078,0.13724127341871611,0.75,-0.07692307692307693
usdjpy,discovery,100,100,48,48,0.25,0.1492048880971003,0.8571428571428571,-0.041666666666666664
usdjpy,discovery,100,100,72,44,0.3181818181818182,0.19999129931673565,1.1666666666666667,0.045454545454545456
usdjpy,validation,40,50,24,23,0.5652173913043478,0.36811049305016963,1.3,0.13043478260869565
usdjpy,validation,40,50,36,22,0.5909090909090909,0.3873447738289381,1.4444444444444444,0.18181818181818182
usdjpy,validation,40,50,48,21,0.6666666666666666,0.45373075657210293,2.0,0.3333333333333333
usdjpy,validation,40,50,72,19,0.5789473684210527,0.3627555146516011,1.375,0.15789473684210525
usdjpy,validation,40,60,24,23,0.5652173913043478,0.36811049305016963,1.3,0.13043478260869565
usdjpy,validation,40,60,36,22,0.5909090909090909,0.3873447738289381,1.4444444444444444,0.18181818181818182
usdjpy,validation,40,60,48,21,0.6666666666666666,0.45373075657210293,2.0,0.3333333333333333
usdjpy,validation,40,60,72,19,0.5789473684210527,0.3627555146516011,1.375,0.15789473684210525
usdjpy,validation,40,75,24,23,0.6521739130434783,0.4488997690689163,1.875,0.30434782608695654
usdjpy,validation,40,75,36,22,0.6818181818181818,0.4731822278283934,2.142857142857143,0.36363636363636365
usdjpy,validation,40,75,48,21,0.7619047619047619,0.5490841802765406,3.2,0.5238095238095238
usdjpy,validation,40,75,72,19,0.6842105263157895,0.4601001017506463,2.1666666666666665,0.3684210526315789
usdjpy,validation,40,90,24,23,0.6521739130434783,0.4488997690689163,1.875,0.30434782608695654
usdjpy,validation,40,90,36,22,0.7272727272727273,0.5184787630099803,2.6666666666666665,0.45454545454545453
usdjpy,validation,40,90,48,21,0.7619047619047619,0.5490841802765406,3.2,0.5238095238095238
usdjpy,validation,40,90,72,19,0.6842105263157895,0.4601001017506463,2.1666666666666665,0.3684210526315789
usdjpy,validation,40,100,24,23,0.6521739130434783,0.4488997690689163,2.5,0.391304347826087
usdjpy,validation,40,100,36,22,0.7272727272727273,0.5184787630099803,2.6666666666666665,0.45454545454545453
usdjpy,validation,40,100,48,21,0.7619047619047619,0.5490841802765406,3.2,0.5238095238095238
usdjpy,validation,40,100,72,19,0.6842105263157895,0.4601001017506463,2.1666666666666665,0.3684210526315789
usdjpy,validation,50,50,24,23,0.4782608695652174,0.29236869539945726,1.0,0.0
usdjpy,validation,50,50,36,22,0.5454545454545454,0.3465947328904156,1.2,0.09090909090909091
usdjpy,validation,50,50,48,21,0.6190476190476191,0.40878295815501514,1.625,0.23809523809523808
usdjpy,validation,50,50,72,19,0.5263157894736842,0.31707482511825114,1.1111111111111112,0.05263157894736842
usdjpy,validation,50,60,24,23,0.4782608695652174,0.29236869539945726,1.0,0.0
usdjpy,validation,50,60,36,22,0.5454545454545454,0.3465947328904156,1.2,0.09090909090909091
usdjpy,validation,50,60,48,21,0.6190476190476191,0.40878295815501514,1.625,0.23809523809523808
usdjpy,validation,50,60,72,19,0.5263157894736842,0.31707482511825114,1.1111111111111112,0.05263157894736842
usdjpy,validation,50,75,24,23,0.5652173913043478,0.36811049305016963,1.4444444444444444,0.17391304347826086
usdjpy,validation,50,75,36,22,0.6363636363636364,0.4295134934371804,1.75,0.2727272727272727
usdjpy,validation,50,75,48,21,0.7142857142857143,0.5004322617716241,2.5,0.42857142857142855
usdjpy,validation,50,75,72,19,0.631578947368421,0.41039157498156714,1.7142857142857142,0.2631578947368421
usdjpy,validation,50,90,24,23,0.5652173913043478,0.36811049305016963,1.4444444444444444,0.17391304347826086
usdjpy,validation,50,90,36,22,0.6818181818181818,0.4731822278283934,2.142857142857143,0.36363636363636365
usdjpy,validation,50,90,48,21,0.7142857142857143,0.5004322617716241,2.5,0.42857142857142855
usdjpy,validation,50,90,72,19,0.631578947368421,0.41039157498156714,1.7142857142857142,0.2631578947368421
usdjpy,validation,50,100,24,23,0.5652173913043478,0.36811049305016963,1.8571428571428572,0.2608695652173913
usdjpy,validation,50,100,36,22,0.6818181818181818,0.4731822278283934,2.142857142857143,0.36363636363636365
usdjpy,validation,50,100,48,21,0.7142857142857143,0.5004322617716241,2.5,0.42857142857142855
usdjpy,validation,50,100,72,19,0.631578947368421,0.41039157498156714,1.7142857142857142,0.2631578947368421
usdjpy,validation,60,50,24,23,0.43478260869565216,0.25634368332198654,0.8333333333333334,-0.08695652173913043
usdjpy,validation,60,50,36,22,0.5,0.3072180469247956,1.0,0.0
usdjpy,validation,60,50,48,21,0.5714285714285714,0.3654621629703245,1.3333333333333333,0.14285714285714285
usdjpy,validation,60,50,72,19,0.47368421052631576,0.2732950548744854,0.9,-0.05263157894736842
usdjpy,validation,60,60,24,23,0.43478260869565216,0.25634368332198654,0.8333333333333334,-0.08695652173913043
usdjpy,validation,60,60,36,22,0.5,0.3072180469247956,1.0,0.0
usdjpy,validation,60,60,48,21,0.5714285714285714,0.3654621629703245,1.3333333333333333,0.14285714285714285
usdjpy,validation,60,60,72,19,0.47368421052631576,0.2732950548744854,0.9,-0.05263157894736842
usdjpy,validation,60,75,24,23,0.5217391304347826,0.32962429864218495,1.2,0.08695652173913043
usdjpy,validation,60,75,36,22,0.5909090909090909,0.3873447738289381,1.4444444444444444,0.18181818181818182
usdjpy,validation,60,75,48,21,0.6666666666666666,0.45373075657210293,2.0,0.3333333333333333
usdjpy,validation,60,75,72,19,0.5789473684210527,0.3627555146516011,1.375,0.15789473684210525
usdjpy,validation,60,90,24,23,0.5217391304347826,0.32962429864218495,1.2,0.08695652173913043
usdjpy,validation,60,90,36,22,0.6363636363636364,0.4295134934371804,1.75,0.2727272727272727
usdjpy,validation,60,90,48,21,0.6666666666666666,0.45373075657210293,2.0,0.3333333333333333
usdjpy,validation,60,90,72,19,0.5789473684210527,0.3627555146516011,1.375,0.15789473684210525
usdjpy,validation,60,100,24,23,0.5217391304347826,0.32962429864218495,1.5,0.17391304347826086
usdjpy,validation,60,100,36,22,0.6363636363636364,0.4295134934371804,1.75,0.2727272727272727
usdjpy,validation,60,100,48,21,0.6666666666666666,0.45373075657210293,2.0,0.3333333333333333
usdjpy,validation,60,100,72,19,0.5789473684210527,0.3627555146516011,1.375,0.15789473684210525
usdjpy,validation,75,50,24,23,0.391304347826087,0.22157377982382145,0.75,-0.13043478260869565
usdjpy,validation,75,50,36,22,0.45454545454545453,0.26920014432004846,0.9090909090909091,-0.045454545454545456
usdjpy,validation,75,50,48,21,0.5714285714285714,0.3654621629703245,1.3333333333333333,0.14285714285714285
usdjpy,validation,75,50,72,19,0.47368421052631576,0.2732950548744854,0.9,-0.05263157894736842
usdjpy,validation,75,60,24,23,0.391304347826087,0.22157377982382145,0.75,-0.13043478260869565
usdjpy,validation,75,60,36,22,0.45454545454545453,0.26920014432004846,0.9090909090909091,-0.045454545454545456
usdjpy,validation,75,60,48,21,0.5714285714285714,0.3654621629703245,1.3333333333333333,0.14285714285714285
usdjpy,validation,75,60,72,19,0.47368421052631576,0.2732950548744854,0.9,-0.05263157894736842
usdjpy,validation,75,75,24,23,0.4782608695652174,0.29236869539945726,1.1,0.043478260869565216
usdjpy,validation,75,75,36,22,0.5454545454545454,0.3465947328904156,1.3333333333333333,0.13636363636363635
usdjpy,validation,75,75,48,21,0.6666666666666666,0.45373075657210293,2.0,0.3333333333333333
usdjpy,validation,75,75,72,19,0.5789473684210527,0.3627555146516011,1.375,0.15789473684210525
usdjpy,validation,75,90,24,23,0.4782608695652174,0.29236869539945726,1.1,0.043478260869565216
usdjpy,validation,75,90,36,22,0.5909090909090909,0.3873447738289381,1.625,0.22727272727272727
usdjpy,validation,75,90,48,21,0.6666666666666666,0.45373075657210293,2.0,0.3333333333333333
usdjpy,validation,75,90,72,19,0.5789473684210527,0.3627555146516011,1.375,0.15789473684210525
usdjpy,validation,75,100,24,23,0.4782608695652174,0.29236869539945726,1.375,0.13043478260869565
usdjpy,validation,75,100,36,22,0.5909090909090909,0.3873447738289381,1.625,0.22727272727272727
usdjpy,validation,75,100,48,21,0.6666666666666666,0.45373075657210293,2.0,0.3333333333333333
usdjpy,validation,75,100,72,19,0.5789473684210527,0.3627555146516011,1.375,0.15789473684210525
usdjpy,validation,100,50,24,23,0.2608695652173913,0.1254844588924897,0.4,-0.391304347826087
usdjpy,validation,100,50,36,22,0.3181818181818182,0.16360387354692477,0.5,-0.3181818181818182
usdjpy,validation,100,50,48,21,0.38095238095238093,0.20750767797982508,0.6153846153846154,-0.23809523809523808
usdjpy,validation,100,50,72,19,0.3684210526315789,0.19149272376273838,0.5833333333333334,-0.2631578947368421
usdjpy,validation,100,60,24,23,0.2608695652173913,0.1254844588924897,0.42857142857142855,-0.34782608695652173
usdjpy,validation,100,60,36,22,0.3181818181818182,0.16360387354692477,0.5,-0.3181818181818182
usdjpy,validation,100,60,48,21,0.38095238095238093,0.20750767797982508,0.6153846153846154,-0.23809523809523808
usdjpy,validation,100,60,72,19,0.3684210526315789,0.19149272376273838,0.5833333333333334,-0.2631578947368421
usdjpy,validation,100,75,24,23,0.30434782608695654,0.15603828020972457,0.5833333333333334,-0.21739130434782608
usdjpy,validation,100,75,36,22,0.36363636363636365,0.19732972772607899,0.6666666666666666,-0.18181818181818182
usdjpy,validation,100,75,48,21,0.42857142857142855,0.24469699486521046,0.8181818181818182,-0.09523809523809523
usdjpy,validation,100,75,72,19,0.42105263157894735,0.2314162039203038,0.7272727272727273,-0.15789473684210525
usdjpy,validation,100,90,24,23,0.30434782608695654,0.15603828020972457,0.5833333333333334,-0.21739130434782608
usdjpy,validation,100,90,36,22,0.36363636363636365,0.19732972772607899,0.7272727272727273,-0.13636363636363635
usdjpy,validation,100,90,48,21,0.42857142857142855,0.24469699486521046,0.8181818181818182,-0.09523809523809523
usdjpy,validation,100,90,72,19,0.42105263157894735,0.2314162039203038,0.7272727272727273,-0.15789473684210525
usdjpy,validation,100,100,24,23,0.30434782608695654,0.15603828020972457,0.7,-0.13043478260869565
usdjpy,validation,100,100,36,22,0.36363636363636365,0.19732972772607899,0.7272727272727273,-0.13636363636363635
usdjpy,validation,100,100,48,21,0.42857142857142855,0.24469699486521046,0.8181818181818182,-0.09523809523809523
usdjpy,validation,100,100,72,19,0.42105263157894735,0.2314162039203038,0.7272727272727273,-0.15789473684210525
usdjpy,oos,40,50,24,21,0.5714285714285714,0.3654621629703245,2.0,0.2857142857142857
usdjpy,oos,40,50,36,19,0.5789473684210527,0.3627555146516011,2.2,0.3157894736842105
usdjpy,oos,40,50,48,17,0.5882352941176471,0.3600507438551554,2.0,0.29411764705882354
usdjpy,oos,40,50,72,16,0.5625,0.3317819560677652,1.5,0.1875
usdjpy,oos,40,60,24,21,0.5714285714285714,0.3654621629703245,2.4,0.3333333333333333
usdjpy,oos,40,60,36,19,0.631578947368421,0.41039157498156714,3.0,0.42105263157894735
usdjpy,oos,40,60,48,17,0.6470588235294118,0.4129996672121183,2.75,0.4117647058823529
usdjpy,oos,40,60,72,16,0.625,0.38640647097934805,2.0,0.3125
usdjpy,oos,40,75,24,21,0.6190476190476191,0.40878295815501514,3.25,0.42857142857142855
usdjpy,oos,40,75,36,19,0.6842105263157895,0.4601001017506463,4.333333333333333,0.5263157894736842
usdjpy,oos,40,75,48,17,0.7058823529411765,0.468664666737861,4.0,0.5294117647058824
usdjpy,oos,40,75,72,16,0.6875,0.4440393186673406,3.6666666666666665,0.5
usdjpy,oos,40,90,24,21,0.6190476190476191,0.40878295815501514,4.333333333333333,0.47619047619047616
usdjpy,oos,40,90,36,19,0.6842105263157895,0.4601001017506463,6.5,0.5789473684210527
usdjpy,oos,40,90,48,17,0.7058823529411765,0.468664666737861,6.0,0.5882352941176471
usdjpy,oos,40,90,72,16,0.75,0.5050123107060135,6.0,0.625
usdjpy,oos,40,100,24,21,0.6190476190476191,0.40878295815501514,6.5,0.5238095238095238
usdjpy,oos,40,100,36,19,0.6842105263157895,0.4601001017506463,6.5,0.5789473684210527
usdjpy,oos,40,100,48,17,0.7058823529411765,0.468664666737861,6.0,0.5882352941176471
usdjpy,oos,40,100,72,16,0.75,0.5050123107060135,6.0,0.625
usdjpy,oos,50,50,24,21,0.42857142857142855,0.24469699486521046,1.5,0.14285714285714285
usdjpy,oos,50,50,36,19,0.5263157894736842,0.31707482511825114,2.0,0.2631578947368421
usdjpy,oos,50,50,48,17,0.5294117647058824,0.3096289731154949,1.8,0.23529411764705882
usdjpy,oos,50,50,72,16,0.5625,0.3317819560677652,1.5,0.1875
usdjpy,oos,50,60,24,21,0.42857142857142855,0.24469699486521046,1.8,0.19047619047619047
usdjpy,oos,50,60,36,19,0.5789473684210527,0.3627555146516011,2.75,0.3684210526315789
usdjpy,oos,50,60,48,17,0.5882352941176471,0.3600507438551554,2.5,0.35294117647058826
usdjpy,oos,50,60,72,16,0.625,0.38640647097934805,2.0,0.3125
usdjpy,oos,50,75,24,21,0.47619047619047616,0.28343712296762946,2.5,0.2857142857142857
usdjpy,oos,50,75,36,19,0.631578947368421,0.41039157498156714,4.0,0.47368421052631576
usdjpy,oos,50,75,48,17,0.6470588235294118,0.4129996672121183,3.6666666666666665,0.47058823529411764
usdjpy,oos,50,75,72,16,0.6875,0.4440393186673406,3.6666666666666665,0.5
usdjpy,oos,50,90,24,21,0.47619047619047616,0.28343712296762946,3.3333333333333335,0.3333333333333333
usdjpy,oos,50,90,36,19,0.631578947368421,0.41039157498156714,6.0,0.5263157894736842
usdjpy,oos,50,90,48,17,0.6470588235294118,0.4129996672121183,5.5,0.5294117647058824
usdjpy,oos,50,90,72,16,0.75,0.5050123107060135,6.0,0.625
usdjpy,oos,50,100,24,21,0.47619047619047616,0.28343712296762946,5.0,0.38095238095238093
usdjpy,oos,50,100,36,19,0.631578947368421,0.41039157498156714,6.0,0.5263157894736842
usdjpy,oos,50,100,48,17,0.6470588235294118,0.4129996672121183,5.5,0.5294117647058824
usdjpy,oos,50,100,72,16,0.75,0.5050123107060135,6.0,0.625
usdjpy,oos,60,50,24,21,0.38095238095238093,0.20750767797982508,1.3333333333333333,0.09523809523809523
usdjpy,oos,60,50,36,19,0.47368421052631576,0.2732950548744854,1.5,0.15789473684210525
usdjpy,oos,60,50,48,17,0.47058823529411764,0.26164801196088106,1.3333333333333333,0.11764705882352941
usdjpy,oos,60,50,72,16,0.4375,0.2309836333518552,1.0,0.0
usdjpy,oos,60,60,24,21,0.38095238095238093,0.20750767797982508,1.6,0.14285714285714285
usdjpy,oos,60,60,36,19,0.5263157894736842,0.31707482511825114,2.0,0.2631578947368421
usdjpy,oos,60,60,48,17,0.5294117647058824,0.3096289731154949,1.8,0.23529411764705882
usdjpy,oos,60,60,72,16,0.5,0.2799923761135083,1.3333333333333333,0.125
usdjpy,oos,60,75,24,21,0.42857142857142855,0.24469699486521046,2.25,0.23809523809523808
usdjpy,oos,60,75,36,19,0.5789473684210527,0.3627555146516011,2.75,0.3684210526315789
usdjpy,oos,60,75,48,17,0.5882352941176471,0.3600507438551554,2.5,0.35294117647058826
usdjpy,oos,60,75,72,16,0.5625,0.3317819560677652,2.25,0.3125
usdjpy,oos,60,90,24,21,0.42857142857142855,0.24469699486521046,3.0,0.2857142857142857
usdjpy,oos,60,90,36,19,0.5789473684210527,0.3627555146516011,3.6666666666666665,0.42105263157894735
usdjpy,oos,60,90,48,17,0.5882352941176471,0.3600507438551554,3.3333333333333335,0.4117647058823529
usdjpy,oos,60,90,72,16,0.625,0.38640647097934805,3.3333333333333335,0.4375
usdjpy,oos,60,100,24,21,0.42857142857142855,0.24469699486521046,4.5,0.3333333333333333
usdjpy,oos,60,100,36,19,0.5789473684210527,0.3627555146516011,3.6666666666666665,0.42105263157894735
usdjpy,oos,60,100,48,17,0.5882352941176471,0.3600507438551554,3.3333333333333335,0.4117647058823529
usdjpy,oos,60,100,72,16,0.625,0.38640647097934805,3.3333333333333335,0.4375
usdjpy,oos,75,50,24,21,0.2857142857142857,0.138136757456282,0.8571428571428571,-0.047619047619047616
usdjpy,oos,75,50,36,19,0.3684210526315789,0.19149272376273838,1.0,0.0
usdjpy,oos,75,50,48,17,0.35294117647058826,0.17309486143904904,0.75,-0.11764705882352941
usdjpy,oos,75,50,72,16,0.375,0.18480982554752803,0.75,-0.125
usdjpy,oos,75,60,24,21,0.2857142857142857,0.138136757456282,1.0,0.0
usdjpy,oos,75,60,36,19,0.42105263157894735,0.2314162039203038,1.3333333333333333,0.10526315789473684
usdjpy,oos,75,60,48,17,0.4117647058823529,0.21610786039131383,1.0,0.0
usdjpy,oos,75,60,72,16,0.4375,0.2309836333518552,1.0,0.0
usdjpy,oos,75,75,24,21,0.3333333333333333,0.17194536432683688,1.4,0.09523809523809523
usdjpy,oos,75,75,36,19,0.47368421052631576,0.2732950548744854,1.8,0.21052631578947367
usdjpy,oos,75,75,48,17,0.47058823529411764,0.26164801196088106,1.3333333333333333,0.11764705882352941
usdjpy,oos,75,75,72,16,0.5,0.2799923761135083,1.6,0.1875
usdjpy,oos,75,90,24,21,0.3333333333333333,0.17194536432683688,1.75,0.14285714285714285
usdjpy,oos,75,90,36,19,0.47368421052631576,0.2732950548744854,2.25,0.2631578947368421
usdjpy,oos,75,90,48,17,0.47058823529411764,0.26164801196088106,1.6,0.17647058823529413
usdjpy,oos,75,90,72,16,0.5,0.2799923761135083,2.0,0.25
usdjpy,oos,75,100,24,21,0.3333333333333333,0.17194536432683688,2.3333333333333335,0.19047619047619047
usdjpy,oos,75,100,36,19,0.47368421052631576,0.2732950548744854,2.25,0.2631578947368421
usdjpy,oos,75,100,48,17,0.47058823529411764,0.26164801196088106,1.6,0.17647058823529413
usdjpy,oos,75,100,72,16,0.5,0.2799923761135083,2.0,0.25
usdjpy,oos,100,50,24,21,0.14285714285714285,0.049809217982134925,0.42857142857142855,-0.19047619047619047
usdjpy,oos,100,50,36,19,0.15789473684210525,0.05520371039927826,0.42857142857142855,-0.21052631578947367
usdjpy,oos,100,50,48,17,0.17647058823529413,0.06191013712548989,0.375,-0.29411764705882354
usdjpy,oos,100,50,72,16,0.25,0.10181901984237347,0.5,-0.25
usdjpy,oos,100,60,24,21,0.14285714285714285,0.049809217982134925,0.5,-0.14285714285714285
usdjpy,oos,100,60,36,19,0.21052631578947367,0.08507538491591575,0.6666666666666666,-0.10526315789473684
usdjpy,oos,100,60,48,17,0.23529411764705882,0.09554889071675943,0.5714285714285714,-0.17647058823529413
usdjpy,oos,100,60,72,16,0.3125,0.14164435051961052,0.7142857142857143,-0.125
usdjpy,oos,100,75,24,21,0.14285714285714285,0.049809217982134925,0.6,-0.09523809523809523
usdjpy,oos,100,75,36,19,0.21052631578947367,0.08507538491591575,0.8,-0.05263157894736842
usdjpy,oos,100,75,48,17,0.23529411764705882,0.09554889071675943,0.6666666666666666,-0.11764705882352941
usdjpy,oos,100,75,72,16,0.3125,0.14164435051961052,1.0,0.0
usdjpy,oos,100,90,24,21,0.14285714285714285,0.049809217982134925,0.75,-0.047619047619047616
usdjpy,oos,100,90,36,19,0.21052631578947367,0.08507538491591575,1.0,0.0
usdjpy,oos,100,90,48,17,0.23529411764705882,0.09554889071675943,0.8,-0.058823529411764705
usdjpy,oos,100,90,72,16,0.3125,0.14164435051961052,1.25,0.0625
usdjpy,oos,100,100,24,21,0.14285714285714285,0.049809217982134925,1.0,0.0
usdjpy,oos,100,100,36,19,0.21052631578947367,0.08507538491591575,1.0,0.0
usdjpy,oos,100,100,48,17,0.23529411764705882,0.09554889071675943,0.8,-0.058823529411764705
usdjpy,oos,100,100,72,16,0.3125,0.14164435051961052,1.25,0.0625
eurjpy,discovery,40,50,24,74,0.5675675675675675,0.45412539093091314,1.75,0.24324324324324326
eurjpy,discovery,40,50,36,69,0.6231884057971014,0.5052166912305034,1.8695652173913044,0.2898550724637681
eurjpy,discovery,40,50,48,63,0.6190476190476191,0.49558404006594975,1.6956521739130435,0.25396825396825395
eurjpy,discovery,40,50,72,58,0.6206896551724138,0.49202571736165573,1.7142857142857142,0.25862068965517243
eurjpy,discovery,40,60,24,74,0.5945945945945946,0.4807563154549811,2.2,0.32432432432432434
eurjpy,discovery,40,60,36,69,0.6666666666666666,0.5492625453552141,2.7058823529411766,0.42028985507246375
eurjpy,discovery,40,60,48,63,0.6507936507936508,0.5275123111600183,2.05,0.3333333333333333
eurjpy,discovery,40,60,72,58,0.6551724137931034,0.5266753715786766,2.0,0.3275862068965517
eurjpy,discovery,40,75,24,74,0.5945945945945946,0.4807563154549811,2.3157894736842106,0.33783783783783783
eurjpy,discovery,40,75,36,69,0.6666666666666666,0.5492625453552141,2.7058823529411766,0.42028985507246375
eurjpy,discovery,40,75,48,63,0.6507936507936508,0.5275123111600183,2.1578947368421053,0.3492063492063492
eurjpy,discovery,40,75,72,58,0.6551724137931034,0.5266753715786766,2.235294117647059,0.3620689655172414
eurjpy,discovery,40,90,24,74,0.6351351351351351,0.5213160229966365,4.2727272727272725,0.4864864864864865
eurjpy,discovery,40,90,36,69,0.7101449275362319,0.5942832702456184,4.9,0.5652173913043478
eurjpy,discovery,40,90,48,63,0.6984126984126984,0.5763939457458815,2.933333333333333,0.4603174603174603
eurjpy,discovery,40,90,72,58,0.6896551724137931,0.5619669315326006,2.6666666666666665,0.43103448275862066
eurjpy,discovery,40,100,24,74,0.6351351351351351,0.5213160229966365,4.7,0.5
eurjpy,discovery,40,100,36,69,0.7101449275362319,0.5942832702456184,6.125,0.5942028985507246
eurjpy,discovery,40,100,48,63,0.6984126984126984,0.5763939457458815,3.6666666666666665,0.5079365079365079
eurjpy,discovery,40,100,72,58,0.6896551724137931,0.5619669315326006,3.3333333333333335,0.4827586206896552
eurjpy,discovery,50,50,24,74,0.47297297297297297,0.36338517790283736,1.3461538461538463,0.12162162162162163
eurjpy,discovery,50,50,36,69,0.5362318840579711,0.4197820076036184,1.3703703703703705,0.14492753623188406
eurjpy,discovery,50,50,48,63,0.5555555555555556,0.43319420640871287,1.4,0.15873015873015872
eurjpy,discovery,50,50,72,58,0.5689655172413793,0.44117876705727427,1.375,0.15517241379310345
eurjpy,discovery,50,60,24,74,0.5,0.38892400848268727,1.7619047619047619,0.21621621621621623
eurjpy,discovery,50,60,36,69,0.5942028985507246,0.4763567368169741,2.1578947368421053,0.3188405797101449
eurjpy,discovery,50,60,48,63,0.5873015873015873,0.46415095351811103,1.7619047619047619,0.25396825396825395
eurjpy,discovery,50,60,72,58,0.603448275862069,0.47492982807449885,1.6666666666666667,0.2413793103448276
eurjpy,discovery,50,75,24,74,0.5,0.38892400848268727,1.85,0.22972972972972974
eurjpy,discovery,50,75,36,69,0.5942028985507246,0.4763567368169741,2.1578947368421053,0.3188405797101449
eurjpy,discovery,50,75,48,63,0.5873015873015873,0.46415095351811103,1.85,0.2698412698412698
eurjpy,discovery,50,75,72,58,0.603448275862069,0.47492982807449885,1.9444444444444444,0.29310344827586204
eurjpy,discovery,50,90,24,74,0.5405405405405406,0.4278114521014676,3.3333333333333335,0.3783783783783784
eurjpy,discovery,50,90,36,69,0.6376811594202898,0.5197955221181357,3.6666666666666665,0.463768115942029
eurjpy,discovery,50,90,48,63,0.6349206349206349,0.5114848159101393,2.5,0.38095238095238093
eurjpy,discovery,50,90,72,58,0.6379310344827587,0.5092728615828535,2.3125,0.3620689655172414
eurjpy,discovery,50,100,24,74,0.5405405405405406,0.4278114521014676,4.0,0.40540540540540543
eurjpy,discovery,50,100,36,69,0.6376811594202898,0.5197955221181357,4.4,0.4927536231884058
eurjpy,discovery,50,100,48,63,0.6349206349206349,0.5114848159101393,3.076923076923077,0.42857142857142855
eurjpy,discovery,50,100,72,58,0.6379310344827587,0.5092728615828535,2.8461538461538463,0.41379310344827586
eurjpy,discovery,60,50,24,74,0.3783783783783784,0.2764736658122867,1.0,0.0
eurjpy,discovery,60,50,36,69,0.43478260869565216,0.3243261617876528,1.0,0.0
eurjpy,discovery,60,50,48,63,0.5079365079365079,0.3876267711538755,1.1851851851851851,0.07936507936507936
eurjpy,discovery,60,50,72,58,0.5172413793103449,0.3916204342921343,1.1538461538461537,0.06896551724137931
eurjpy,discovery,60,60,24,74,0.40540540540540543,0.3009038972107517,1.3636363636363635,0.10810810810810811
eurjpy,discovery,60,60,36,69,0.4782608695652174,0.36468525497597737,1.5,0.15942028985507245
eurjpy,discovery,60,60,48,63,0.5396825396825397,0.4178903692159613,1.4782608695652173,0.1746031746031746
eurjpy,discovery,60,60,72,58,0.5517241379310345,0.4245185822161052,1.391304347826087,0.15517241379310345
eurjpy,discovery,60,75,24,74,0.40540540540540543,0.3009038972107517,1.5,0.13513513513513514
eurjpy,discovery,60,75,36,69,0.4782608695652174,0.36468525497597737,1.5714285714285714,0.17391304347826086
eurjpy,discovery,60,75,48,63,0.5555555555555556,0.43319420640871287,1.6666666666666667,0.2222222222222222
eurjpy,discovery,60,75,72,58,0.5689655172413793,0.44117876705727427,1.736842105263158,0.2413793103448276
eurjpy,discovery,60,90,24,74,0.43243243243243246,0.32565937789932076,2.4615384615384617,0.25675675675675674
eurjpy,discovery,60,90,36,69,0.5072463768115942,0.3920506638364835,2.3333333333333335,0.2898550724637681
eurjpy,discovery,60,90,48,63,0.5873015873015873,0.46415095351811103,2.0555555555555554,0.30158730158730157
eurjpy,discovery,60,90,72,58,0.603448275862069,0.47492982807449885,2.0588235294117645,0.3103448275862069
eurjpy,discovery,60,100,24,74,0.43243243243243246,0.32565937789932076,2.909090909090909,0.28378378378378377
eurjpy,discovery,60,100,36,69,0.5072463768115942,0.3920506638364835,2.6923076923076925,0.3188405797101449
eurjpy,discovery,60,100,48,63,0.5873015873015873,0.46415095351811103,2.466666666666667,0.3492063492063492
eurjpy,discovery,60,100,72,58,0.603448275862069,0.47492982807449885,2.5,0.3620689655172414
eurjpy,discovery,75,50,24,74,0.25675675675675674,0.17097575848977575,0.6551724137931034,-0.13513513513513514
eurjpy,discovery,75,50,36,69,0.3333333333333333,0.2335089100698828,0.7419354838709677,-0.11594202898550725
eurjpy,discovery,75,50,48,63,0.4444444444444444,0.3284690053363267,0.9655172413793104,-0.015873015873015872
eurjpy,discovery,75,50,72,58,0.4482758620689655,0.32749651292941145,0.9285714285714286,-0.034482758620689655
eurjpy,discovery,75,60,24,74,0.2702702702702703,0.18230091797074338,0.8695652173913043,-0.04054054054054054
eurjpy,discovery,75,60,36,69,0.37681159420289856,0.2718335694978672,1.1304347826086956,0.043478260869565216
eurjpy,discovery,75,60,48,63,0.47619047619047616,0.35781921387369653,1.2,0.07936507936507936
eurjpy,discovery,75,60,72,58,0.4827586206896552,0.35927974452990297,1.12,0.05172413793103448
eurjpy,discovery,75,75,24,74,0.2702702702702703,0.18230091797074338,0.9523809523809523,-0.013513513513513514
eurjpy,discovery,75,75,36,69,0.37681159420289856,0.2718335694978672,1.1818181818181819,0.057971014492753624
eurjpy,discovery,75,75,48,63,0.49206349206349204,0.3726660281435346,1.3478260869565217,0.12698412698412698
eurjpy,discovery,75,75,72,58,0.5,0.3753805824767928,1.380952380952381,0.13793103448275862
eurjpy,discovery,75,90,24,74,0.28378378378378377,0.19373406470259974,1.5,0.0945945945945946
eurjpy,discovery,75,90,36,69,0.4057971014492754,0.29788729078613463,1.75,0.17391304347826086
eurjpy,discovery,75,90,48,63,0.5238095238095238,0.4027014429047192,1.65,0.20634920634920634
eurjpy,discovery,75,90,72,58,0.5344827586206896,0.40799953310272963,1.631578947368421,0.20689655172413793
eurjpy,discovery,75,100,24,74,0.28378378378378377,0.19373406470259974,1.75,0.12162162162162163
eurjpy,discovery,75,100,36,69,0.4057971014492754,0.29788729078613463,2.0,0.2028985507246377
eurjpy,discovery,75,100,48,63,0.5238095238095238,0.4027014429047192,1.9411764705882353,0.25396825396825395
eurjpy,discovery,75,100,72,58,0.5344827586206896,0.40799953310272963,1.9375,0.25862068965517243
eurjpy,discovery,100,50,24,74,0.20270270270270271,0.1268696381027667,0.46875,-0.22972972972972974
eurjpy,discovery,100,50,36,69,0.21739130434782608,0.13640646957336042,0.4411764705882353,-0.2753623188405797
eurjpy,discovery,100,50,48,63,0.31746031746031744,0.21586527168091207,0.6060606060606061,-0.20634920634920634
eurjpy,discovery,100,50,72,58,0.3103448275862069,0.20621934414805676,0.5294117647058824,-0.27586206896551724
eurjpy,discovery,100,60,24,74,0.21621621621621623,0.13770335267426506,0.6153846153846154,-0.13513513513513514
eurjpy,discovery,100,60,36,69,0.2608695652173913,0.17185419574593985,0.6923076923076923,-0.11594202898550725
eurjpy,discovery,100,60,48,63,0.3492063492063492,0.2432581939635419,0.7586206896551724,-0.1111111111111111
eurjpy,discovery,100,60,72,58,0.3448275862068966,0.23560916371859547,0.6451612903225806,-0.1896551724137931
eurjpy,discovery,100,75,24,74,0.21621621621621623,0.13770335267426506,0.6666666666666666,-0.10810810810810811
eurjpy,discovery,100,75,36,69,0.2608695652173913,0.17185419574593985,0.72,-0.10144927536231885
eurjpy,discovery,100,75,48,63,0.3492063492063492,0.2432581939635419,0.88,-0.047619047619047616
eurjpy,discovery,100,75,72,58,0.3793103448275862,0.26564088902603683,0.8461538461538461,-0.06896551724137931
eurjpy,discovery,100,90,24,74,0.22972972972972974,0.1486706552074038,1.0,0.0
eurjpy,discovery,100,90,36,69,0.2753623188405797,0.18394380762574333,1.0,0.0
eurjpy,discovery,100,90,48,63,0.38095238095238093,0.27117289491083674,1.0909090909090908,0.031746031746031744
eurjpy,discovery,100,90,72,58,0.41379310344827586,0.29627832678138283,1.0,0.0
eurjpy,discovery,100,100,24,74,0.22972972972972974,0.1486706552074038,1.1333333333333333,0.02702702702702703
eurjpy,discovery,100,100,36,69,0.2753623188405797,0.18394380762574333,1.1176470588235294,0.028985507246376812
eurjpy,discovery,100,100,48,63,0.38095238095238093,0.27117289491083674,1.263157894736842,0.07936507936507936
eurjpy,discovery,100,100,72,58,0.41379310344827586,0.29627832678138283,1.1428571428571428,0.05172413793103448
eurjpy,validation,40,50,24,31,0.7096774193548387,0.5340734004245933,2.4444444444444446,0.41935483870967744
eurjpy,validation,40,50,36,28,0.7142857142857143,0.529403642629825,2.5,0.42857142857142855
eurjpy,validation,40,50,48,27,0.7037037037037037,0.515189666191624,2.375,0.4074074074074074
eurjpy,validation,40,50,72,24,0.75,0.5510017468789357,3.0,0.5
eurjpy,validation,40,60,24,31,0.7096774193548387,0.5340734004245933,2.75,0.45161290322580644
eurjpy,validation,40,60,36,28,0.7142857142857143,0.529403642629825,2.5,0.42857142857142855
eurjpy,validation,40,60,48,27,0.7037037037037037,0.515189666191624,2.375,0.4074074074074074
eurjpy,validation,40,60,72,24,0.75,0.5510017468789357,3.0,0.5
eurjpy,validation,40,75,24,31,0.7419354838709677,0.567535275722849,3.2857142857142856,0.5161290322580645
eurjpy,validation,40,75,36,28,0.75,0.566439747592954,3.0,0.5
eurjpy,validation,40,75,48,27,0.7407407407407407,0.5532106959738432,2.857142857142857,0.48148148148148145
eurjpy,validation,40,75,72,24,0.7916666666666666,0.5952915551476453,3.8,0.5833333333333334
eurjpy,validation,40,90,24,31,0.7741935483870968,0.6018723994130262,4.0,0.5806451612903226
eurjpy,validation,40,90,36,28,0.7857142857142857,0.6046105292072612,3.6666666666666665,0.5714285714285714
eurjpy,validation,40,90,48,27,0.7777777777777778,0.5924270453692919,3.5,0.5555555555555556
eurjpy,validation,40,90,72,24,0.8333333333333334,0.6414652961213058,5.0,0.6666666666666666
eurjpy,validation,40,100,24,31,0.7741935483870968,0.6018723994130262,4.0,0.5806451612903226
eurjpy,validation,40,100,36,28,0.7857142857142857,0.6046105292072612,3.6666666666666665,0.5714285714285714
eurjpy,validation,40,100,48,27,0.7777777777777778,0.5924270453692919,3.5,0.5555555555555556
eurjpy,validation,40,100,72,24,0.8333333333333334,0.6414652961213058,5.0,0.6666666666666666
eurjpy,validation,50,50,24,31,0.5806451612903226,0.4076596435202097,1.6363636363636365,0.22580645161290322
eurjpy,validation,50,50,36,28,0.6785714285714286,0.4933850455563118,2.111111111111111,0.35714285714285715
eurjpy,validation,50,50,48,27,0.6666666666666666,0.47824419872105484,2.0,0.3333333333333333
eurjpy,validation,50,50,72,24,0.6666666666666666,0.46705959494080457,2.0,0.3333333333333333
eurjpy,validation,50,60,24,31,0.6129032258064516,0.43823801141131963,2.375,0.3548387096774194
eurjpy,validation,50,60,36,28,0.7142857142857143,0.529403642629825,2.5,0.42857142857142855
eurjpy,validation,50,60,48,27,0.7037037037037037,0.515189666191624,2.375,0.4074074074074074
eurjpy,validation,50,60,72,24,0.7083333333333334,0.5083193634129031,2.4285714285714284,0.4166666666666667
eurjpy,validation,50,75,24,31,0.6129032258064516,0.43823801141131963,2.375,0.3548387096774194
eurjpy,validation,50,75,36,28,0.7142857142857143,0.529403642629825,2.5,0.42857142857142855
eurjpy,validation,50,75,48,27,0.7037037037037037,0.515189666191624,2.375,0.4074074074074074
eurjpy,validation,50,75,72,24,0.7083333333333334,0.5083193634129031,2.4285714285714284,0.4166666666666667
eurjpy,validation,50,90,24,31,0.6129032258064516,0.43823801141131963,2.375,0.3548387096774194
eurjpy,validation,50,90,36,28,0.7142857142857143,0.529403642629825,2.5,0.42857142857142855
eurjpy,validation,50,90,48,27,0.7037037037037037,0.515189666191624,2.375,0.4074074074074074
eurjpy,validation,50,90,72,24,0.7083333333333334,0.5083193634129031,2.4285714285714284,0.4166666666666667
eurjpy,validation,50,100,24,31,0.6451612903225806,0.46947638042814893,3.3333333333333335,0.45161290322580644
eurjpy,validation,50,100,36,28,0.75,0.566439747592954,3.0,0.5
eurjpy,validation,50,100,48,27,0.7407407407407407,0.5532106959738432,2.857142857142857,0.48148148148148145
eurjpy,validation,50,100,72,24,0.75,0.5510017468789357,3.0,0.5
eurjpy,validation,60,50,24,31,0.4838709677419355,0.3196998603127883,1.0714285714285714,0.03225806451612903
eurjpy,validation,60,50,36,28,0.5714285714285714,0.390704789856154,1.3333333333333333,0.14285714285714285
eurjpy,validation,60,50,48,27,0.5555555555555556,0.3731271947957688,1.25,0.1111111111111111
eurjpy,validation,60,50,72,24,0.5833333333333334,0.3883433764938864,1.4,0.16666666666666666
eurjpy,validation,60,60,24,31,0.5161290322580645,0.3484011828697317,1.6,0.1935483870967742
eurjpy,validation,60,60,36,28,0.6071428571428571,0.42408726034906297,1.5454545454545454,0.21428571428571427
eurjpy,validation,60,60,48,27,0.5925925925925926,0.4072638305536409,1.4545454545454546,0.18518518518518517
eurjpy,validation,60,60,72,24,0.625,0.42709619037907065,1.6666666666666667,0.25
eurjpy,validation,60,75,24,31,0.5161290322580645,0.3484011828697317,1.6,0.1935483870967742
eurjpy,validation,60,75,36,28,0.6071428571428571,0.42408726034906297,1.5454545454545454,0.21428571428571427
eurjpy,validation,60,75,48,27,0.5925925925925926,0.4072638305536409,1.4545454545454546,0.18518518518518517
eurjpy,validation,60,75,72,24,0.625,0.42709619037907065,1.6666666666666667,0.25
eurjpy,validation,60,90,24,31,0.5161290322580645,0.3484011828697317,1.7777777777777777,0.22580645161290322
eurjpy,validation,60,90,36,28,0.6071428571428571,0.42408726034906297,1.8888888888888888,0.2857142857142857
eurjpy,validation,60,90,48,27,0.5925925925925926,0.4072638305536409,1.7777777777777777,0.25925925925925924
eurjpy,validation,60,90,72,24,0.6666666666666666,0.46705959494080457,2.0,0.3333333333333333
eurjpy,validation,60,100,24,31,0.5483870967741935,0.37771879603669134,2.4285714285714284,0.3225806451612903
eurjpy,validation,60,100,36,28,0.6428571428571429,0.4582997758222724,2.25,0.35714285714285715
eurjpy,validation,60,100,48,27,0.6296296296296297,0.442289046234463,2.125,0.3333333333333333
eurjpy,validation,60,100,72,24,0.7083333333333334,0.5083193634129031,2.4285714285714284,0.4166666666666667
eurjpy,validation,75,50,24,31,0.45161290322580644,0.29161482836586106,0.9333333333333333,-0.03225806451612903
eurjpy,validation,75,50,36,28,0.5357142857142857,0.35812395142101666,1.1538461538461537,0.07142857142857142
eurjpy,validation,75,50,48,27,0.5185185185185185,0.33985324586210425,1.0769230769230769,0.037037037037037035
eurjpy,validation,75,50,72,24,0.5416666666666666,0.3507455355310663,1.1818181818181819,0.08333333333333333
eurjpy,validation,75,60,24,31,0.45161290322580644,0.29161482836586106,1.2727272727272727,0.0967741935483871
eurjpy,validation,75,60,36,28,0.5714285714285714,0.390704789856154,1.3333333333333333,0.14285714285714285
eurjpy,validation,75,60,48,27,0.5555555555555556,0.3731271947957688,1.25,0.1111111111111111
eurjpy,validation,75,60,72,24,0.5833333333333334,0.3883433764938864,1.4,0.16666666666666666
eurjpy,validation,75,75,24,31,0.45161290322580644,0.29161482836586106,1.2727272727272727,0.0967741935483871
eurjpy,validation,75,75,36,28,0.5714285714285714,0.390704789856154,1.3333333333333333,0.14285714285714285
eurjpy,validation,75,75,48,27,0.5555555555555556,0.3731271947957688,1.25,0.1111111111111111
eurjpy,validation,75,75,72,24,0.5833333333333334,0.3883433764938864,1.4,0.16666666666666666
eurjpy,validation,75,90,24,31,0.45161290322580644,0.29161482836586106,1.5555555555555556,0.16129032258064516
eurjpy,validation,75,90,36,28,0.5714285714285714,0.390704789856154,1.6,0.21428571428571427
eurjpy,validation,75,90,48,27,0.5555555555555556,0.3731271947957688,1.5,0.18518518518518517
eurjpy,validation,75,90,72,24,0.5833333333333334,0.3883433764938864,1.5555555555555556,0.20833333333333334
eurjpy,validation,75,100,24,31,0.4838709677419355,0.3196998603127883,2.142857142857143,0.25806451612903225
eurjpy,validation,75,100,36,28,0.6071428571428571,0.42408726034906297,1.8888888888888888,0.2857142857142857
eurjpy,validation,75,100,48,27,0.5925925925925926,0.4072638305536409,1.7777777777777777,0.25925925925925924
eurjpy,validation,75,100,72,24,0.625,0.42709619037907065,1.875,0.2916666666666667
eurjpy,validation,100,50,24,31,0.2903225806451613,0.16095620718432874,0.6,-0.1935483870967742
eurjpy,validation,100,50,36,28,0.35714285714285715,0.20705611972458876,0.7692307692307693,-0.10714285714285714
eurjpy,validation,100,50,48,27,0.4074074074074074,0.24514513372857347,0.8461538461538461,-0.07407407407407407
eurjpy,validation,100,50,72,24,0.5,0.3142713162776308,1.0909090909090908,0.041666666666666664
eurjpy,validation,100,60,24,31,0.2903225806451613,0.16095620718432874,0.8181818181818182,-0.06451612903225806
eurjpy,validation,100,60,36,28,0.35714285714285715,0.20705611972458876,0.8333333333333334,-0.07142857142857142
eurjpy,validation,100,60,48,27,0.4074074074074074,0.24514513372857347,0.9166666666666666,-0.037037037037037035
eurjpy,validation,100,60,72,24,0.5,0.3142713162776308,1.0909090909090908,0.041666666666666664
eurjpy,validation,100,75,24,31,0.2903225806451613,0.16095620718432874,0.8181818181818182,-0.06451612903225806
eurjpy,validation,100,75,36,28,0.35714285714285715,0.20705611972458876,0.8333333333333334,-0.07142857142857142
eurjpy,validation,100,75,48,27,0.4074074074074074,0.24514513372857347,0.9166666666666666,-0.037037037037037035
eurjpy,validation,100,75,72,24,0.5,0.3142713162776308,1.0909090909090908,0.041666666666666664
eurjpy,validation,100,90,24,31,0.2903225806451613,0.16095620718432874,1.0,0.0
eurjpy,validation,100,90,36,28,0.35714285714285715,0.20705611972458876,1.0,0.0
eurjpy,validation,100,90,48,27,0.4074074074074074,0.24514513372857347,1.1,0.037037037037037035
eurjpy,validation,100,90,72,24,0.5,0.3142713162776308,1.2,0.08333333333333333
eurjpy,validation,100,100,24,31,0.3225806451612903,0.18569230747313034,1.4285714285714286,0.0967741935483871
eurjpy,validation,100,100,36,28,0.39285714285714285,0.23565451827580033,1.2222222222222223,0.07142857142857142
eurjpy,validation,100,100,48,27,0.4444444444444444,0.27585597670072826,1.3333333333333333,0.1111111111111111
eurjpy,validation,100,100,72,24,0.5416666666666666,0.3507455355310663,1.4444444444444444,0.16666666666666666
eurjpy,oos,40,50,24,22,0.6818181818181818,0.4731822278283934,3.0,0.45454545454545453
eurjpy,oos,40,50,36,21,0.7142857142857143,0.5004322617716241,3.0,0.47619047619047616
eurjpy,oos,40,50,48,18,0.8333333333333334,0.6077750036164077,5.0,0.6666666666666666
eurjpy,oos,40,50,72,16,0.8125,0.5699064013154177,4.333333333333333,0.625
eurjpy,oos,40,60,24,22,0.6818181818181818,0.4731822278283934,3.0,0.45454545454545453
eurjpy,oos,40,60,36,21,0.7142857142857143,0.5004322617716241,3.0,0.47619047619047616
eurjpy,oos,40,60,48,18,0.8333333333333334,0.6077750036164077,5.0,0.6666666666666666
eurjpy,oos,40,60,72,16,0.8125,0.5699064013154177,4.333333333333333,0.625
eurjpy,oos,40,75,24,22,0.7272727272727273,0.5184787630099803,4.0,0.5454545454545454
eurjpy,oos,40,75,36,21,0.7619047619047619,0.5490841802765406,4.0,0.5714285714285714
eurjpy,oos,40,75,48,18,0.8888888888888888,0.6719975513339578,8.0,0.7777777777777778
eurjpy,oos,40,75,72,16,0.875,0.6397666856325172,7.0,0.75
eurjpy,oos,40,90,24,22,0.7727272727272727,0.5655964393704065,17.0,0.7272727272727273
eurjpy,oos,40,90,36,21,0.8095238095238095,0.599990134607267,5.666666666666667,0.6666666666666666
eurjpy,oos,40,90,48,18,0.9444444444444444,0.7424220019799247,17.0,0.8888888888888888
eurjpy,oos,40,90,72,16,0.9375,0.7167073163197013,15.0,0.875
eurjpy,oos,40,100,24,22,0.7727272727272727,0.5655964393704065,inf,0.7727272727272727
eurjpy,oos,40,100,36,21,0.9047619047619048,0.7108541613925933,19.0,0.8571428571428571
eurjpy,oos,40,100,48,18,1.0,0.8241154494176252,inf,1.0
eurjpy,oos,40,100,72,16,1.0,0.8063865817272801,inf,1.0
eurjpy,oos,50,50,24,22,0.5909090909090909,0.3873447738289381,2.6,0.36363636363636365
eurjpy,oos,50,50,36,21,0.6190476190476191,0.40878295815501514,2.1666666666666665,0.3333333333333333
eurjpy,oos,50,50,48,18,0.7222222222222222,0.49126922453805477,2.6,0.4444444444444444
eurjpy,oos,50,50,72,16,0.75,0.5050123107060135,3.0,0.5
eurjpy,oos,50,60,24,22,0.5909090909090909,0.3873447738289381,2.6,0.36363636363636365
eurjpy,oos,50,60,36,21,0.6190476190476191,0.40878295815501514,2.6,0.38095238095238093
eurjpy,oos,50,60,48,18,0.7222222222222222,0.49126922453805477,2.6,0.4444444444444444
eurjpy,oos,50,60,72,16,0.75,0.5050123107060135,3.0,0.5
eurjpy,oos,50,75,24,22,0.6363636363636364,0.4295134934371804,3.5,0.45454545454545453
eurjpy,oos,50,75,36,21,0.6666666666666666,0.45373075657210293,3.5,0.47619047619047616
eurjpy,oos,50,75,48,18,0.7777777777777778,0.547849735476945,3.5,0.5555555555555556
eurjpy,oos,50,75,72,16,0.8125,0.5699064013154177,4.333333333333333,0.625
eurjpy,oos,50,90,24,22,0.6818181818181818,0.4731822278283934,15.0,0.6363636363636364
eurjpy,oos,50,90,36,21,0.7142857142857143,0.5004322617716241,5.0,0.5714285714285714
eurjpy,oos,50,90,48,18,0.8333333333333334,0.6077750036164077,7.5,0.7222222222222222
eurjpy,oos,50,90,72,16,0.875,0.6397666856325172,7.0,0.75
eurjpy,oos,50,100,24,22,0.6818181818181818,0.4731822278283934,inf,0.6818181818181818
eurjpy,oos,50,100,36,21,0.8095238095238095,0.599990134607267,17.0,0.7619047619047619
eurjpy,oos,50,100,48,18,0.8888888888888888,0.6719975513339578,16.0,0.8333333333333334
eurjpy,oos,50,100,72,16,0.9375,0.7167073163197013,15.0,0.875
eurjpy,oos,60,50,24,22,0.5,0.3072180469247956,2.2,0.2727272727272727
eurjpy,oos,60,50,36,21,0.5238095238095238,0.3236921790026675,1.8333333333333333,0.23809523809523808
eurjpy,oos,60,50,48,18,0.6111111111111112,0.3861866858065617,2.2,0.3333333333333333
eurjpy,oos,60,50,72,16,0.6875,0.4440393186673406,2.75,0.4375
eurjpy,oos,60,60,24,22,0.5,0.3072180469247956,2.2,0.2727272727272727
eurjpy,oos,60,60,36,21,0.5238095238095238,0.3236921790026675,2.2,0.2857142857142857
eurjpy,oos,60,60,48,18,0.6111111111111112,0.3861866858065617,2.2,0.3333333333333333
eurjpy,oos,60,60,72,16,0.6875,0.4440393186673406,2.75,0.4375
eurjpy,oos,60,75,24,22,0.5454545454545454,0.3465947328904156,3.0,0.36363636363636365
eurjpy,oos,60,75,36,21,0.5714285714285714,0.3654621629703245,3.0,0.38095238095238093
eurjpy,oos,60,75,48,18,0.6666666666666666,0.4374906934425036,3.0,0.4444444444444444
eurjpy,oos,60,75,72,16,0.75,0.5050123107060135,4.0,0.5625
eurjpy,oos,60,90,24,22,0.5909090909090909,0.3873447738289381,13.0,0.5454545454545454
eurjpy,oos,60,90,36,21,0.5714285714285714,0.3654621629703245,4.0,0.42857142857142855
eurjpy,oos,60,90,48,18,0.6666666666666666,0.4374906934425036,6.0,0.5555555555555556
eurjpy,oos,60,90,72,16,0.75,0.5050123107060135,6.0,0.625
eurjpy,oos,60,100,24,22,0.5909090909090909,0.3873447738289381,inf,0.5909090909090909
eurjpy,oos,60,100,36,21,0.6190476190476191,0.40878295815501514,13.0,0.5714285714285714
eurjpy,oos,60,100,48,18,0.6666666666666666,0.4374906934425036,12.0,0.6111111111111112
eurjpy,oos,60,100,72,16,0.8125,0.5699064013154177,13.0,0.75
eurjpy,oos,75,50,24,22,0.3181818181818182,0.16360387354692477,1.4,0.09090909090909091
eurjpy,oos,75,50,36,21,0.38095238095238093,0.20750767797982508,1.0,0.0
eurjpy,oos,75,50,48,18,0.4444444444444444,0.24559231101389123,1.1428571428571428,0.05555555555555555
eurjpy,oos,75,50,72,16,0.4375,0.2309836333518552,1.1666666666666667,0.0625
eurjpy,oos,75,60,24,22,0.3181818181818182,0.16360387354692477,1.4,0.09090909090909091
eurjpy,oos,75,60,36,21,0.38095238095238093,0.20750767797982508,1.1428571428571428,0.047619047619047616
eurjpy,oos,75,60,48,18,0.4444444444444444,0.24559231101389123,1.1428571428571428,0.05555555555555555
eurjpy,oos,75,60,72,16,0.4375,0.2309836333518552,1.1666666666666667,0.0625
eurjpy,oos,75,75,24,22,0.3181818181818182,0.16360387354692477,1.75,0.13636363636363635
eurjpy,oos,75,75,36,21,0.42857142857142855,0.24469699486521046,1.5,0.14285714285714285
eurjpy,oos,75,75,48,18,0.5,0.2903070395897999,1.5,0.16666666666666666
eurjpy,oos,75,75,72,16,0.5,0.2799923761135083,1.6,0.1875
eurjpy,oos,75,90,24,22,0.36363636363636365,0.19732972772607899,8.0,0.3181818181818182
eurjpy,oos,75,90,36,21,0.42857142857142855,0.24469699486521046,2.25,0.23809523809523808
eurjpy,oos,75,90,48,18,0.5,0.2903070395897999,3.0,0.3333333333333333
eurjpy,oos,75,90,72,16,0.5625,0.3317819560677652,3.0,0.375
eurjpy,oos,75,100,24,22,0.36363636363636365,0.19732972772607899,inf,0.36363636363636365
eurjpy,oos,75,100,36,21,0.47619047619047616,0.28343712296762946,10.0,0.42857142857142855
eurjpy,oos,75,100,48,18,0.5,0.2903070395897999,4.5,0.3888888888888889
eurjpy,oos,75,100,72,16,0.5625,0.3317819560677652,4.5,0.4375
eurjpy,oos,100,50,24,22,0.09090909090909091,0.025294896282837778,0.2857142857142857,-0.22727272727272727
eurjpy,oos,100,50,36,21,0.19047619047619047,0.07667440615177303,0.4,-0.2857142857142857
eurjpy,oos,100,50,48,18,0.16666666666666666,0.058364704004657555,0.3333333333333333,-0.3333333333333333
eurjpy,oos,100,50,72,16,0.3125,0.14164435051961052,0.625,-0.1875
eurjpy,oos,100,60,24,22,0.09090909090909091,0.025294896282837778,0.2857142857142857,-0.22727272727272727
eurjpy,oos,100,60,36,21,0.19047619047619047,0.07667440615177303,0.4444444444444444,-0.23809523809523808
eurjpy,oos,100,60,48,18,0.16666666666666666,0.058364704004657555,0.3333333333333333,-0.3333333333333333
eurjpy,oos,100,60,72,16,0.3125,0.14164435051961052,0.625,-0.1875
eurjpy,oos,100,75,24,22,0.09090909090909091,0.025294896282837778,0.3333333333333333,-0.18181818181818182
eurjpy,oos,100,75,36,21,0.19047619047619047,0.07667440615177303,0.5,-0.19047619047619047
eurjpy,oos,100,75,48,18,0.2222222222222222,0.09000781913382,0.5,-0.2222222222222222
eurjpy,oos,100,75,72,16,0.375,0.18480982554752803,0.8571428571428571,-0.0625
eurjpy,oos,100,90,24,22,0.09090909090909091,0.025294896282837778,1.0,0.0
eurjpy,oos,100,90,36,21,0.19047619047619047,0.07667440615177303,0.8,-0.047619047619047616
eurjpy,oos,100,90,48,18,0.2222222222222222,0.09000781913382,1.0,0.0
eurjpy,oos,100,90,72,16,0.375,0.18480982554752803,1.5,0.125
eurjpy,oos,100,100,24,22,0.09090909090909091,0.025294896282837778,inf,0.09090909090909091
eurjpy,oos,100,100,36,21,0.19047619047619047,0.07667440615177303,4.0,0.14285714285714285
eurjpy,oos,100,100,48,18,0.2222222222222222,0.09000781913382,2.0,0.1111111111111111
eurjpy,oos,100,100,72,16,0.4375,0.2309836333518552,3.5,0.3125
gbpjpy,discovery,40,50,24,74,0.527027027027027,0.4147715831154743,1.2580645161290323,0.10810810810810811
gbpjpy,discovery,40,50,36,69,0.5652173913043478,0.4478819321166955,1.3,0.13043478260869565
gbpjpy,discovery,40,50,48,62,0.5483870967741935,0.4253229453059872,1.2142857142857142,0.0967741935483871
gbpjpy,discovery,40,50,72,58,0.5344827586206896,0.40799953310272963,1.1481481481481481,0.06896551724137931
gbpjpy,discovery,40,60,24,74,0.5540540540540541,0.4409291962707845,1.4642857142857142,0.17567567567567569
gbpjpy,discovery,40,60,36,69,0.5942028985507246,0.4763567368169741,1.5185185185185186,0.2028985507246377
gbpjpy,discovery,40,60,48,62,0.5645161290322581,0.4409276740746584,1.2962962962962963,0.12903225806451613
gbpjpy,discovery,40,60,72,58,0.5517241379310345,0.4245185822161052,1.2307692307692308,0.10344827586206896
gbpjpy,discovery,40,75,24,74,0.6351351351351351,0.5213160229966365,2.473684210526316,0.3783783783783784
gbpjpy,discovery,40,75,36,69,0.6811594202898551,0.5641565251834875,2.611111111111111,0.42028985507246375
gbpjpy,discovery,40,75,48,62,0.6774193548387096,0.5536785443578454,2.210526315789474,0.3709677419354839
gbpjpy,discovery,40,75,72,58,0.6724137931034483,0.5442381364257336,2.1666666666666665,0.3620689655172414
gbpjpy,discovery,40,90,24,74,0.6351351351351351,0.5213160229966365,2.764705882352941,0.40540540540540543
gbpjpy,discovery,40,90,36,69,0.6811594202898551,0.5641565251834875,2.611111111111111,0.42028985507246375
gbpjpy,discovery,40,90,48,62,0.6774193548387096,0.5536785443578454,2.3333333333333335,0.3870967741935484
gbpjpy,discovery,40,90,72,58,0.6724137931034483,0.5442381364257336,2.2941176470588234,0.3793103448275862
gbpjpy,discovery,40,100,24,74,0.6351351351351351,0.5213160229966365,2.764705882352941,0.40540540540540543
gbpjpy,discovery,40,100,36,69,0.6811594202898551,0.5641565251834875,2.9375,0.4492753623188406
gbpjpy,discovery,40,100,48,62,0.6774193548387096,0.5536785443578454,2.3333333333333335,0.3870967741935484
gbpjpy,discovery,40,100,72,58,0.6724137931034483,0.5442381364257336,2.2941176470588234,0.3793103448275862
gbpjpy,discovery,50,50,24,74,0.43243243243243246,0.32565937789932076,0.9142857142857143,-0.04054054054054054
gbpjpy,discovery,50,50,36,69,0.4782608695652174,0.36468525497597737,0.9705882352941176,-0.014492753623188406
gbpjpy,discovery,50,50,48,62,0.4838709677419355,0.3640965420650529,0.967741935483871,-0.016129032258064516
gbpjpy,discovery,50,50,72,58,0.46551724137931033,0.3433181535782671,0.8709677419354839,-0.06896551724137931
gbpjpy,discovery,50,60,24,74,0.4594594594594595,0.35073184428251214,1.096774193548387,0.04054054054054054
gbpjpy,discovery,50,60,36,69,0.5072463768115942,0.3920506638364835,1.1290322580645162,0.057971014492753624
gbpjpy,discovery,50,60,48,62,0.5,0.37922532216457727,1.0333333333333334,0.016129032258064516
gbpjpy,discovery,50,60,72,58,0.4827586206896552,0.35927974452990297,0.9333333333333333,-0.034482758620689655
gbpjpy,discovery,50,75,24,74,0.5135135135135135,0.40180918267194504,1.7272727272727273,0.21621621621621623
gbpjpy,discovery,50,75,36,69,0.5942028985507246,0.4763567368169741,1.8636363636363635,0.2753623188405797
gbpjpy,discovery,50,75,48,62,0.6129032258064516,0.4884761620578099,1.7272727272727273,0.25806451612903225
gbpjpy,discovery,50,75,72,58,0.603448275862069,0.47492982807449885,1.5909090909090908,0.22413793103448276
gbpjpy,discovery,50,90,24,74,0.5135135135135135,0.40180918267194504,1.9,0.24324324324324326
gbpjpy,discovery,50,90,36,69,0.5942028985507246,0.4763567368169741,1.8636363636363635,0.2753623188405797
gbpjpy,discovery,50,90,48,62,0.6129032258064516,0.4884761620578099,1.8095238095238095,0.27419354838709675
gbpjpy,discovery,50,90,72,58,0.603448275862069,0.47492982807449885,1.75,0.25862068965517243
gbpjpy,discovery,50,100,24,74,0.5135135135135135,0.40180918267194504,2.0,0.25675675675675674
gbpjpy,discovery,50,100,36,69,0.5942028985507246,0.4763567368169741,2.1578947368421053,0.3188405797101449
gbpjpy,discovery,50,100,48,62,0.6129032258064516,0.4884761620578099,1.8095238095238095,0.27419354838709675
gbpjpy,discovery,50,100,72,58,0.603448275862069,0.47492982807449885,1.75,0.25862068965517243
gbpjpy,discovery,60,50,24,74,0.4189189189189189,0.3132415706072719,0.8857142857142857,-0.05405405405405406
gbpjpy,discovery,60,50,36,69,0.463768115942029,0.35113991297637237,0.9142857142857143,-0.043478260869565216
gbpjpy,discovery,60,50,48,62,0.4838709677419355,0.3640965420650529,0.967741935483871,-0.016129032258064516
gbpjpy,discovery,60,50,72,58,0.46551724137931033,0.3433181535782671,0.8709677419354839,-0.06896551724137931
gbpjpy,discovery,60,60,24,74,0.44594594594594594,0.33815638584551055,1.064516129032258,0.02702702702702703
gbpjpy,discovery,60,60,36,69,0.4927536231884058,0.3783222449110343,1.0625,0.028985507246376812
gbpjpy,discovery,60,60,48,62,0.5,0.37922532216457727,1.0333333333333334,0.016129032258064516
gbpjpy,discovery,60,60,72,58,0.4827586206896552,0.35927974452990297,0.9333333333333333,-0.034482758620689655
gbpjpy,discovery,60,75,24,74,0.4864864864864865,0.37611598006562663,1.565217391304348,0.17567567567567569
gbpjpy,discovery,60,75,36,69,0.5507246376811594,0.4337855919125332,1.5833333333333333,0.2028985507246377
gbpjpy,discovery,60,75,48,62,0.5806451612903226,0.45665361737846166,1.565217391304348,0.20967741935483872
gbpjpy,discovery,60,75,72,58,0.5689655172413793,0.44117876705727427,1.434782608695652,0.1724137931034483
gbpjpy,discovery,60,90,24,74,0.4864864864864865,0.37611598006562663,1.7142857142857142,0.20270270270270271
gbpjpy,discovery,60,90,36,69,0.5507246376811594,0.4337855919125332,1.5833333333333333,0.2028985507246377
gbpjpy,discovery,60,90,48,62,0.5806451612903226,0.45665361737846166,1.6363636363636365,0.22580645161290322
gbpjpy,discovery,60,90,72,58,0.5689655172413793,0.44117876705727427,1.5714285714285714,0.20689655172413793
gbpjpy,discovery,60,100,24,74,0.4864864864864865,0.37611598006562663,1.8,0.21621621621621623
gbpjpy,discovery,60,100,36,69,0.5507246376811594,0.4337855919125332,1.8095238095238095,0.2463768115942029
gbpjpy,discovery,60,100,48,62,0.5806451612903226,0.45665361737846166,1.6363636363636365,0.22580645161290322
gbpjpy,discovery,60,100,72,58,0.5689655172413793,0.44117876705727427,1.5714285714285714,0.20689655172413793
gbpjpy,discovery,75,50,24,74,0.3783783783783784,0.2764736658122867,0.8,-0.0945945945945946
gbpjpy,discovery,75,50,36,69,0.4057971014492754,0.29788729078613463,0.7567567567567568,-0.13043478260869565
gbpjpy,discovery,75,50,48,62,0.41935483870967744,0.30477395467281665,0.7878787878787878,-0.11290322580645161
gbpjpy,discovery,75,50,72,58,0.43103448275862066,0.3118160080083492,0.7575757575757576,-0.13793103448275862
gbpjpy,discovery,75,60,24,74,0.40540540540540543,0.3009038972107517,0.967741935483871,-0.013513513513513514
gbpjpy,discovery,75,60,36,69,0.43478260869565216,0.3243261617876528,0.9090909090909091,-0.043478260869565216
gbpjpy,discovery,75,60,48,62,0.43548387096774194,0.3194239439101423,0.84375,-0.08064516129032258
gbpjpy,discovery,75,60,72,58,0.4482758620689655,0.32749651292941145,0.8125,-0.10344827586206896
gbpjpy,discovery,75,75,24,74,0.44594594594594594,0.33815638584551055,1.434782608695652,0.13513513513513514
gbpjpy,discovery,75,75,36,69,0.4927536231884058,0.3783222449110343,1.4166666666666667,0.14492753623188406
gbpjpy,discovery,75,75,48,62,0.5161290322580645,0.3944724746061819,1.3333333333333333,0.12903225806451613
gbpjpy,discovery,75,75,72,58,0.5344827586206896,0.40799953310272963,1.2916666666666667,0.1206896551724138
gbpjpy,discovery,75,90,24,74,0.44594594594594594,0.33815638584551055,1.5714285714285714,0.16216216216216217
gbpjpy,discovery,75,90,36,69,0.4927536231884058,0.3783222449110343,1.4166666666666667,0.14492753623188406
gbpjpy,discovery,75,90,48,62,0.5161290322580645,0.3944724746061819,1.4545454545454546,0.16129032258064516
gbpjpy,discovery,75,90,72,58,0.5344827586206896,0.40799953310272963,1.4761904761904763,0.1724137931034483
gbpjpy,discovery,75,100,24,74,0.44594594594594594,0.33815638584551055,1.65,0.17567567567567569
gbpjpy,discovery,75,100,36,69,0.4927536231884058,0.3783222449110343,1.619047619047619,0.18840579710144928
gbpjpy,discovery,75,100,48,62,0.5161290322580645,0.3944724746061819,1.4545454545454546,0.16129032258064516
gbpjpy,discovery,75,100,72,58,0.5344827586206896,0.40799953310272963,1.4761904761904763,0.1724137931034483
gbpjpy,discovery,100,50,24,74,0.2972972972972973,0.20527071065162364,0.5945945945945946,-0.20270270270270271
gbpjpy,discovery,100,50,36,69,0.3188405797101449,0.2209460520472577,0.5641025641025641,-0.2463768115942029
gbpjpy,discovery,100,50,48,62,0.3709677419354839,0.2615698887927419,0.6764705882352942,-0.1774193548387097
gbpjpy,discovery,100,50,72,58,0.3793103448275862,0.26564088902603683,0.6470588235294118,-0.20689655172413793
gbpjpy,discovery,100,60,24,74,0.32432432432432434,0.22863921647459504,0.7272727272727273,-0.12162162162162163
gbpjpy,discovery,100,60,36,69,0.34782608695652173,0.2461797794825202,0.6857142857142857,-0.15942028985507245
gbpjpy,discovery,100,60,48,62,0.3709677419354839,0.2615698887927419,0.696969696969697,-0.16129032258064516
gbpjpy,discovery,100,60,72,58,0.39655172413793105,0.28088568950111137,0.696969696969697,-0.1724137931034483
gbpjpy,discovery,100,75,24,74,0.36486486486486486,0.26438399693345177,1.08,0.02702702702702703
gbpjpy,discovery,100,75,36,69,0.4057971014492754,0.29788729078613463,1.0769230769230769,0.028985507246376812
gbpjpy,discovery,100,75,48,62,0.43548387096774194,0.3194239439101423,1.08,0.03225806451612903
gbpjpy,discovery,100,75,72,58,0.4827586206896552,0.35927974452990297,1.12,0.05172413793103448
gbpjpy,discovery,100,90,24,74,0.36486486486486486,0.26438399693345177,1.173913043478261,0.05405405405405406
gbpjpy,discovery,100,90,36,69,0.4057971014492754,0.29788729078613463,1.0769230769230769,0.028985507246376812
gbpjpy,discovery,100,90,48,62,0.43548387096774194,0.3194239439101423,1.173913043478261,0.06451612903225806
gbpjpy,discovery,100,90,72,58,0.4827586206896552,0.35927974452990297,1.2727272727272727,0.10344827586206896
gbpjpy,discovery,100,100,24,74,0.36486486486486486,0.26438399693345177,1.2272727272727273,0.06756756756756757
gbpjpy,discovery,100,100,36,69,0.4057971014492754,0.29788729078613463,1.2173913043478262,0.07246376811594203
gbpjpy,discovery,100,100,48,62,0.43548387096774194,0.3194239439101423,1.173913043478261,0.06451612903225806
gbpjpy,discovery,100,100,72,58,0.4827586206896552,0.35927974452990297,1.2727272727272727,0.10344827586206896
gbpjpy,validation,40,50,24,23,0.6086956521739131,0.40785179603745997,1.5555555555555556,0.21739130434782608
gbpjpy,validation,40,50,36,22,0.5909090909090909,0.3873447738289381,1.4444444444444444,0.18181818181818182
gbpjpy,validation,40,50,48,21,0.6190476190476191,0.40878295815501514,1.625,0.23809523809523808
gbpjpy,validation,40,50,72,17,0.5882352941176471,0.3600507438551554,1.4285714285714286,0.17647058823529413
gbpjpy,validation,40,60,24,23,0.6086956521739131,0.40785179603745997,1.5555555555555556,0.21739130434782608
gbpjpy,validation,40,60,36,22,0.5909090909090909,0.3873447738289381,1.4444444444444444,0.18181818181818182
gbpjpy,validation,40,60,48,21,0.6190476190476191,0.40878295815501514,1.625,0.23809523809523808
gbpjpy,validation,40,60,72,17,0.5882352941176471,0.3600507438551554,1.4285714285714286,0.17647058823529413
gbpjpy,validation,40,75,24,23,0.6521739130434783,0.4488997690689163,2.142857142857143,0.34782608695652173
gbpjpy,validation,40,75,36,22,0.6363636363636364,0.4295134934371804,1.75,0.2727272727272727
gbpjpy,validation,40,75,48,21,0.6666666666666666,0.45373075657210293,2.0,0.3333333333333333
gbpjpy,validation,40,75,72,17,0.6470588235294118,0.4129996672121183,1.8333333333333333,0.29411764705882354
gbpjpy,validation,40,90,24,23,0.6521739130434783,0.4488997690689163,2.142857142857143,0.34782608695652173
gbpjpy,validation,40,90,36,22,0.6818181818181818,0.4731822278283934,2.142857142857143,0.36363636363636365
gbpjpy,validation,40,90,48,21,0.7142857142857143,0.5004322617716241,2.5,0.42857142857142855
gbpjpy,validation,40,90,72,17,0.7058823529411765,0.468664666737861,2.4,0.4117647058823529
gbpjpy,validation,40,100,24,23,0.6956521739130435,0.4913387093942739,2.6666666666666665,0.43478260869565216
gbpjpy,validation,40,100,36,22,0.7272727272727273,0.5184787630099803,2.6666666666666665,0.45454545454545453
gbpjpy,validation,40,100,48,21,0.7619047619047619,0.5490841802765406,3.2,0.5238095238095238
gbpjpy,validation,40,100,72,17,0.7647058823529411,0.5273775411082839,3.25,0.5294117647058824
gbpjpy,validation,50,50,24,23,0.5217391304347826,0.32962429864218495,1.2,0.08695652173913043
gbpjpy,validation,50,50,36,22,0.5454545454545454,0.3465947328904156,1.2,0.09090909090909091
gbpjpy,validation,50,50,48,21,0.5714285714285714,0.3654621629703245,1.3333333333333333,0.14285714285714285
gbpjpy,validation,50,50,72,17,0.5294117647058824,0.3096289731154949,1.125,0.058823529411764705
gbpjpy,validation,50,60,24,23,0.5217391304347826,0.32962429864218495,1.2,0.08695652173913043
gbpjpy,validation,50,60,36,22,0.5454545454545454,0.3465947328904156,1.2,0.09090909090909091
gbpjpy,validation,50,60,48,21,0.5714285714285714,0.3654621629703245,1.3333333333333333,0.14285714285714285
gbpjpy,validation,50,60,72,17,0.5294117647058824,0.3096289731154949,1.125,0.058823529411764705
gbpjpy,validation,50,75,24,23,0.5217391304347826,0.32962429864218495,1.3333333333333333,0.13043478260869565
gbpjpy,validation,50,75,36,22,0.5454545454545454,0.3465947328904156,1.2,0.09090909090909091
gbpjpy,validation,50,75,48,21,0.5714285714285714,0.3654621629703245,1.3333333333333333,0.14285714285714285
gbpjpy,validation,50,75,72,17,0.5294117647058824,0.3096289731154949,1.125,0.058823529411764705
gbpjpy,validation,50,90,24,23,0.5217391304347826,0.32962429864218495,1.3333333333333333,0.13043478260869565
gbpjpy,validation,50,90,36,22,0.5454545454545454,0.3465947328904156,1.3333333333333333,0.13636363636363635
gbpjpy,validation,50,90,48,21,0.5714285714285714,0.3654621629703245,1.5,0.19047619047619047
gbpjpy,validation,50,90,72,17,0.5882352941176471,0.3600507438551554,1.4285714285714286,0.17647058823529413
gbpjpy,validation,50,100,24,23,0.5652173913043478,0.36811049305016963,1.625,0.21739130434782608
gbpjpy,validation,50,100,36,22,0.5909090909090909,0.3873447738289381,1.625,0.22727272727272727
gbpjpy,validation,50,100,48,21,0.6190476190476191,0.40878295815501514,1.8571428571428572,0.2857142857142857
gbpjpy,validation,50,100,72,17,0.6470588235294118,0.4129996672121183,1.8333333333333333,0.29411764705882354
gbpjpy,validation,60,50,24,23,0.43478260869565216,0.25634368332198654,0.8333333333333334,-0.08695652173913043
gbpjpy,validation,60,50,36,22,0.5,0.3072180469247956,1.0,0.0
gbpjpy,validation,60,50,48,21,0.5238095238095238,0.3236921790026675,1.1,0.047619047619047616
gbpjpy,validation,60,50,72,17,0.47058823529411764,0.26164801196088106,0.8888888888888888,-0.058823529411764705
gbpjpy,validation,60,60,24,23,0.43478260869565216,0.25634368332198654,0.8333333333333334,-0.08695652173913043
gbpjpy,validation,60,60,36,22,0.5,0.3072180469247956,1.0,0.0
gbpjpy,validation,60,60,48,21,0.5238095238095238,0.3236921790026675,1.1,0.047619047619047616
gbpjpy,validation,60,60,72,17,0.47058823529411764,0.26164801196088106,0.8888888888888888,-0.058823529411764705
gbpjpy,validation,60,75,24,23,0.43478260869565216,0.25634368332198654,0.9090909090909091,-0.043478260869565216
gbpjpy,validation,60,75,36,22,0.5,0.3072180469247956,1.0,0.0
gbpjpy,validation,60,75,48,21,0.5238095238095238,0.3236921790026675,1.1,0.047619047619047616
gbpjpy,validation,60,75,72,17,0.47058823529411764,0.26164801196088106,0.8888888888888888,-0.058823529411764705
gbpjpy,validation,60,90,24,23,0.43478260869565216,0.25634368332198654,0.9090909090909091,-0.043478260869565216
gbpjpy,validation,60,90,36,22,0.5,0.3072180469247956,1.1,0.045454545454545456
gbpjpy,validation,60,90,48,21,0.5238095238095238,0.3236921790026675,1.2222222222222223,0.09523809523809523
gbpjpy,validation,60,90,72,17,0.5294117647058824,0.3096289731154949,1.125,0.058823529411764705
gbpjpy,validation,60,100,24,23,0.4782608695652174,0.29236869539945726,1.1,0.043478260869565216
gbpjpy,validation,60,100,36,22,0.5454545454545454,0.3465947328904156,1.3333333333333333,0.13636363636363635
gbpjpy,validation,60,100,48,21,0.5714285714285714,0.3654621629703245,1.5,0.19047619047619047
gbpjpy,validation,60,100,72,17,0.5882352941176471,0.3600507438551554,1.4285714285714286,0.17647058823529413
gbpjpy,validation,75,50,24,23,0.34782608695652173,0.18811054636982238,0.5714285714285714,-0.2608695652173913
gbpjpy,validation,75,50,36,22,0.4090909090909091,0.23255559668820378,0.6923076923076923,-0.18181818181818182
gbpjpy,validation,75,50,48,21,0.42857142857142855,0.24469699486521046,0.75,-0.14285714285714285
gbpjpy,validation,75,50,72,17,0.4117647058823529,0.21610786039131383,0.7,-0.17647058823529413
gbpjpy,validation,75,60,24,23,0.34782608695652173,0.18811054636982238,0.5714285714285714,-0.2608695652173913
gbpjpy,validation,75,60,36,22,0.4090909090909091,0.23255559668820378,0.6923076923076923,-0.18181818181818182
gbpjpy,validation,75,60,48,21,0.42857142857142855,0.24469699486521046,0.75,-0.14285714285714285
gbpjpy,validation,75,60,72,17,0.4117647058823529,0.21610786039131383,0.7,-0.17647058823529413
gbpjpy,validation,75,75,24,23,0.34782608695652173,0.18811054636982238,0.6153846153846154,-0.21739130434782608
gbpjpy,validation,75,75,36,22,0.4090909090909091,0.23255559668820378,0.6923076923076923,-0.18181818181818182
gbpjpy,validation,75,75,48,21,0.42857142857142855,0.24469699486521046,0.75,-0.14285714285714285
gbpjpy,validation,75,75,72,17,0.4117647058823529,0.21610786039131383,0.7,-0.17647058823529413
gbpjpy,validation,75,90,24,23,0.34782608695652173,0.18811054636982238,0.6666666666666666,-0.17391304347826086
gbpjpy,validation,75,90,36,22,0.4090909090909091,0.23255559668820378,0.8181818181818182,-0.09090909090909091
gbpjpy,validation,75,90,48,21,0.42857142857142855,0.24469699486521046,0.9,-0.047619047619047616
gbpjpy,validation,75,90,72,17,0.47058823529411764,0.26164801196088106,0.8888888888888888,-0.058823529411764705
gbpjpy,validation,75,100,24,23,0.34782608695652173,0.18811054636982238,0.7272727272727273,-0.13043478260869565
gbpjpy,validation,75,100,36,22,0.4090909090909091,0.23255559668820378,0.9,-0.045454545454545456
gbpjpy,validation,75,100,48,21,0.42857142857142855,0.24469699486521046,0.9,-0.047619047619047616
gbpjpy,validation,75,100,72,17,0.47058823529411764,0.26164801196088106,0.8888888888888888,-0.058823529411764705
gbpjpy,validation,100,50,24,23,0.2608695652173913,0.1254844588924897,0.4,-0.391304347826087
gbpjpy,validation,100,50,36,22,0.36363636363636365,0.19732972772607899,0.5714285714285714,-0.2727272727272727
gbpjpy,validation,100,50,48,21,0.38095238095238093,0.20750767797982508,0.6153846153846154,-0.23809523809523808
gbpjpy,validation,100,50,72,17,0.35294117647058826,0.17309486143904904,0.5454545454545454,-0.29411764705882354
gbpjpy,validation,100,60,24,23,0.2608695652173913,0.1254844588924897,0.4,-0.391304347826087
gbpjpy,validation,100,60,36,22,0.36363636363636365,0.19732972772607899,0.5714285714285714,-0.2727272727272727
gbpjpy,validation,100,60,48,21,0.38095238095238093,0.20750767797982508,0.6153846153846154,-0.23809523809523808
gbpjpy,validation,100,60,72,17,0.35294117647058826,0.17309486143904904,0.5454545454545454,-0.29411764705882354
gbpjpy,validation,100,75,24,23,0.2608695652173913,0.1254844588924897,0.42857142857142855,-0.34782608695652173
gbpjpy,validation,100,75,36,22,0.36363636363636365,0.19732972772607899,0.5714285714285714,-0.2727272727272727
gbpjpy,validation,100,75,48,21,0.38095238095238093,0.20750767797982508,0.6153846153846154,-0.23809523809523808
gbpjpy,validation,100,75,72,17,0.35294117647058826,0.17309486143904904,0.5454545454545454,-0.29411764705882354
gbpjpy,validation,100,90,24,23,0.2608695652173913,0.1254844588924897,0.5,-0.2608695652173913
gbpjpy,validation,100,90,36,22,0.36363636363636365,0.19732972772607899,0.6666666666666666,-0.18181818181818182
gbpjpy,validation,100,90,48,21,0.38095238095238093,0.20750767797982508,0.7272727272727273,-0.14285714285714285
gbpjpy,validation,100,90,72,17,0.35294117647058826,0.17309486143904904,0.5454545454545454,-0.29411764705882354
gbpjpy,validation,100,100,24,23,0.2608695652173913,0.1254844588924897,0.5454545454545454,-0.21739130434782608
gbpjpy,validation,100,100,36,22,0.36363636363636365,0.19732972772607899,0.8,-0.09090909090909091
gbpjpy,validation,100,100,48,21,0.42857142857142855,0.24469699486521046,0.9,-0.047619047619047616
gbpjpy,validation,100,100,72,17,0.4117647058823529,0.21610786039131383,0.7,-0.17647058823529413
gbpjpy,oos,40,50,24,24,0.5833333333333334,0.3883433764938864,1.75,0.25
gbpjpy,oos,40,50,36,24,0.6666666666666666,0.46705959494080457,2.2857142857142856,0.375
gbpjpy,oos,40,50,48,20,0.7,0.4810232237710205,2.3333333333333335,0.4
gbpjpy,oos,40,50,72,20,0.7,0.4810232237710205,2.3333333333333335,0.4
gbpjpy,oos,40,60,24,24,0.5833333333333334,0.3883433764938864,2.0,0.2916666666666667
gbpjpy,oos,40,60,36,24,0.6666666666666666,0.46705959494080457,2.2857142857142856,0.375
gbpjpy,oos,40,60,48,20,0.7,0.4810232237710205,2.3333333333333335,0.4
gbpjpy,oos,40,60,72,20,0.7,0.4810232237710205,2.3333333333333335,0.4
gbpjpy,oos,40,75,24,24,0.5833333333333334,0.3883433764938864,2.3333333333333335,0.3333333333333333
gbpjpy,oos,40,75,36,24,0.6666666666666666,0.46705959494080457,2.6666666666666665,0.4166666666666667
gbpjpy,oos,40,75,48,20,0.75,0.5312949900419365,3.0,0.5
gbpjpy,oos,40,75,72,20,0.75,0.5312949900419365,3.0,0.5
gbpjpy,oos,40,90,24,24,0.5833333333333334,0.3883433764938864,2.8,0.375
gbpjpy,oos,40,90,36,24,0.75,0.5510017468789357,4.5,0.5833333333333334
gbpjpy,oos,40,90,48,20,0.75,0.5312949900419365,3.0,0.5
gbpjpy,oos,40,90,72,20,0.75,0.5312949900419365,3.0,0.5
gbpjpy,oos,40,100,24,24,0.5833333333333334,0.3883433764938864,4.666666666666667,0.4583333333333333
gbpjpy,oos,40,100,36,24,0.8333333333333334,0.6414652961213058,10.0,0.75
gbpjpy,oos,40,100,48,20,0.85,0.6395767041130426,5.666666666666667,0.7
gbpjpy,oos,40,100,72,20,0.85,0.6395767041130426,5.666666666666667,0.7
gbpjpy,oos,50,50,24,24,0.5833333333333334,0.3883433764938864,1.75,0.25
gbpjpy,oos,50,50,36,24,0.5833333333333334,0.3883433764938864,2.0,0.2916666666666667
gbpjpy,oos,50,50,48,20,0.65,0.43285051021946475,2.1666666666666665,0.35
gbpjpy,oos,50,50,72,20,0.7,0.4810232237710205,2.3333333333333335,0.4
gbpjpy,oos,50,60,24,24,0.5833333333333334,0.3883433764938864,2.0,0.2916666666666667
gbpjpy,oos,50,60,36,24,0.5833333333333334,0.3883433764938864,2.0,0.2916666666666667
gbpjpy,oos,50,60,48,20,0.65,0.43285051021946475,2.1666666666666665,0.35
gbpjpy,oos,50,60,72,20,0.7,0.4810232237710205,2.3333333333333335,0.4
gbpjpy,oos,50,75,24,24,0.5833333333333334,0.3883433764938864,2.3333333333333335,0.3333333333333333
gbpjpy,oos,50,75,36,24,0.5833333333333334,0.3883433764938864,2.3333333333333335,0.3333333333333333
gbpjpy,oos,50,75,48,20,0.7,0.4810232237710205,2.8,0.45
gbpjpy,oos,50,75,72,20,0.75,0.5312949900419365,3.0,0.5
gbpjpy,oos,50,90,24,24,0.5833333333333334,0.3883433764938864,2.8,0.375
gbpjpy,oos,50,90,36,24,0.6666666666666666,0.46705959494080457,4.0,0.5
gbpjpy,oos,50,90,48,20,0.7,0.4810232237710205,2.8,0.45
gbpjpy,oos,50,90,72,20,0.75,0.5312949900419365,3.0,0.5
gbpjpy,oos,50,100,24,24,0.5833333333333334,0.3883433764938864,4.666666666666667,0.4583333333333333
gbpjpy,oos,50,100,36,24,0.75,0.5510017468789357,9.0,0.6666666666666666
gbpjpy,oos,50,100,48,20,0.8,0.5839782779742402,5.333333333333333,0.65
gbpjpy,oos,50,100,72,20,0.85,0.6395767041130426,5.666666666666667,0.7
gbpjpy,oos,60,50,24,24,0.5833333333333334,0.3883433764938864,1.75,0.25
gbpjpy,oos,60,50,36,24,0.5833333333333334,0.3883433764938864,2.0,0.2916666666666667
gbpjpy,oos,60,50,48,20,0.65,0.43285051021946475,2.1666666666666665,0.35
gbpjpy,oos,60,50,72,20,0.7,0.4810232237710205,2.3333333333333335,0.4
gbpjpy,oos,60,60,24,24,0.5833333333333334,0.3883433764938864,2.0,0.2916666666666667
gbpjpy,oos,60,60,36,24,0.5833333333333334,0.3883433764938864,2.0,0.2916666666666667
gbpjpy,oos,60,60,48,20,0.65,0.43285051021946475,2.1666666666666665,0.35
gbpjpy,oos,60,60,72,20,0.7,0.4810232237710205,2.3333333333333335,0.4
gbpjpy,oos,60,75,24,24,0.5833333333333334,0.3883433764938864,2.3333333333333335,0.3333333333333333
gbpjpy,oos,60,75,36,24,0.5833333333333334,0.3883433764938864,2.3333333333333335,0.3333333333333333
gbpjpy,oos,60,75,48,20,0.65,0.43285051021946475,2.6,0.4
gbpjpy,oos,60,75,72,20,0.75,0.5312949900419365,3.0,0.5
gbpjpy,oos,60,90,24,24,0.5833333333333334,0.3883433764938864,2.8,0.375
gbpjpy,oos,60,90,36,24,0.6666666666666666,0.46705959494080457,4.0,0.5
gbpjpy,oos,60,90,48,20,0.65,0.43285051021946475,2.6,0.4
gbpjpy,oos,60,90,72,20,0.75,0.5312949900419365,3.0,0.5
gbpjpy,oos,60,100,24,24,0.5833333333333334,0.3883433764938864,4.666666666666667,0.4583333333333333
gbpjpy,oos,60,100,36,24,0.75,0.5510017468789357,9.0,0.6666666666666666
gbpjpy,oos,60,100,48,20,0.75,0.5312949900419365,5.0,0.6
gbpjpy,oos,60,100,72,20,0.85,0.6395767041130426,5.666666666666667,0.7
gbpjpy,oos,75,50,24,24,0.5,0.3142713162776308,1.5,0.16666666666666666
gbpjpy,oos,75,50,36,24,0.5416666666666666,0.3507455355310663,1.8571428571428572,0.25
gbpjpy,oos,75,50,48,20,0.55,0.34208200830759966,1.5714285714285714,0.2
gbpjpy,oos,75,50,72,20,0.6,0.38657794231520604,1.7142857142857142,0.25
gbpjpy,oos,75,60,24,24,0.5,0.3142713162776308,1.7142857142857142,0.20833333333333334
gbpjpy,oos,75,60,36,24,0.5416666666666666,0.3507455355310663,1.8571428571428572,0.25
gbpjpy,oos,75,60,48,20,0.55,0.34208200830759966,1.8333333333333333,0.25
gbpjpy,oos,75,60,72,20,0.6,0.38657794231520604,1.7142857142857142,0.25
gbpjpy,oos,75,75,24,24,0.5,0.3142713162776308,2.0,0.25
gbpjpy,oos,75,75,36,24,0.5416666666666666,0.3507455355310663,2.1666666666666665,0.2916666666666667
gbpjpy,oos,75,75,48,20,0.55,0.34208200830759966,2.2,0.3
gbpjpy,oos,75,75,72,20,0.6,0.38657794231520604,2.0,0.3
gbpjpy,oos,75,90,24,24,0.5,0.3142713162776308,2.4,0.2916666666666667
gbpjpy,oos,75,90,36,24,0.625,0.42709619037907065,3.75,0.4583333333333333
gbpjpy,oos,75,90,48,20,0.55,0.34208200830759966,2.2,0.3
gbpjpy,oos,75,90,72,20,0.6,0.38657794231520604,2.0,0.3
gbpjpy,oos,75,100,24,24,0.5,0.3142713162776308,4.0,0.375
gbpjpy,oos,75,100,36,24,0.7083333333333334,0.5083193634129031,8.5,0.625
gbpjpy,oos,75,100,48,20,0.65,0.43285051021946475,4.333333333333333,0.5
gbpjpy,oos,75,100,72,20,0.7,0.4810232237710205,3.5,0.5
gbpjpy,oos,100,50,24,24,0.3333333333333333,0.17971978688379645,0.8888888888888888,-0.041666666666666664
gbpjpy,oos,100,50,36,24,0.4166666666666667,0.24467347246538232,1.25,0.08333333333333333
gbpjpy,oos,100,50,48,20,0.4,0.21880396741419272,1.0,0.0
gbpjpy,oos,100,50,72,20,0.4,0.21880396741419272,0.8,-0.1
gbpjpy,oos,100,60,24,24,0.3333333333333333,0.17971978688379645,1.0,0.0
gbpjpy,oos,100,60,36,24,0.4166666666666667,0.24467347246538232,1.25,0.08333333333333333
gbpjpy,oos,100,60,48,20,0.4,0.21880396741419272,1.1428571428571428,0.05
gbpjpy,oos,100,60,72,20,0.4,0.21880396741419272,0.8,-0.1
gbpjpy,oos,100,75,24,24,0.3333333333333333,0.17971978688379645,1.1428571428571428,0.041666666666666664
gbpjpy,oos,100,75,36,24,0.4166666666666667,0.24467347246538232,1.4285714285714286,0.125
gbpjpy,oos,100,75,48,20,0.4,0.21880396741419272,1.3333333333333333,0.1
gbpjpy,oos,100,75,72,20,0.45,0.25819502085709295,1.125,0.05
gbpjpy,oos,100,90,24,24,0.3333333333333333,0.17971978688379645,1.3333333333333333,0.08333333333333333
gbpjpy,oos,100,90,36,24,0.5,0.3142713162776308,2.4,0.2916666666666667
gbpjpy,oos,100,90,48,20,0.4,0.21880396741419272,1.3333333333333333,0.1
gbpjpy,oos,100,90,72,20,0.45,0.25819502085709295,1.125,0.05
gbpjpy,oos,100,100,24,24,0.3333333333333333,0.17971978688379645,2.6666666666666665,0.20833333333333334
gbpjpy,oos,100,100,36,24,0.5,0.3142713162776308,6.0,0.4166666666666667
gbpjpy,oos,100,100,48,20,0.45,0.25819502085709295,3.0,0.3
gbpjpy,oos,100,100,72,20,0.55,0.34208200830759966,2.2,0.3
