tp,sl,horizon,val_min_n,val_min_win,val_min_pf,oos_min_n,oos_min_win,oos_min_pf,val_all_positive,oos_all_positive
40,100,48,20,0.75,3.0,17,0.7058823529411765,6.0,True,True
40,100,24,22,0.6521739130434783,2.5,21,0.5909090909090909,6.5,True,True
40,100,36,21,0.7142857142857143,2.5,19,0.6842105263157895,6.5,True,True
40,90,48,20,0.7,2.3333333333333335,17,0.7058823529411765,3.75,True,True
40,100,72,17,0.6842105263157895,2.1666666666666665,16,0.75,6.0,True,True
40,90,72,17,0.6842105263157895,2.1666666666666665,16,0.75,3.75,True,True
40,90,36,21,0.6666666666666666,2.0,19,0.6842105263157895,5.666666666666667,True,True
40,90,24,22,0.6363636363636364,1.875,21,0.5909090909090909,3.25,True,True
40,75,24,22,0.6363636363636364,1.875,21,0.5909090909090909,2.6,True,True
40,75,48,20,0.65,1.8571428571428572,17,0.7058823529411765,3.75,True,True
40,75,72,17,0.6470588235294118,1.8333333333333333,16,0.6875,3.6666666666666665,True,True
50,100,72,17,0.631578947368421,1.7142857142857142,16,0.75,6.0,True,True
50,100,48,20,0.6,1.7142857142857142,17,0.6470588235294118,5.5,True,True
40,75,36,21,0.6190476190476191,1.625,19,0.6818181818181818,3.0,True,True
50,100,36,21,0.5714285714285714,1.5,19,0.631578947368421,6.0,True,True
50,100,24,22,0.5454545454545454,1.5,21,0.47619047619047616,5.0,True,True
40,60,48,20,0.6,1.5,17,0.6470588235294118,2.75,True,True
40,50,48,20,0.6,1.5,17,0.5882352941176471,2.0,True,True
50,90,72,17,0.5882352941176471,1.4285714285714286,16,0.75,3.75,True,True
50,90,48,20,0.55,1.375,17,0.6470588235294118,3.5,True,True
60,100,48,20,0.55,1.375,17,0.5882352941176471,3.3333333333333335,True,True
60,100,72,17,0.5789473684210527,1.375,16,0.625,3.3333333333333335,True,True
40,60,72,17,0.5789473684210527,1.375,16,0.625,2.0,True,True
40,50,72,17,0.5789473684210527,1.375,16,0.5625,1.5,True,True
40,60,36,21,0.5714285714285714,1.3333333333333333,19,0.631578947368421,2.5,True,True
40,50,36,21,0.5714285714285714,1.3333333333333333,19,0.5789473684210527,2.2,True,True
40,60,24,22,0.5652173913043478,1.3,21,0.5714285714285714,2.1666666666666665,True,True
40,50,24,22,0.5652173913043478,1.3,21,0.5714285714285714,1.8571428571428572,True,True
50,90,36,21,0.5238095238095238,1.2222222222222223,19,0.631578947368421,5.0,True,True
60,100,36,21,0.5238095238095238,1.2222222222222223,19,0.5789473684210527,3.6666666666666665,True,True
50,75,48,20,0.55,1.2222222222222223,17,0.6470588235294118,3.5,True,True
50,90,24,22,0.5,1.2222222222222223,21,0.47619047619047616,3.25,True,True
50,60,48,20,0.55,1.2222222222222223,17,0.5882352941176471,2.5,True,True
50,75,24,22,0.5,1.2222222222222223,21,0.47619047619047616,2.5,True,True
50,50,48,20,0.55,1.2222222222222223,17,0.5294117647058824,1.8,True,True
50,75,72,17,0.5294117647058824,1.125,16,0.6875,3.6666666666666665,True,True
60,90,72,17,0.5294117647058824,1.125,16,0.625,3.3333333333333335,True,True
60,90,48,20,0.5,1.1111111111111112,17,0.5882352941176471,3.25,True,True
50,60,72,17,0.5263157894736842,1.1111111111111112,16,0.625,2.0,True,True
50,50,72,17,0.5263157894736842,1.1111111111111112,16,0.5625,1.5,True,True
50,75,36,21,0.5238095238095238,1.1,19,0.5909090909090909,2.6,True,True
50,60,36,21,0.5238095238095238,1.1,19,0.5789473684210527,2.1666666666666665,True,True
50,50,36,21,0.5238095238095238,1.1,19,0.5263157894736842,2.0,True,True
60,100,24,22,0.45454545454545453,1.0,21,0.42857142857142855,4.5,False,True
60,90,36,21,0.47619047619047616,1.0,19,0.5714285714285714,3.6666666666666665,False,True
60,75,48,20,0.5,1.0,17,0.5882352941176471,2.5,False,True
50,60,24,22,0.4782608695652174,1.0,21,0.42857142857142855,1.8,False,True
60,60,48,20,0.5,1.0,17,0.5294117647058824,1.8,False,True
50,50,24,22,0.4782608695652174,1.0,21,0.42857142857142855,1.5,False,True
60,50,48,20,0.5,1.0,17,0.47058823529411764,1.3333333333333333,False,True
60,75,36,21,0.47619047619047616,0.9090909090909091,19,0.5714285714285714,2.6,False,True
60,60,36,21,0.47619047619047616,0.9090909090909091,19,0.5238095238095238,2.0,False,True
60,50,36,21,0.47619047619047616,0.9090909090909091,19,0.47368421052631576,1.5,False,True
75,100,36,21,0.42857142857142855,0.9,19,0.47368421052631576,2.25,False,True
75,90,48,20,0.45,0.9,17,0.47058823529411764,1.6,False,True
75,100,48,20,0.45,0.9,17,0.47058823529411764,1.6,False,True
60,75,72,17,0.47058823529411764,0.8888888888888888,16,0.5625,2.25,False,True
75,90,72,17,0.47058823529411764,0.8888888888888888,16,0.5,2.0,False,True
75,100,72,17,0.47058823529411764,0.8888888888888888,16,0.5,2.0,False,True
60,60,72,17,0.47058823529411764,0.8888888888888888,16,0.5,1.3333333333333333,False,True
60,90,24,22,0.4090909090909091,0.8181818181818182,21,0.42857142857142855,3.0,False,True
60,75,24,22,0.4090909090909091,0.8181818181818182,21,0.42857142857142855,2.25,False,True
75,90,36,21,0.42857142857142855,0.8181818181818182,19,0.42857142857142855,2.25,False,True
75,75,48,20,0.45,0.8181818181818182,17,0.47058823529411764,1.3333333333333333,False,True
60,60,24,22,0.4090909090909091,0.75,21,0.38095238095238093,1.6,False,True
75,75,36,21,0.42857142857142855,0.75,19,0.42857142857142855,1.5,False,True
60,50,24,22,0.4090909090909091,0.75,21,0.38095238095238093,1.3333333333333333,False,True
75,60,36,21,0.42857142857142855,0.75,19,0.38095238095238093,1.1428571428571428,False,True
75,100,24,22,0.36363636363636365,0.7272727272727273,21,0.3333333333333333,2.3333333333333335,False,True
75,75,72,17,0.4117647058823529,0.7,16,0.5,1.6,False,True
100,100,72,17,0.4117647058823529,0.7,16,0.3125,1.25,False,True
75,90,24,22,0.36363636363636365,0.6666666666666666,21,0.3333333333333333,1.75,False,True
75,75,24,22,0.36363636363636365,0.6666666666666666,21,0.3181818181818182,1.4,False,True
100,90,72,17,0.35294117647058826,0.5454545454545454,16,0.3125,1.25,False,True
60,50,72,17,0.47058823529411764,0.8888888888888888,16,0.4375,1.0,False,False
75,60,48,20,0.45,0.8181818181818182,17,0.4117647058823529,1.0,False,False
100,100,48,20,0.42857142857142855,0.8181818181818182,17,0.2222222222222222,0.8,False,False
75,50,48,20,0.45,0.8181818181818182,17,0.35294117647058826,0.75,False,False
75,50,36,21,0.42857142857142855,0.75,19,0.3684210526315789,1.0,False,False
100,100,36,21,0.36363636363636365,0.7272727272727273,19,0.19047619047619047,1.0,False,False
100,90,48,20,0.4,0.7272727272727273,17,0.2222222222222222,0.8,False,False
75,60,72,17,0.4117647058823529,0.7,16,0.4375,1.0,False,False
75,50,72,17,0.4117647058823529,0.7,16,0.375,0.75,False,False
100,90,36,21,0.35714285714285715,0.6666666666666666,19,0.19047619047619047,0.8,False,False
100,75,48,20,0.4,0.6666666666666666,17,0.2222222222222222,0.5,False,False
75,60,24,22,0.36363636363636365,0.6153846153846154,21,0.2857142857142857,1.0,False,False
75,50,24,22,0.36363636363636365,0.6153846153846154,21,0.2857142857142857,0.8571428571428571,False,False
100,75,36,21,0.35714285714285715,0.6153846153846154,19,0.19047619047619047,0.5,False,False
100,50,48,20,0.38095238095238093,0.6153846153846154,17,0.16666666666666666,0.3333333333333333,False,False
100,60,48,20,0.38095238095238093,0.6153846153846154,17,0.16666666666666666,0.3333333333333333,False,False
100,100,24,22,0.2727272727272727,0.5454545454545454,21,0.09090909090909091,1.0,False,False
100,75,72,17,0.35294117647058826,0.5454545454545454,16,0.3125,0.8571428571428571,False,False
100,60,72,17,0.35294117647058826,0.5454545454545454,16,0.3125,0.625,False,False
100,50,72,17,0.35294117647058826,0.5454545454545454,16,0.25,0.5,False,False
100,90,24,22,0.2727272727272727,0.5,21,0.09090909090909091,0.75,False,False
100,60,36,21,0.3181818181818182,0.5,19,0.19047619047619047,0.4444444444444444,False,False
100,50,36,21,0.3181818181818182,0.5,19,0.15789473684210525,0.4,False,False
100,75,24,22,0.2727272727272727,0.46153846153846156,21,0.09090909090909091,0.3333333333333333,False,False
100,60,24,22,0.2608695652173913,0.42857142857142855,21,0.09090909090909091,0.2857142857142857,False,False
100,50,24,22,0.2608695652173913,0.4,21,0.09090909090909091,0.2857142857142857,False,False
