timestamp,open,high,low,close,volume
1609113600000,0.77027,0.77139,0.76896,0.77109,5762.17
1609718400000,0.77109,0.78198,0.76419,0.77202,775650.05
1610323200000,0.7721,0.78051,0.76658,0.76828,602510.7400000001
1610928000000,0.7683,0.7782,0.76585,0.7713,524493.01
1611532800000,0.77135,0.77635,0.75915,0.76207,790022.11
1612137600000,0.76204,0.76813,0.75634,0.7678,604025.6300000001
1612742400000,0.76783,0.77712,0.76508,0.77624,403728.56
1613347200000,0.77626,0.78916,0.7724,0.7882,421041.70999999996
1613952000000,0.78819,0.80068,0.76918,0.77521,699063.53
1614556800000,0.77523,0.78379,0.76213,0.77077,768463.78
1615161600000,0.77076,0.78003,0.76211,0.77613,667904.5499999999
1615766400000,0.77617,0.78489,0.76987,0.77221,597376.5
1616371200000,0.77223,0.77561,0.75627,0.76366,475222.15
1616976000000,0.76366,0.76635,0.75315,0.76189,372269.48
1617580800000,0.7619,0.76765,0.75876,0.7621,360875.98000000004
1618185600000,0.7621,0.77606,0.75846,0.77127,401738.77
1618790400000,0.77129,0.78155,0.76902,0.7742,430925.44999999995
1619395200000,0.77421,0.78175,0.76955,0.77197,391815.65
1620000000000,0.77199,0.78621,0.76747,0.78579,422785.99
1620604800000,0.78579,0.78905,0.76879,0.7778,520119.23999999993
1621209600000,0.77778,0.78132,0.77104,0.77248,461257.74
1621814400000,0.77245,0.77955,0.76769,0.77075,382430.4000000001
1622419200000,0.77077,0.77728,0.7645,0.77408,355265.85
1623024000000,0.77408,0.77753,0.76879,0.77072,322144.34
1623628800000,0.77073,0.77255,0.74761,0.7501,540606.61
1624233600000,0.75008,0.76162,0.74771,0.75941,513096.9
1624838400000,0.7594,0.76013,0.74441,0.75176,426098.27999999997
1625443200000,0.75176,0.75985,0.74093,0.74891,578961.4400000001
1626048000000,0.7489,0.75026,0.73848,0.73877,530069.2799999999
1626652800000,0.73878,0.7399,0.7289,0.73674,521782.82000000007
1627257600000,0.73676,0.74131,0.73164,0.73411,513392.37000000005
1627862400000,0.73414,0.74263,0.73286,0.73346,391276.24
1628467200000,0.73347,0.73888,0.73155,0.73648,283367.8
1629072000000,0.73649,0.73672,0.71056,0.71378,407974.06
1629676800000,0.71379,0.73164,0.71379,0.7315,361585.39
1630281600000,0.73149,0.74775,0.7284,0.74425,372754.4
1630886400000,0.74425,0.7468,0.73446,0.7365,472133.3300000001
1631491200000,0.73648,0.73753,0.72589,0.7263,446510.52999999997
1632096000000,0.7263,0.73161,0.72196,0.72645,573509.4199999999
1632700800000,0.72646,0.73106,0.717,0.72742,647206.0599999999
1633305600000,0.72741,0.73377,0.72254,0.72939,607946.21
1633910400000,0.7294,0.74396,0.72934,0.74237,501093.95999999996
1634515200000,0.74238,0.7546,0.73781,0.74682,502400.79000000004
1635120000000,0.74679,0.7555,0.74641,0.75173,566855.82
1635724800000,0.75172,0.75357,0.73595,0.73947,546825.51
1636329600000,0.73948,0.74312,0.72761,0.73316,479012.69
1636934400000,0.73313,0.73702,0.72264,0.72306,471721.42
1637539200000,0.72305,0.72729,0.71106,0.71421,570499.08
1638144000000,0.71418,0.71727,0.69926,0.70167,706698.7099999998
1638748800000,0.70168,0.71864,0.7006,0.7165,452602.76
1639353600000,0.71649,0.72233,0.70895,0.71159,484095.17
1639958400000,0.7116,0.72513,0.70817,0.72291,383754.25
1640563200000,0.72291,0.7277,0.72051,0.72671,247780.44995605468
1641168000000,0.72669,0.72766,0.71293,0.71778,382848.85302734375
1641772800000,0.71777,0.73138,0.71483,0.72153,460105.724609375
1642377600000,0.72153,0.7276,0.71696,0.71868,494754.78369140625
1642982400000,0.71869,0.7187,0.69669,0.69959,934192.6157226562
1643587200000,0.69959,0.71678,0.69915,0.70791,665397.7814941406
1644192000000,0.70794,0.72483,0.70648,0.71439,672198.92578125
1644796800000,0.71436,0.72275,0.70857,0.71712,839266.7836914062
1645401600000,0.71715,0.72835,0.70942,0.7185,1077782.572265625
1646006400000,0.71848,0.73945,0.7167,0.73935,987121.9697265625
1646611200000,0.73934,0.74408,0.72448,0.7296,1012195.5224609375
1647216000000,0.72961,0.74174,0.71647,0.74092,723345.36328125
1647820800000,0.74093,0.75363,0.73733,0.75169,599279.6528320312
1648425600000,0.75166,0.75395,0.74555,0.7485,679768.84375
1649030400000,0.74851,0.76607,0.74259,0.7445,595496.4216308594
1649635200000,0.74449,0.74929,0.73831,0.73958,598775.3359375
1650240000000,0.73959,0.74577,0.72315,0.72316,620330.025390625
1650844800000,0.72317,0.7233,0.70544,0.70624,961705.826171875
1651449600000,0.70625,0.72657,0.70294,0.70441,1000434.9365234375
1652054400000,0.70441,0.70532,0.68284,0.69469,1246169.9912109375
1652659200000,0.69467,0.7073,0.68718,0.70609,951390.5908203125
1653264000000,0.70608,0.71665,0.70351,0.71578,804930.654296875
1653868800000,0.71579,0.72826,0.71403,0.72002,685893.9311523438
1654473600000,0.72003,0.72461,0.70148,0.70192,772323.9189453125
1655078400000,0.70192,0.70685,0.685,0.69504,1213302.7768554688
1655683200000,0.69501,0.69954,0.68687,0.69438,876242.1264648438
1656288000000,0.69433,0.69641,0.67634,0.68127,1072770.0087890625
1656892800000,0.68126,0.68943,0.67612,0.68444,998964.4501953125
1657497600000,0.6845,0.68453,0.6681,0.68128,1291810.314453125
1658102400000,0.68127,0.69769,0.67926,0.69031,1075756.162109375
1658707200000,0.69032,0.70312,0.68782,0.697,978267.30859375
1659312000000,0.697,0.70466,0.68689,0.69024,1281839.212890625
1659916800000,0.69024,0.71363,0.68974,0.71148,915573.041015625
1660521600000,0.7115,0.71246,0.68585,0.68763,1005437.173828125
1661126400000,0.68764,0.70084,0.68555,0.6864,1118291.4521484375
1661731200000,0.68641,0.69556,0.67706,0.67885,1464432.47265625
1662336000000,0.67885,0.68768,0.66985,0.68449,1282830.271484375
1662940800000,0.6845,0.69155,0.66694,0.67244,1231339.6953125
1663545600000,0.67244,0.6747,0.65092,0.65301,1421325.513671875
1664150400000,0.65302,0.65363,0.63626,0.64192,2107947.095703125
1664755200000,0.64192,0.6547,0.63415,0.63601,1702324.865234375
1665360000000,0.63601,0.63796,0.61695,0.62212,1894807.2646484375
1665964800000,0.62212,0.64104,0.62091,0.63679,1617719.44921875
1666569600000,0.63679,0.65214,0.62718,0.64,2081809.021484375
1667174400000,0.64,0.64916,0.62716,0.64383,1887353.111328125
1667779200000,0.64383,0.67162,0.6386,0.66943,1928680.0947265625
1668384000000,0.66942,0.67969,0.66334,0.66825,1982562.65625
1668988800000,0.66825,0.67804,0.6584,0.67104,1324487.6533203125
1669593600000,0.67106,0.68437,0.66396,0.68118,1709586.3984375
1670198400000,0.68118,0.68504,0.66682,0.6778,1528155.4775390625
1670803200000,0.67782,0.68927,0.66748,0.66867,1268715.1325683594
1671408000000,0.66868,0.6767,0.66286,0.67057,1070859.625
1672012800000,0.67056,0.68203,0.66785,0.68131,677856.6809765626
1672617600000,0.68124,0.68966,0.66874,0.68955,1101299.08
1673222400000,0.68955,0.69936,0.68591,0.69715,1083827.84
1673827200000,0.69714,0.70631,0.68713,0.69831,972788.9099999999
1674432000000,0.6983,0.71421,0.69615,0.71074,854394.7300000001
1675036800000,0.71075,0.71573,0.68916,0.69182,1064972.68
1675641600000,0.69179,0.70108,0.68549,0.69125,966975.69
1676246400000,0.69125,0.70294,0.68112,0.68686,1024915.3
1676851200000,0.68684,0.69203,0.67179,0.6733,871289.6299999999
1677456000000,0.67329,0.67832,0.66945,0.67532,849405.5
1678060800000,0.67533,0.67692,0.65633,0.66326,950663.6099999999
1678665600000,0.66325,0.67242,0.65894,0.67122,1430494.92
1679270400000,0.67122,0.67585,0.66246,0.66542,719341.62
1679875200000,0.66541,0.67375,0.66333,0.6658,499813.86
1680480000000,0.66581,0.67928,0.66403,0.66725,496960.1099999999
1681084800000,0.66726,0.68057,0.66181,0.67051,485062.21
1681689600000,0.67048,0.6771,0.66773,0.66906,445597.05000000005
1682294400000,0.66906,0.6705,0.65728,0.66095,412575.10000000003
1682899200000,0.66096,0.67566,0.66091,0.67464,471429.28
1683504000000,0.67466,0.68176,0.66357,0.66464,355575.98
1684108800000,0.66464,0.67092,0.66045,0.66583,359707.38999999996
1684713600000,0.66584,0.66672,0.649,0.65244,405682.92
1685318400000,0.65242,0.6638,0.64579,0.65968,379452.08
1685923200000,0.65968,0.67503,0.65788,0.67442,356768.19999999995
1686528000000,0.67443,0.68993,0.6731,0.68716,420772.44
1687132800000,0.68715,0.68775,0.66623,0.66805,439217.49
1687737600000,0.66804,0.67203,0.65948,0.66577,426527.95
1688342400000,0.66578,0.6705,0.65988,0.66875,397752.23000000004
1688947200000,0.66874,0.68946,0.66231,0.68368,478394.98000000004
1689552000000,0.68367,0.68464,0.67219,0.67248,535007.11
1690156800000,0.67249,0.68207,0.66221,0.66591,617028.12
1690761600000,0.66591,0.6739,0.65137,0.65731,542070.11
1691366400000,0.6573,0.66164,0.64855,0.64944,506802.35
1691971200000,0.64943,0.65212,0.6364,0.64137,617082.32
1692576000000,0.64137,0.64878,0.63795,0.64156,512523.1
1693180800000,0.64155,0.65218,0.64008,0.64513,554701.38
1693785600000,0.64515,0.64801,0.63567,0.63963,488198.1
1694390400000,0.63964,0.64731,0.63797,0.64393,518977.45
1694995200000,0.64391,0.65108,0.63851,0.64403,510679.57000000007
1695600000000,0.64404,0.65005,0.63309,0.64367,554806.27
1696204800000,0.64365,0.64446,0.62851,0.63685,674524.78
1696809600000,0.63688,0.64449,0.62859,0.6311,553602.63
1697414400000,0.63111,0.63929,0.62955,0.63196,599120.7699999999
1698019200000,0.63197,0.63992,0.62698,0.6338,589044.15
1698624000000,0.63381,0.65179,0.6314,0.65149,601415.4
1699228800000,0.6515,0.65226,0.63381,0.63637,531481.9199999999
1699833600000,0.63637,0.65418,0.63518,0.65102,540252.47
1700438400000,0.651,0.65906,0.65003,0.65804,488816.52
1701043200000,0.65805,0.66901,0.65663,0.66818,648128.2800000001
1701648000000,0.66818,0.66879,0.6525,0.65791,731179.2300000001
1702252800000,0.6579,0.67281,0.65392,0.66983,705355.42
1702857600000,0.66983,0.68245,0.66899,0.67838,723338.5399999999
1703462400000,0.67866,0.68706,0.67684,0.68078,463088.63999999996
1704067200000,0.68043,0.68386,0.664,0.67154,582812.8400000001
1704672000000,0.67153,0.67342,0.66466,0.66886,605569.17
1705276800000,0.66886,0.6704,0.65245,0.65946,574245.3500000001
1705881600000,0.65947,0.66206,0.65512,0.65766,683943.65
1706486400000,0.65764,0.66242,0.64872,0.65043,769719.05
1707091200000,0.65042,0.65398,0.64682,0.65242,586784.62
1707696000000,0.6524,0.65442,0.64422,0.65364,515125.76
1708300800000,0.65365,0.65946,0.6521,0.65631,465090.71
1708905600000,0.65628,0.6565,0.64866,0.65268,420497.36
1709510400000,0.65269,0.66671,0.6477,0.66241,447534.66000000003
1710115200000,0.66241,0.66383,0.65517,0.65571,561091.59
1710720000000,0.6557,0.66342,0.65036,0.65149,571779.4
1711324800000,0.6515,0.65587,0.64849,0.6533,396158.56
1711929600000,0.65332,0.66185,0.64802,0.65693,508372.62999999995
1712534400000,0.65693,0.6644,0.64555,0.6474,632715.24
1713139200000,0.64742,0.64928,0.63618,0.64247,650197.0599999999
1713744000000,0.64249,0.65537,0.6423,0.65413,448355.58999999997
1714348800000,0.65415,0.66485,0.64648,0.66081,578718.03
1714953600000,0.66081,0.66432,0.65575,0.65997,378310.54999999993
1715558400000,0.65993,0.67137,0.65786,0.6699,385565.76000000007
1716163200000,0.66991,0.67089,0.65917,0.66222,390457.27
1716768000000,0.66223,0.66794,0.65904,0.66552,469929.14
1717372800000,0.66552,0.66984,0.65753,0.65815,531129.38
1717977600000,0.65816,0.6704,0.65756,0.6612,459864.47000000003
1718582400000,0.6612,0.66789,0.65849,0.66342,343172.74
1719187200000,0.66343,0.66882,0.66195,0.66733,381063.81
1719792000000,0.66735,0.67524,0.66336,0.67458,393441.35
1720396800000,0.67456,0.67983,0.67235,0.67703,426853.26999999996
1721001600000,0.67702,0.67883,0.66797,0.66954,463697.18999999994
1721606400000,0.66952,0.66954,0.65125,0.65525,449234.0
1722211200000,0.65524,0.6568,0.64792,0.64973,524823.3300000001
1722816000000,0.64973,0.66049,0.63481,0.65683,850661.41
1723420800000,0.65682,0.6676,0.65626,0.66722,375368.04
1724025600000,0.66723,0.6798,0.66715,0.67869,342819.23999999993
1724630400000,0.6787,0.68235,0.6751,0.67676,376573.3
1725235200000,0.67675,0.67944,0.66594,0.66693,424325.97
1725840000000,0.66692,0.67322,0.66217,0.67132,385701.13
1726444800000,0.67132,0.68389,0.67054,0.68095,414354.6
1727049600000,0.68096,0.69368,0.67999,0.69182,399867.61999999994
1727654400000,0.69185,0.69418,0.67851,0.67974,451059.00999999995
1728259200000,0.67972,0.68099,0.66993,0.67301,457549.6
1728864000000,0.67301,0.67446,0.6657,0.67134,359535.15
1729468800000,0.67136,0.6723,0.66007,0.66025,362209.29000000004
1730073600000,0.66024,0.66125,0.65364,0.65904,392232.03
1730678400000,0.65904,0.66874,0.65119,0.65836,909526.1699999999
1731283200000,0.65835,0.65979,0.64401,0.64644,910770.6100000001
1731888000000,0.64645,0.65482,0.64475,0.65389,853230.9099999999
1732492800000,0.65388,0.65494,0.64334,0.65013,760392.86
1733097600000,0.65011,0.65104,0.63723,0.63991,760387.68
1733702400000,0.6399,0.6471,0.63363,0.63665,698885.67
1734307200000,0.63664,0.63823,0.61985,0.62541,683530.83
1734912000000,0.62541,0.62646,0.61999,0.62243,390994.51999999996
1735516800000,0.62245,0.62464,0.61785,0.62203,460426.21
1736121600000,0.62205,0.63018,0.61389,0.61531,691897.72
1736726400000,0.61531,0.62461,0.61306,0.6197,596195.76
1737331200000,0.6197,0.63303,0.61964,0.6293,654667.9
1737936000000,0.62932,0.63074,0.61369,0.61411,673965.53
1738540800000,0.61411,0.63004,0.60873,0.62574,623843.28
1739145600000,0.62573,0.63672,0.62347,0.6356,460889.5300000001
1739750400000,0.63559,0.6408,0.63273,0.63684,378541.73
1740355200000,0.63685,0.63916,0.61922,0.62195,551447.7999999999
1740960000000,0.62194,0.63634,0.61867,0.63025,805637.5599999999
1741564800000,0.63027,0.63334,0.62584,0.63249,581972.2000000001
1742169600000,0.63249,0.63905,0.62575,0.62884,434932.81
1742774400000,0.62885,0.63301,0.62672,0.62819,411702.65
1743379200000,0.62819,0.63887,0.59319,0.59861,877888.4199999999
1743984000000,0.59862,0.63055,0.59132,0.63002,1783087.64
1744588800000,0.63003,0.63934,0.62747,0.63893,1109573.6300000001
1745193600000,0.63891,0.64389,0.63432,0.63818,569093.4199999999
1745798400000,0.6382,0.64695,0.63554,0.64433,485308.69
1746403200000,0.64435,0.65141,0.63703,0.64186,478276.02999999997
1747008000000,0.64188,0.65007,0.63535,0.64087,502749.65
1747612800000,0.64088,0.65063,0.63912,0.65014,466121.00999999995
1748217600000,0.65013,0.6537,0.64067,0.64424,438446.06999999995
1748822400000,0.64425,0.65375,0.6442,0.64982,417875.87
1749427200000,0.64984,0.65455,0.64559,0.64915,434986.49
1750032000000,0.64916,0.65516,0.64145,0.64454,447423.2
1750636800000,0.64454,0.65635,0.6372,0.65316,495791.18
1751241600000,0.65314,0.65899,0.65224,0.65497,453878.95
1751846400000,0.65497,0.65947,0.64849,0.65748,453100.98
1752451200000,0.65746,0.65871,0.64539,0.65119,466644.64
1753056000000,0.65119,0.66247,0.64975,0.65704,329366.01
1753660800000,0.65706,0.65854,0.64185,0.64687,524835.59
1754265600000,0.64684,0.65409,0.64493,0.6516,348377.60000000003
1754870400000,0.65161,0.65684,0.64814,0.65119,449613.98
1755475200000,0.65117,0.65239,0.64068,0.64841,364952.87
1756080000000,0.64843,0.65482,0.6462,0.65427,344271.43999999994
1756684800000,0.65426,0.65884,0.64826,0.65544,414156.95
1757289600000,0.65545,0.66685,0.65476,0.66484,363695.95999999996
1757894400000,0.66484,0.67065,0.65824,0.65882,440662.44
1758499200000,0.65879,0.66276,0.652,0.65515,387492.69000000006
1759104000000,0.65514,0.66286,0.65472,0.65934,461771.96
1759708800000,0.65937,0.6624,0.64696,0.64974,487821.80000000005
1760313600000,0.64974,0.65325,0.64399,0.65007,521594.25999999995
1760918400000,0.65006,0.65435,0.64724,0.65332,406942.58
1761523200000,0.65332,0.66172,0.65278,0.65448,495476.45999999996
1762128000000,0.65449,0.65622,0.64583,0.65017,420243.14
1762732800000,0.65016,0.65799,0.64955,0.65322,392459.17
1763337600000,0.65324,0.65371,0.6421,0.64612,544540.77
1763942400000,0.6461,0.65588,0.64358,0.6551,537902.17
1764547200000,0.65508,0.66485,0.65361,0.66343,386812.86000000004
1765152000000,0.66346,0.66855,0.66078,0.6647,438797.12
1765756800000,0.66471,0.66608,0.6592,0.66119,476764.41000000003
1766361600000,0.66119,0.67243,0.66102,0.67142,310672.51
1766966400000,0.6714,0.67271,0.66593,0.66832,341626.02
1767571200000,0.66834,0.67661,0.66626,0.66856,417983.77
1768176000000,0.66854,0.67269,0.66667,0.66875,406387.0
1768780800000,0.66873,0.69321,0.66763,0.69138,488784.17
1769385600000,0.6914,0.70938,0.6901,0.69434,842187.96
1769990400000,0.69437,0.705,0.68967,0.70354,889547.1299999999
1770595200000,0.70354,0.71467,0.70134,0.70711,694962.38
1771200000000,0.70711,0.71116,0.7015,0.71115,587593.76
1771804800000,0.71113,0.71362,0.70263,0.70557,596337.94
1772409600000,0.70556,0.71224,0.69437,0.69684,1429422.9
1773014400000,0.69682,0.7187,0.69559,0.70044,1184370.17
1773619200000,0.70045,0.7123,0.69942,0.70097,950861.9700000001
1774224000000,0.70097,0.70621,0.68458,0.68499,1264213.7100000002
1774828800000,0.68501,0.69632,0.68329,0.68845,875728.7699999999
1775433600000,0.68842,0.70944,0.6884,0.70191,804173.1299999999
1776038400000,0.70191,0.72214,0.70162,0.71343,618397.72
1776643200000,0.71344,0.71854,0.71106,0.71419,670391.2
1777248000000,0.71422,0.72275,0.71011,0.7209,767962.5499999999
1777852800000,0.7209,0.72772,0.71353,0.72338,719214.86
1778457600000,0.72339,0.72713,0.71274,0.71293,594154.5
1779062400000,0.71293,0.7184,0.70789,0.71564,709024.14
1779667200000,0.71563,0.72001,0.70973,0.71797,453118.33999999997
1780272000000,0.71797,0.719,0.70195,0.70423,523578.34
1780876800000,0.70423,0.70878,0.69784,0.70745,1087898.82
1781481600000,0.70745,0.70881,0.69889,0.7002,546914.66
1782086400000,0.7002,0.70188,0.68749,0.68955,656467.83
1782691200000,0.68954,0.69493,0.68648,0.69361,892097.9900000001
1783296000000,0.69359,0.69693,0.6906,0.69414,779354.0900000001
1783900800000,0.69416,0.7021,0.69102,0.69783,912173.9300000002
1784505600000,0.69784,0.70264,0.69598,0.69936,728104.6
1785110400000,0.69935,0.70495,0.69219,0.7045,961176.4700000001
1785715200000,0.70451,0.70774,0.69835,0.70614,661463.37
1786320000000,0.70615,0.70955,0.70388,0.70846,498675.07999999996
1786924800000,0.70847,0.71799,0.70665,0.71709,528200.18
1787529600000,0.71711,0.72075,0.71373,0.71585,454782.91
1788134400000,0.71589,0.72142,0.7121,0.72059,551283.3099999999
1788739200000,0.72062,0.72374,0.71496,0.71511,522730.43
1789344000000,0.7151,0.71563,0.70745,0.71212,511329.95
1789948800000,0.71213,0.714,0.70036,0.70085,633029.53
1790553600000,0.70085,0.7039,0.69034,0.6928,900102.09
